hhid,eligible_members,formal_savers,informal_savers,savings_responses,savings_answered,savings_target,bank_access_count,mobile_money_access_count,assisted_banking_count,any_bank_access,any_mobile_money_access,any_assisted_banking,household_size,members_with_age,head_indiv,head_sex_code,head_age,state_code,lga_code,zone_code,urban_rural_code,state_name,working_age_members,members_any_work,members_income_activity,members_helped_income_activity,reported_main_job_earnings,total_reported_main_job_earnings,employment_rate,digital_age10_members,mobile_access_count,internet_access_count,any_mobile_access,any_internet_access,asset_items_listed,asset_types_owned,total_units_owned,total_current_asset_value,income_source_types_listed,income_source_types_received,total_reported_income_sources
10001,4,3,0,4,4,1,3,3,3,1,1,1,7.0,7.0,1.0,1.0,63.0,1.0,115.0,4.0,1.0,Abia,7,2,0,0,2,120000.0,0.2857142857142857,6,4,4,1,1,42,10,22.0,513000.0,7,0,0.0
10002,4,0,3,4,4,1,4,4,0,1,1,0,6.0,6.0,1.0,1.0,56.0,1.0,115.0,4.0,1.0,Abia,6,2,0,0,2,330000.0,0.3333333333333333,6,6,6,1,1,42,12,30.0,1101800.0,7,1,80000.0
10004,3,0,3,3,3,1,3,1,0,1,1,0,3.0,3.0,1.0,1.0,76.0,1.0,115.0,4.0,1.0,Abia,3,0,0,0,0,0.0,0.0,3,3,3,1,1,42,13,27.0,1085000.0,7,1,28600.0
10005,5,2,0,5,5,1,2,2,2,1,1,1,6.0,6.0,1.0,1.0,56.0,1.0,115.0,4.0,1.0,Abia,6,2,0,0,2,380000.0,0.3333333333333333,6,2,2,1,1,42,15,28.0,1306000.0,7,0,0.0
10008,5,2,0,5,5,1,5,5,0,1,1,0,7.0,7.0,1.0,1.0,68.0,1.0,115.0,4.0,1.0,Abia,7,3,0,0,3,270000.0,0.42857142857142855,7,5,5,1,1,42,9,20.0,322000.0,7,1,10000.0
10009,2,2,1,2,2,1,2,2,2,1,1,1,6.0,6.0,1.0,1.0,49.0,1.0,105.0,4.0,2.0,Abia,6,2,0,0,2,475000.0,0.3333333333333333,4,3,3,1,1,42,16,36.0,1374000.0,7,0,0.0
10010,3,3,0,3,3,1,3,3,0,1,1,0,3.0,3.0,1.0,1.0,72.0,1.0,115.0,4.0,1.0,Abia,3,1,0,0,1,100000.0,0.3333333333333333,3,3,3,1,1,42,13,29.0,1875500.0,7,1,164000.0
10031,4,2,0,4,4,1,2,2,2,1,1,1,5.0,5.0,1.0,1.0,53.0,1.0,111.0,4.0,1.0,Abia,5,2,0,0,2,55000.0,0.4,5,2,2,1,1,42,13,21.0,440000.0,7,0,0.0
10032,4,0,4,4,4,1,4,2,0,1,1,0,4.0,4.0,1.0,1.0,56.0,1.0,111.0,4.0,1.0,Abia,4,4,0,0,4,110000.0,1.0,4,4,4,1,1,42,13,23.0,306500.0,7,0,0.0
10033,1,1,1,1,1,1,1,0,0,1,0,0,2.0,2.0,2.0,2.0,55.0,1.0,111.0,4.0,1.0,Abia,2,1,0,0,1,3000.0,0.5,2,2,0,1,0,42,9,13.0,89000.0,7,1,15000.0
10034,2,1,1,2,2,1,2,1,0,1,1,0,3.0,3.0,2.0,2.0,59.0,1.0,111.0,4.0,1.0,Abia,3,2,0,0,2,2000.0,0.6666666666666666,2,2,1,1,1,42,14,17.0,134000.0,7,0,0.0
10035,2,1,0,2,2,1,2,2,1,1,1,1,2.0,2.0,1.0,1.0,73.0,1.0,111.0,4.0,1.0,Abia,2,1,0,0,1,10000.0,0.5,2,2,1,1,1,42,10,13.0,151800.0,7,0,0.0
10036,3,3,0,3,3,1,3,2,3,1,1,1,4.0,4.0,1.0,1.0,70.0,1.0,111.0,4.0,1.0,Abia,4,2,0,0,2,55000.0,0.5,3,3,3,1,1,42,9,13.0,152500.0,7,0,0.0
10037,1,0,0,1,1,0,0,0,0,0,0,0,1.0,1.0,1.0,2.0,75.0,1.0,111.0,4.0,1.0,Abia,1,1,0,0,1,8000.0,1.0,1,0,0,0,0,42,4,4.0,38000.0,7,1,5000.0
10038,2,2,0,2,2,1,2,2,0,1,1,0,2.0,2.0,1.0,1.0,64.0,1.0,111.0,4.0,1.0,Abia,2,0,1,0,1,20000.0,0.0,2,2,1,1,1,42,7,13.0,430000.0,7,1,2000.0
10040,1,0,0,1,1,0,1,1,0,1,1,0,1.0,1.0,1.0,1.0,44.0,10.0,1015.0,5.0,1.0,Delta,1,1,0,0,1,30000.0,1.0,1,1,1,1,1,42,13,16.0,595000.0,7,0,0.0
10051,2,2,0,2,2,1,2,2,2,1,1,1,5.0,5.0,2.0,1.0,48.0,1.0,102.0,4.0,1.0,Abia,4,2,0,0,2,200000.0,0.5,3,3,3,1,1,42,14,26.0,270500.0,7,0,0.0
10052,4,0,0,4,4,0,3,0,0,1,0,0,7.0,7.0,1.0,1.0,51.0,14.0,1412.0,4.0,2.0,Enugu,7,2,0,0,2,90000.0,0.2857142857142857,6,5,2,1,1,42,11,17.0,121000.0,7,0,0.0
10053,2,0,2,2,2,1,2,0,0,1,0,0,,,,,,,,,,,3,2,0,0,2,52000.0,0.6666666666666666,2,2,2,1,1,42,12,16.0,222500.0,7,0,0.0
10054,5,5,3,5,5,1,5,4,4,1,1,1,9.0,9.0,1.0,1.0,75.0,1.0,102.0,4.0,1.0,Abia,8,3,0,0,3,255000.0,0.375,6,6,5,1,1,42,20,53.0,843000.0,7,1,30000.0
10055,4,2,0,4,4,1,2,0,0,1,0,0,5.0,5.0,1.0,1.0,60.0,1.0,102.0,4.0,1.0,Abia,5,2,0,0,2,30000.0,0.4,5,3,2,1,1,42,16,30.0,543500.0,7,0,0.0
10056,3,2,2,3,3,1,2,2,2,1,1,1,4.0,4.0,201.0,1.0,42.0,1.0,102.0,4.0,1.0,Abia,4,0,0,0,0,0.0,0.0,3,3,1,1,1,42,10,12.0,293200.0,7,0,0.0
10057,6,1,3,6,6,1,4,0,0,1,0,0,6.0,6.0,701.0,1.0,65.0,1.0,102.0,4.0,1.0,Abia,6,5,0,0,5,26500.0,0.8333333333333334,6,6,3,1,1,42,14,22.0,181000.0,7,0,0.0
10058,2,1,1,2,2,1,1,0,0,1,0,0,3.0,3.0,1.0,1.0,80.0,1.0,102.0,4.0,1.0,Abia,3,1,0,0,1,25000.0,0.3333333333333333,2,1,0,1,0,42,6,12.0,67800.0,7,1,500000.0
10059,2,2,1,2,2,1,2,2,0,1,1,0,1.0,1.0,3.0,1.0,28.0,1.0,115.0,4.0,1.0,Abia,2,2,0,0,2,6500.0,1.0,2,2,2,1,1,42,8,12.0,125500.0,7,0,0.0
10060,3,2,2,3,3,1,3,0,0,1,0,0,4.0,4.0,1.0,1.0,65.0,1.0,102.0,4.0,1.0,Abia,4,3,0,0,3,71000.0,0.75,4,4,3,1,1,42,11,20.0,93300.0,7,0,0.0
10061,6,4,4,6,6,1,4,4,4,1,1,1,8.0,8.0,1.0,1.0,47.0,1.0,107.0,4.0,2.0,Abia,8,5,0,0,4,60000.0,0.625,8,8,2,1,1,42,9,21.0,202600.0,7,0,0.0
10062,1,0,0,1,1,0,0,0,0,0,0,0,1.0,1.0,1.0,2.0,68.0,1.0,107.0,4.0,2.0,Abia,1,1,0,0,0,0.0,1.0,1,1,0,1,0,42,4,8.0,28500.0,7,0,0.0
10063,4,0,3,4,4,1,1,0,0,1,0,0,6.0,6.0,6.0,1.0,60.0,1.0,107.0,4.0,2.0,Abia,5,4,0,0,4,30000.0,0.8,4,2,0,1,0,42,7,14.0,56000.0,7,0,0.0
10064,3,0,0,3,3,0,2,0,0,1,0,0,3.0,3.0,1.0,1.0,72.0,1.0,107.0,4.0,2.0,Abia,3,3,0,0,3,60000.0,1.0,3,2,1,1,1,42,7,12.0,76500.0,7,0,0.0
10065,1,1,1,1,1,1,1,0,0,1,0,0,1.0,1.0,2.0,2.0,59.0,1.0,106.0,4.0,1.0,Abia,2,1,0,0,1,3000.0,0.5,1,1,0,1,0,42,8,10.0,59500.0,7,1,7000.0
10066,1,0,1,1,1,1,0,0,0,0,0,0,1.0,1.0,2.0,2.0,59.0,1.0,107.0,4.0,2.0,Abia,1,1,0,0,1,10000.0,1.0,1,1,0,1,0,42,6,16.0,54500.0,7,0,0.0
10067,2,0,1,2,2,1,0,0,0,0,0,0,2.0,2.0,1.0,1.0,81.0,1.0,107.0,4.0,2.0,Abia,3,1,0,0,1,40000.0,0.3333333333333333,3,2,0,1,0,42,6,14.0,82200.0,7,0,0.0
10068,2,2,2,2,2,1,2,1,2,1,1,1,6.0,6.0,3.0,1.0,38.0,1.0,114.0,4.0,2.0,Abia,4,2,0,0,1,10000.0,0.5,2,2,1,1,1,42,7,7.0,154000.0,7,0,0.0
10069,3,2,3,3,3,1,2,0,0,1,0,0,4.0,4.0,1.0,2.0,99.0,1.0,107.0,4.0,2.0,Abia,4,2,0,0,1,50000.0,0.5,4,3,0,1,0,42,6,16.0,71800.0,7,0,0.0
10070,2,1,1,2,2,1,1,0,0,1,0,0,3.0,3.0,2.0,2.0,56.0,1.0,107.0,4.0,2.0,Abia,3,1,0,0,0,0.0,0.3333333333333333,3,3,0,1,0,42,7,12.0,84800.0,7,0,0.0
10072,4,4,0,4,4,1,4,4,2,1,1,1,5.0,5.0,1.0,1.0,52.0,1.0,117.0,4.0,2.0,Abia,6,4,0,0,4,100000.0,0.6666666666666666,6,4,4,1,1,42,4,7.0,21500.0,7,0,0.0
10073,2,0,0,2,2,0,0,0,0,0,0,0,2.0,2.0,1.0,2.0,59.0,1.0,117.0,4.0,2.0,Abia,2,1,0,0,1,8000.0,0.5,2,2,0,1,0,42,3,5.0,8500.0,7,0,0.0
10074,2,0,2,2,2,1,2,0,0,1,0,0,4.0,4.0,2.0,1.0,50.0,1.0,117.0,4.0,2.0,Abia,4,2,0,0,2,9000.0,0.5,4,4,0,1,0,42,7,12.0,48000.0,7,0,0.0
10075,2,1,0,2,2,1,1,1,1,1,1,1,1.0,1.0,1.0,2.0,78.0,1.0,117.0,4.0,2.0,Abia,2,2,0,0,2,38500.0,1.0,2,1,1,1,1,42,6,9.0,35700.0,7,0,0.0
10076,3,2,0,3,3,1,2,2,0,1,1,0,3.0,3.0,2.0,2.0,58.0,1.0,117.0,4.0,2.0,Abia,3,2,0,0,1,0.0,0.6666666666666666,3,3,1,1,1,42,5,9.0,78500.0,7,2,60000.0
10077,1,0,1,1,1,1,1,0,0,1,0,0,1.0,1.0,2.0,1.0,42.0,1.0,117.0,4.0,2.0,Abia,1,1,0,0,1,2000.0,1.0,1,1,0,1,0,42,4,5.0,17000.0,7,0,0.0
10078,5,2,0,5,5,1,2,3,0,1,1,0,5.0,5.0,1301.0,1.0,58.0,1.0,117.0,4.0,2.0,Abia,5,2,0,0,2,45000.0,0.4,5,2,1,1,1,42,5,9.0,105500.0,7,1,10000.0
10079,2,2,0,2,2,1,2,2,0,1,1,0,1.0,1.0,2.0,2.0,62.0,1.0,117.0,4.0,2.0,Abia,4,0,0,0,1,20000.0,0.0,2,2,1,1,1,42,11,25.0,256500.0,7,2,70000.0
10080,2,1,2,2,2,1,2,0,1,1,0,1,2.0,2.0,1.0,2.0,62.0,1.0,117.0,4.0,2.0,Abia,2,2,0,0,2,25000.0,1.0,2,2,0,1,0,42,4,8.0,22800.0,7,0,0.0
10091,2,0,0,2,2,0,1,2,2,1,1,1,2.0,2.0,2.0,2.0,79.0,1.0,105.0,4.0,2.0,Abia,2,2,0,0,2,7000.0,1.0,2,2,2,1,1,42,10,19.0,180000.0,7,0,0.0
10092,3,1,1,3,3,1,1,0,1,1,0,1,7.0,7.0,1.0,2.0,71.0,1.0,105.0,4.0,2.0,Abia,7,6,0,0,6,10000.0,0.8571428571428571,6,6,1,1,1,42,9,14.0,45500.0,7,1,55000.0
10094,6,2,3,6,6,1,4,2,0,1,1,0,8.0,8.0,1.0,1.0,57.0,1.0,105.0,4.0,2.0,Abia,8,6,0,0,6,60000.0,0.75,8,8,3,1,1,42,13,22.0,94000.0,7,0,0.0
10096,4,2,2,4,4,1,3,2,0,1,1,0,4.0,4.0,3.0,2.0,75.0,1.0,105.0,4.0,2.0,Abia,4,1,0,0,1,2000.0,0.25,4,4,2,1,1,42,7,11.0,89500.0,7,0,0.0
10097,5,1,0,5,5,1,1,3,1,1,1,1,7.0,7.0,1302.0,1.0,45.0,1.0,105.0,4.0,2.0,Abia,8,5,0,0,5,90000.0,0.625,7,4,2,1,1,42,5,12.0,19000.0,7,0,0.0
10099,1,1,0,1,1,1,1,1,0,1,1,0,,,,,,,,,,,1,1,0,0,0,0.0,1.0,1,1,0,1,0,42,6,10.0,81000.0,7,1,5000.0
10100,2,1,0,2,2,1,1,1,0,1,1,0,2.0,2.0,1.0,1.0,90.0,1.0,105.0,4.0,2.0,Abia,3,1,0,0,1,12000.0,0.3333333333333333,3,1,0,1,0,42,4,7.0,25500.0,7,1,15000.0
10102,1,0,0,1,1,0,0,0,1,0,0,1,1.0,1.0,1.0,2.0,79.0,1.0,108.0,4.0,2.0,Abia,1,1,0,0,1,5000.0,1.0,1,0,0,0,0,42,3,4.0,14500.0,7,0,0.0
10103,4,1,3,4,4,1,3,1,0,1,1,0,7.0,7.0,1.0,1.0,84.0,1.0,108.0,4.0,2.0,Abia,6,2,0,0,2,65000.0,0.3333333333333333,5,5,2,1,1,42,13,20.0,117500.0,7,0,0.0
10104,2,0,0,2,2,0,1,0,1,1,0,1,2.0,2.0,1.0,2.0,92.0,1.0,108.0,4.0,2.0,Abia,2,1,0,0,1,0.0,0.5,2,1,0,1,0,42,2,4.0,7500.0,7,0,0.0
10105,4,0,1,4,4,1,4,2,0,1,1,0,4.0,4.0,1.0,2.0,44.0,1.0,108.0,4.0,2.0,Abia,4,2,0,0,2,7000.0,0.5,4,4,3,1,1,42,5,11.0,42000.0,7,0,0.0
10106,6,2,2,6,6,1,3,3,4,1,1,1,5.0,5.0,1.0,2.0,71.0,1.0,108.0,4.0,2.0,Abia,6,4,0,0,4,16500.0,0.6666666666666666,6,5,3,1,1,42,5,10.0,86000.0,7,0,0.0
10107,3,1,1,3,3,1,2,2,3,1,1,1,1.0,1.0,1.0,1.0,91.0,1.0,108.0,4.0,2.0,Abia,3,1,0,0,1,4000.0,0.3333333333333333,3,3,3,1,1,42,6,12.0,208000.0,7,0,0.0
10108,2,2,0,2,2,1,2,2,0,1,1,0,6.0,6.0,4.0,1.0,55.0,1.0,108.0,4.0,2.0,Abia,6,3,0,0,0,0.0,0.5,4,2,0,1,0,42,3,6.0,16400.0,7,1,6000.0
10109,5,5,0,5,5,1,5,5,0,1,1,0,4.0,4.0,1.0,1.0,60.0,1.0,108.0,4.0,2.0,Abia,5,4,0,0,4,100000.0,0.8,5,5,4,1,1,42,17,45.0,505000.0,7,1,50000.0
10110,3,0,0,3,3,0,0,2,2,0,1,1,5.0,5.0,1.0,2.0,65.0,1.0,108.0,4.0,2.0,Abia,5,3,0,0,2,22000.0,0.6,4,2,1,1,1,42,9,14.0,203200.0,7,1,10000.0
19001,2,2,0,2,2,1,2,2,2,1,1,1,3.0,3.0,1.0,2.0,54.0,1.0,102.0,4.0,1.0,Abia,3,1,0,0,1,55000.0,0.3333333333333333,2,2,2,1,1,42,12,24.0,153500.0,7,0,0.0
19002,4,2,0,4,4,1,2,2,2,1,1,1,5.0,5.0,2.0,2.0,41.0,1.0,102.0,4.0,1.0,Abia,5,1,0,0,1,20000.0,0.2,4,2,2,1,1,42,9,19.0,109000.0,7,0,0.0
19005,3,2,0,3,3,1,2,2,2,1,1,1,5.0,5.0,1.0,1.0,55.0,1.0,102.0,4.0,1.0,Abia,5,2,0,0,2,115000.0,0.4,5,2,2,1,1,42,14,21.0,158500.0,7,0,0.0
19006,3,1,2,3,3,1,2,0,0,1,0,0,4.0,4.0,1.0,1.0,46.0,1.0,102.0,4.0,1.0,Abia,4,3,0,0,3,17000.0,0.75,3,3,2,1,1,42,12,17.0,161800.0,7,0,0.0
19007,1,0,1,1,1,1,1,0,0,1,0,0,1.0,1.0,1.0,1.0,36.0,1.0,102.0,4.0,1.0,Abia,1,1,0,0,1,2000.0,1.0,1,1,1,1,1,42,5,6.0,54000.0,7,0,0.0
19008,3,1,1,3,3,1,3,0,0,1,0,0,4.0,4.0,1.0,1.0,49.0,1.0,102.0,4.0,1.0,Abia,4,1,0,0,1,5000.0,0.25,3,3,3,1,1,42,9,12.0,382000.0,7,0,0.0
19010,3,2,0,3,3,1,2,2,0,1,1,0,3.0,3.0,1.0,2.0,49.0,1.0,102.0,4.0,1.0,Abia,3,0,1,0,1,10000.0,0.0,3,2,1,1,1,42,6,8.0,63000.0,7,2,7500.0
19012,2,2,0,2,2,1,2,2,0,1,1,0,2.0,2.0,1.0,1.0,32.0,1.0,102.0,4.0,1.0,Abia,2,0,2,0,2,35000.0,0.0,2,2,2,1,1,42,13,22.0,208500.0,7,0,0.0
19015,2,0,2,2,2,1,2,0,1,1,0,1,6.0,6.0,1.0,1.0,44.0,1.0,102.0,4.0,1.0,Abia,6,2,0,0,2,30000.0,0.3333333333333333,4,0,1,0,1,42,7,9.0,108500.0,7,0,0.0
19017,4,0,2,4,4,1,2,0,0,1,0,0,8.0,8.0,1.0,1.0,48.0,14.0,1412.0,4.0,1.0,Enugu,8,2,0,0,2,30000.0,0.25,6,3,1,1,1,42,7,13.0,509000.0,7,0,0.0
19018,4,1,2,4,4,1,0,0,0,0,0,0,5.0,5.0,1.0,2.0,66.0,1.0,102.0,4.0,1.0,Abia,5,1,0,0,1,70000.0,0.2,5,5,3,1,1,42,9,17.0,192800.0,7,0,0.0
19019,2,0,0,2,2,0,0,0,0,0,0,0,5.0,5.0,1.0,1.0,36.0,4.0,402.0,4.0,1.0,Anambra,2,2,0,0,2,10000.0,1.0,2,2,0,1,0,42,12,18.0,159000.0,7,0,0.0
19020,2,0,1,2,2,1,2,0,0,1,0,0,6.0,6.0,1.0,1.0,52.0,1.0,102.0,4.0,1.0,Abia,5,2,0,0,2,11000.0,0.4,4,2,0,1,0,42,10,11.0,109500.0,7,0,0.0
19023,4,0,0,4,4,0,4,0,2,1,0,1,4.0,4.0,6.0,1.0,38.0,1.0,102.0,4.0,1.0,Abia,4,3,0,0,3,43500.0,0.75,4,3,3,1,1,42,11,25.0,286000.0,7,0,0.0
19024,4,2,2,4,4,1,2,0,0,1,0,0,5.0,5.0,1.0,1.0,59.0,1.0,102.0,4.0,1.0,Abia,6,2,0,0,2,17000.0,0.3333333333333333,6,3,0,1,0,42,11,21.0,243500.0,7,0,0.0
19025,5,4,4,5,5,1,4,5,2,1,1,1,5.0,5.0,1.0,1.0,64.0,1.0,102.0,4.0,1.0,Abia,5,3,0,0,3,60000.0,0.6,5,5,5,1,1,42,19,37.0,1354000.0,7,1,180000.0
19026,4,2,3,4,4,1,2,4,3,1,1,1,4.0,4.0,2.0,2.0,52.0,1.0,102.0,4.0,1.0,Abia,4,4,0,0,4,107000.0,1.0,4,4,2,1,1,42,11,19.0,175000.0,7,1,800000.0
19029,1,1,1,1,1,1,1,1,1,1,1,1,1.0,1.0,1.0,2.0,62.0,1.0,102.0,4.0,1.0,Abia,1,1,0,0,1,30000.0,1.0,1,1,0,1,0,42,12,16.0,238700.0,7,2,71000.0
19031,4,0,1,4,4,1,2,1,0,1,1,0,5.0,5.0,1.0,1.0,73.0,1.0,102.0,4.0,1.0,Abia,5,1,0,0,1,20000.0,0.2,4,4,0,1,0,42,13,20.0,280900.0,7,0,0.0
19032,4,1,2,4,4,1,2,0,0,1,0,0,6.0,6.0,1.0,1.0,55.0,1.0,102.0,4.0,1.0,Abia,5,2,0,0,2,50000.0,0.4,5,2,2,1,1,42,15,20.0,339500.0,7,0,0.0
19033,4,2,2,4,4,1,4,0,1,1,0,1,4.0,4.0,1.0,1.0,73.0,1.0,102.0,4.0,1.0,Abia,5,2,0,0,2,44000.0,0.4,5,4,4,1,1,42,12,25.0,310800.0,7,0,0.0
19035,5,3,2,5,5,1,3,2,0,1,1,0,3.0,3.0,1.0,1.0,45.0,1.0,102.0,4.0,1.0,Abia,5,2,0,0,2,185000.0,0.4,5,5,4,1,1,42,18,41.0,848500.0,7,2,165000.0
19036,2,2,2,2,2,1,2,2,0,1,1,0,5.0,5.0,1.0,1.0,53.0,1.0,102.0,4.0,1.0,Abia,5,2,0,0,2,100000.0,0.4,4,3,2,1,1,42,13,25.0,454000.0,7,0,0.0
19037,3,2,1,3,3,1,2,2,2,1,1,1,4.0,4.0,5.0,1.0,62.0,1.0,104.0,4.0,2.0,Abia,4,1,0,0,1,85000.0,0.25,4,2,2,1,1,42,12,14.0,299500.0,7,0,0.0
19038,1,0,1,1,1,1,0,0,1,0,0,1,2.0,2.0,1.0,2.0,76.0,1.0,104.0,4.0,2.0,Abia,2,2,0,0,2,3500.0,1.0,1,1,0,1,0,42,4,7.0,23000.0,7,0,0.0
19039,2,1,1,2,2,1,2,2,0,1,1,0,1.0,1.0,3.0,1.0,30.0,1.0,104.0,4.0,2.0,Abia,2,2,0,0,2,30000.0,1.0,2,1,0,1,0,42,5,7.0,51500.0,7,1,5000.0
19040,2,1,0,2,2,1,2,2,0,1,1,0,1.0,1.0,1.0,1.0,35.0,1.0,104.0,4.0,2.0,Abia,2,1,0,0,1,15000.0,0.5,2,2,0,1,0,42,5,8.0,49000.0,7,1,10000.0
19041,1,1,1,1,1,1,1,0,0,1,0,0,1.0,1.0,1.0,1.0,38.0,1.0,104.0,4.0,2.0,Abia,1,1,0,0,1,4000.0,1.0,1,1,0,1,0,42,8,11.0,84000.0,7,0,0.0
19043,1,0,0,1,1,0,0,0,0,0,0,0,1.0,1.0,1.0,2.0,64.0,1.0,104.0,4.0,2.0,Abia,1,1,0,0,1,4000.0,1.0,1,1,0,1,0,42,3,3.0,18000.0,7,0,0.0
19044,1,0,0,1,1,0,1,1,0,1,1,0,1.0,1.0,101.0,1.0,24.0,1.0,104.0,4.0,2.0,Abia,1,1,0,0,1,12000.0,1.0,1,1,1,1,1,42,12,13.0,303000.0,7,1,20000.0
19045,2,2,1,2,2,1,2,2,1,1,1,1,3.0,3.0,2.0,2.0,43.0,1.0,104.0,4.0,2.0,Abia,4,1,0,0,1,5000.0,0.25,2,2,2,1,1,42,10,12.0,239000.0,7,0,0.0
19047,2,1,0,2,2,1,1,2,2,1,1,1,3.0,3.0,1.0,1.0,65.0,1.0,104.0,4.0,2.0,Abia,3,2,0,0,2,45000.0,0.6666666666666666,2,2,2,1,1,42,11,21.0,124000.0,7,0,0.0
19048,4,0,1,4,4,1,1,0,0,1,0,0,2.0,2.0,1.0,2.0,75.0,1.0,104.0,4.0,2.0,Abia,7,3,0,0,1,39000.0,0.42857142857142855,6,5,2,1,1,42,10,15.0,54700.0,7,0,0.0
19049,2,0,2,2,2,1,0,0,2,0,0,1,6.0,6.0,1.0,1.0,37.0,1.0,104.0,4.0,2.0,Abia,5,2,0,0,2,9000.0,0.4,2,2,0,1,0,42,6,8.0,40000.0,7,0,0.0
19050,2,2,2,2,2,1,1,1,1,1,1,1,5.0,5.0,1.0,1.0,40.0,1.0,104.0,4.0,2.0,Abia,5,1,1,0,2,3800.0,0.2,3,2,1,1,1,42,5,7.0,40000.0,7,0,0.0
19051,3,1,0,3,3,1,1,2,2,1,1,1,3.0,3.0,5101.0,1.0,70.0,1.0,104.0,4.0,2.0,Abia,4,4,0,0,3,53000.0,1.0,3,2,0,1,0,42,6,10.0,33000.0,7,1,52000.0
19052,6,2,1,6,6,1,5,5,5,1,1,1,6.0,6.0,1.0,1.0,65.0,1.0,104.0,4.0,2.0,Abia,6,1,0,0,1,48500.0,0.16666666666666666,6,5,5,1,1,42,7,10.0,353000.0,7,0,0.0
19054,1,1,0,1,1,1,1,1,0,1,1,0,1.0,1.0,2.0,2.0,63.0,1.0,104.0,4.0,2.0,Abia,1,1,0,0,1,10000.0,1.0,1,1,1,1,1,42,14,30.0,525600.0,7,3,130000.0
19055,4,3,1,4,4,1,2,0,1,1,0,1,5.0,5.0,1.0,1.0,50.0,1.0,104.0,4.0,2.0,Abia,6,4,0,0,4,43000.0,0.6666666666666666,6,4,0,1,0,42,12,18.0,176500.0,7,0,0.0
19056,2,1,1,2,2,1,1,0,1,1,0,1,1.0,1.0,1.0,2.0,87.0,1.0,104.0,4.0,2.0,Abia,2,1,0,0,1,25000.0,0.5,2,2,0,1,0,42,5,10.0,26000.0,7,0,0.0
19058,2,1,0,2,2,1,1,2,2,1,1,1,6.0,6.0,1.0,1.0,51.0,1.0,104.0,4.0,2.0,Abia,5,2,0,0,2,50000.0,0.4,3,2,2,1,1,42,5,8.0,78000.0,7,0,0.0
19061,2,0,1,2,2,1,0,0,0,0,0,0,2.0,2.0,1.0,2.0,70.0,1.0,107.0,4.0,2.0,Abia,2,2,0,0,2,4000.0,1.0,2,1,0,1,0,42,8,12.0,446500.0,7,0,0.0
19062,2,0,2,2,2,1,2,0,0,1,0,0,5.0,5.0,3.0,1.0,36.0,1.0,107.0,4.0,2.0,Abia,4,2,0,0,2,18000.0,0.5,2,2,2,1,1,42,10,14.0,207500.0,7,0,0.0
19063,1,0,0,1,1,0,1,0,0,1,0,0,1.0,1.0,1.0,2.0,71.0,1.0,107.0,4.0,2.0,Abia,1,0,0,0,0,0.0,0.0,1,1,0,1,0,42,10,15.0,98500.0,7,0,0.0
19064,2,0,0,2,2,0,0,2,0,0,1,0,3.0,3.0,1.0,1.0,66.0,1.0,107.0,4.0,2.0,Abia,2,1,0,0,1,0.0,0.5,2,2,0,1,0,42,5,5.0,32000.0,7,0,0.0
19066,3,0,0,3,3,0,0,3,0,0,1,0,6.0,6.0,1.0,1.0,55.0,1.0,107.0,4.0,2.0,Abia,6,2,0,1,2,2500.0,0.3333333333333333,4,4,1,1,1,42,7,14.0,77700.0,7,0,0.0
19068,2,2,2,2,2,1,1,0,0,1,0,0,4.0,4.0,1.0,1.0,40.0,1.0,107.0,4.0,2.0,Abia,4,2,0,0,0,0.0,0.5,2,2,0,1,0,42,8,13.0,99000.0,7,0,0.0
19069,2,2,2,2,2,1,2,0,0,1,0,0,3.0,3.0,1.0,1.0,58.0,1.0,107.0,4.0,2.0,Abia,3,2,0,0,1,100000.0,0.6666666666666666,3,3,0,1,0,42,11,22.0,248300.0,7,0,0.0
19070,5,1,5,5,5,1,1,0,0,1,0,0,4.0,4.0,1.0,1.0,79.0,1.0,107.0,4.0,2.0,Abia,5,3,0,0,1,50000.0,0.6,5,5,1,1,1,42,9,22.0,110500.0,7,0,0.0
19071,6,1,2,6,6,1,1,0,0,1,0,0,7.0,7.0,1.0,1.0,52.0,1.0,107.0,4.0,2.0,Abia,7,2,0,0,1,120000.0,0.2857142857142857,6,6,0,1,0,42,8,23.0,229500.0,7,0,0.0
19072,4,2,2,4,4,1,2,0,0,1,0,0,4.0,4.0,1.0,1.0,80.0,1.0,107.0,4.0,2.0,Abia,4,3,0,0,2,135000.0,0.75,4,3,2,1,1,42,15,36.0,252600.0,7,1,50000.0
19073,7,5,6,7,7,1,5,6,3,1,1,1,11.0,11.0,1.0,1.0,70.0,1.0,107.0,4.0,2.0,Abia,9,4,1,0,2,35000.0,0.4444444444444444,7,7,0,1,0,42,9,33.0,91000.0,7,0,0.0
19075,3,1,1,3,3,1,1,2,1,1,1,1,4.0,4.0,1.0,1.0,76.0,1.0,107.0,4.0,2.0,Abia,4,2,0,0,1,8000.0,0.5,3,3,0,1,0,42,9,19.0,135500.0,7,0,0.0
19076,3,1,0,3,3,1,0,3,1,0,1,1,7.0,7.0,2.0,2.0,65.0,1.0,107.0,4.0,2.0,Abia,6,3,0,0,3,4500.0,0.5,4,4,0,1,0,42,6,10.0,20900.0,7,1,35000.0
19077,3,1,1,3,3,1,2,0,0,1,0,0,,,,,,,,,,,4,4,0,0,4,27000.0,1.0,4,2,0,1,0,42,7,9.0,67500.0,7,0,0.0
19079,1,0,0,1,1,0,0,0,0,0,0,0,1.0,1.0,1.0,2.0,85.0,1.0,107.0,4.0,2.0,Abia,1,1,0,0,1,5000.0,1.0,1,1,0,1,0,42,4,4.0,29500.0,7,0,0.0
19080,5,0,1,5,5,1,1,0,1,1,0,1,6.0,6.0,1.0,2.0,44.0,1.0,107.0,4.0,2.0,Abia,6,3,0,0,3,72300.0,0.5,5,2,1,1,1,42,8,10.0,110800.0,7,0,0.0
19081,3,2,2,3,3,1,1,0,0,1,0,0,3.0,3.0,1.0,2.0,64.0,1.0,107.0,4.0,2.0,Abia,3,3,0,0,3,250000.0,1.0,3,3,1,1,1,42,8,16.0,107000.0,7,0,0.0
19082,1,1,1,1,1,1,1,0,0,1,0,0,1.0,1.0,1.0,2.0,58.0,1.0,107.0,4.0,2.0,Abia,1,1,0,0,1,70000.0,1.0,1,1,0,1,0,42,12,24.0,263500.0,7,0,0.0
19084,3,1,3,3,3,1,1,0,0,1,0,0,6.0,6.0,1.0,1.0,59.0,1.0,107.0,4.0,2.0,Abia,6,2,0,0,2,90000.0,0.3333333333333333,4,4,0,1,0,42,9,24.0,94700.0,7,0,0.0
19085,2,1,2,2,2,1,2,1,1,1,1,1,2.0,2.0,1.0,1.0,79.0,1.0,109.0,4.0,2.0,Abia,2,2,0,0,2,13000.0,1.0,2,1,0,1,0,42,11,16.0,38100.0,7,0,0.0
19087,1,1,1,1,1,1,1,0,0,1,0,0,3.0,3.0,2.0,2.0,41.0,1.0,109.0,4.0,2.0,Abia,3,1,0,0,1,5000.0,0.3333333333333333,2,1,0,1,0,42,7,8.0,23500.0,7,0,0.0
19088,3,2,2,3,3,1,3,0,0,1,0,0,4.0,4.0,1.0,1.0,64.0,1.0,109.0,4.0,2.0,Abia,4,4,0,0,4,142000.0,1.0,4,3,1,1,1,42,21,34.0,200300.0,7,0,0.0
19089,2,1,2,2,2,1,1,0,0,1,0,0,3.0,3.0,1.0,2.0,67.0,1.0,109.0,4.0,2.0,Abia,2,1,0,0,0,0.0,0.5,2,2,1,1,1,42,10,20.0,176600.0,7,0,0.0
19091,1,1,1,1,1,1,1,1,1,1,1,1,1.0,1.0,1.0,1.0,70.0,1.0,109.0,4.0,2.0,Abia,1,1,0,0,1,20000.0,1.0,1,1,1,1,1,42,11,14.0,207300.0,7,0,0.0
19092,2,2,2,2,2,1,2,2,2,1,1,1,5.0,5.0,1.0,1.0,37.0,1.0,109.0,4.0,2.0,Abia,4,2,0,0,2,14000.0,0.5,3,3,0,1,0,42,15,24.0,257500.0,7,0,0.0
19093,2,2,1,2,2,1,2,2,2,1,1,1,5.0,5.0,1.0,2.0,63.0,1.0,109.0,4.0,2.0,Abia,4,2,0,0,1,40000.0,0.5,2,2,1,1,1,42,7,13.0,90300.0,7,0,0.0
19094,4,3,4,4,4,1,3,0,0,1,0,0,4.0,4.0,2.0,2.0,63.0,1.0,109.0,4.0,2.0,Abia,4,4,0,0,3,280000.0,1.0,4,4,3,1,1,42,12,32.0,340300.0,7,0,0.0
19095,3,2,3,3,3,1,2,0,0,1,0,0,8.0,8.0,2.0,2.0,68.0,1.0,109.0,4.0,2.0,Abia,7,3,0,0,2,180000.0,0.42857142857142855,4,3,2,1,1,42,11,25.0,326000.0,7,0,0.0
19096,1,0,1,1,1,1,0,0,0,0,0,0,2.0,2.0,1.0,2.0,61.0,1.0,109.0,4.0,2.0,Abia,2,1,0,0,0,0.0,0.5,2,2,0,1,0,42,5,11.0,46200.0,7,0,0.0
19097,2,2,2,2,2,1,1,1,1,1,1,1,6.0,6.0,1.0,1.0,39.0,1.0,109.0,4.0,2.0,Abia,5,1,1,0,2,25000.0,0.2,4,4,0,1,0,42,6,10.0,56200.0,7,1,10000.0
19098,1,1,1,1,1,1,1,1,1,1,1,1,1.0,1.0,1.0,1.0,58.0,1.0,109.0,4.0,2.0,Abia,1,1,0,0,0,0.0,1.0,1,1,0,1,0,42,5,7.0,31700.0,7,0,0.0
19099,4,3,3,4,4,1,3,3,2,1,1,1,4.0,4.0,2.0,2.0,45.0,1.0,109.0,4.0,2.0,Abia,4,1,0,0,1,5000.0,0.25,4,4,1,1,1,42,13,23.0,265000.0,7,0,0.0
19100,3,2,2,3,3,1,2,0,1,1,0,1,6.0,6.0,1.0,1.0,62.0,1.0,109.0,4.0,2.0,Abia,5,2,0,0,2,12500.0,0.4,5,3,3,1,1,42,12,21.0,92200.0,7,0,0.0
19101,3,3,3,3,3,1,3,0,0,1,0,0,3.0,3.0,1.0,1.0,74.0,1.0,109.0,4.0,2.0,Abia,3,3,0,0,3,30000.0,1.0,3,3,3,1,1,42,8,11.0,23500.0,7,0,0.0
19103,1,1,1,1,1,1,1,0,0,1,0,0,1.0,1.0,1.0,2.0,59.0,1.0,109.0,4.0,2.0,Abia,1,1,0,0,1,5000.0,1.0,1,1,1,1,1,42,6,8.0,34500.0,7,0,0.0
19104,4,4,4,4,4,1,4,0,0,1,0,0,5.0,5.0,1.0,1.0,73.0,1.0,109.0,4.0,2.0,Abia,5,4,0,0,4,41000.0,0.8,4,4,2,1,1,42,9,17.0,57800.0,7,0,0.0
19105,4,3,3,4,4,1,2,0,0,1,0,0,6.0,6.0,1.0,1.0,59.0,1.0,109.0,4.0,2.0,Abia,6,3,0,0,2,210000.0,0.5,5,5,1,1,1,42,9,21.0,220400.0,7,0,0.0
19106,4,2,3,4,4,1,2,0,0,1,0,0,5.0,5.0,6.0,1.0,73.0,1.0,109.0,4.0,2.0,Abia,5,2,0,0,2,190000.0,0.4,4,3,2,1,1,42,9,18.0,262100.0,7,0,0.0
19107,1,0,1,1,1,1,0,0,0,0,0,0,2.0,2.0,1.0,2.0,76.0,1.0,109.0,4.0,2.0,Abia,2,1,0,0,0,0.0,0.5,1,1,0,1,0,42,5,7.0,42000.0,7,0,0.0
19110,3,3,3,3,3,1,2,2,2,1,1,1,4.0,4.0,1.0,2.0,54.0,1.0,109.0,4.0,2.0,Abia,3,3,0,0,3,120000.0,1.0,3,3,2,1,1,42,7,8.0,136400.0,7,0,0.0
19111,1,0,0,1,1,0,0,0,0,0,0,0,1.0,1.0,1.0,1.0,61.0,1.0,109.0,4.0,2.0,Abia,1,1,0,0,1,15000.0,1.0,1,1,0,1,0,42,3,4.0,29500.0,7,0,0.0
19112,2,1,2,2,2,1,2,0,0,1,0,0,1.0,1.0,2.0,2.0,75.0,1.0,109.0,4.0,2.0,Abia,2,2,0,0,2,10000.0,1.0,2,2,1,1,1,42,10,15.0,76300.0,7,0,0.0
19113,1,0,1,1,1,1,0,0,0,0,0,0,2.0,2.0,1.0,2.0,86.0,1.0,109.0,4.0,2.0,Abia,2,1,0,0,1,5000.0,0.5,1,1,0,1,0,42,7,9.0,53000.0,7,0,0.0
19115,5,3,3,5,5,1,3,0,0,1,0,0,7.0,7.0,1.0,1.0,46.0,1.0,109.0,4.0,2.0,Abia,7,4,0,0,4,102000.0,0.5714285714285714,5,5,3,1,1,42,15,32.0,242500.0,7,0,0.0
19116,2,0,0,2,2,0,0,0,0,0,0,0,2.0,2.0,2.0,2.0,51.0,1.0,109.0,4.0,2.0,Abia,2,1,0,0,1,25000.0,0.5,2,2,0,1,0,42,8,13.0,72500.0,7,0,0.0
19117,4,2,2,4,4,1,2,2,1,1,1,1,5.0,5.0,1.0,1.0,64.0,1.0,109.0,4.0,2.0,Abia,5,2,0,0,1,45000.0,0.4,5,5,0,1,0,42,11,20.0,193000.0,7,0,0.0
19118,5,2,2,5,5,1,4,1,0,1,1,0,,,,,,,,,,,5,4,0,0,4,11000.0,0.8,5,5,3,1,1,42,14,17.0,575000.0,7,1,10000.0
19119,4,2,4,4,4,1,2,1,0,1,1,0,4.0,4.0,1.0,1.0,90.0,1.0,109.0,4.0,2.0,Abia,7,4,0,0,3,155000.0,0.5714285714285714,6,6,1,1,1,42,6,21.0,54200.0,7,0,0.0
19120,1,0,1,1,1,1,0,0,0,0,0,0,1.0,1.0,1.0,2.0,54.0,1.0,109.0,4.0,2.0,Abia,1,1,0,0,1,35000.0,1.0,1,1,0,1,0,42,5,12.0,36200.0,7,0,0.0
19121,2,1,0,2,2,1,1,2,2,1,1,1,2.0,2.0,1.0,1.0,32.0,1.0,110.0,4.0,2.0,Abia,3,2,0,0,2,15000.0,0.6666666666666666,2,2,2,1,1,42,8,12.0,194000.0,7,0,0.0
19122,3,0,0,3,3,0,0,0,0,0,0,0,5.0,5.0,1.0,1.0,39.0,1.0,110.0,4.0,2.0,Abia,5,4,0,0,2,13000.0,0.8,4,0,0,0,0,42,4,10.0,35500.0,7,0,0.0
19123,2,0,0,2,2,0,0,0,0,0,0,0,2.0,2.0,2.0,2.0,60.0,1.0,110.0,4.0,2.0,Abia,2,2,0,0,2,6000.0,1.0,2,2,0,1,0,42,4,5.0,11000.0,7,0,0.0
19124,2,2,2,2,2,1,0,0,1,0,0,1,3.0,3.0,101.0,1.0,84.0,1.0,110.0,4.0,2.0,Abia,3,3,0,0,3,17000.0,1.0,3,3,0,1,0,42,4,5.0,14700.0,7,0,0.0
19125,1,1,1,1,1,1,0,0,1,0,0,1,1.0,1.0,1.0,2.0,82.0,1.0,110.0,4.0,2.0,Abia,1,1,0,0,1,5000.0,1.0,1,1,0,1,0,42,3,5.0,13000.0,7,0,0.0
19126,1,1,1,1,1,1,0,0,1,0,0,1,1.0,1.0,1.0,2.0,76.0,1.0,110.0,4.0,2.0,Abia,1,1,0,0,1,5000.0,1.0,1,1,0,1,0,42,3,4.0,10000.0,7,0,0.0
19127,2,2,2,2,2,1,0,0,2,0,0,1,2.0,2.0,1.0,1.0,76.0,1.0,110.0,4.0,2.0,Abia,2,2,0,0,2,12000.0,1.0,2,2,0,1,0,42,3,4.0,12000.0,7,0,0.0
19129,2,1,0,2,2,1,1,0,0,1,0,0,2.0,2.0,1.0,1.0,75.0,1.0,110.0,4.0,2.0,Abia,2,1,0,0,1,8000.0,0.5,2,2,0,1,0,42,4,7.0,48500.0,7,1,84000.0
19130,1,0,1,1,1,1,0,0,0,0,0,0,1.0,1.0,1.0,2.0,68.0,1.0,110.0,4.0,2.0,Abia,1,1,0,0,1,8000.0,1.0,1,0,0,0,0,42,3,3.0,45500.0,7,1,5000.0
19131,2,0,0,2,2,0,1,2,1,1,1,1,6.0,6.0,1.0,1.0,41.0,1.0,110.0,4.0,2.0,Abia,5,2,0,0,0,0.0,0.4,3,2,0,1,0,42,5,12.0,75500.0,7,1,5000.0
19133,6,4,1,6,6,1,4,4,4,1,1,1,7.0,7.0,1.0,1.0,53.0,1.0,111.0,4.0,2.0,Abia,7,2,0,0,2,25000.0,0.2857142857142857,7,5,5,1,1,42,8,20.0,85500.0,7,0,0.0
19135,4,4,0,4,4,1,4,4,4,1,1,1,4.0,4.0,1.0,2.0,62.0,1.0,111.0,4.0,2.0,Abia,4,2,0,0,2,32000.0,0.5,4,3,3,1,1,42,12,29.0,130500.0,7,0,0.0
19136,3,0,0,3,3,0,0,0,0,0,0,0,3.0,3.0,1.0,2.0,89.0,1.0,111.0,4.0,2.0,Abia,3,2,0,0,2,25000.0,0.6666666666666666,3,1,0,1,0,42,5,9.0,14500.0,7,0,0.0
19137,3,3,0,3,3,1,3,3,3,1,1,1,5.0,5.0,1.0,2.0,49.0,1.0,111.0,4.0,2.0,Abia,5,1,0,0,1,12000.0,0.2,5,3,3,1,1,42,7,17.0,76000.0,7,0,0.0
19138,2,0,2,2,2,1,2,0,0,1,0,0,3.0,3.0,1.0,1.0,71.0,1.0,111.0,4.0,2.0,Abia,3,2,0,0,2,5000.0,0.6666666666666666,3,3,0,1,0,42,9,15.0,82000.0,7,0,0.0
19139,2,0,2,2,2,1,2,1,0,1,1,0,2.0,2.0,1.0,2.0,47.0,1.0,111.0,4.0,2.0,Abia,3,3,0,0,3,10000.0,1.0,3,3,1,1,1,42,8,11.0,55700.0,7,0,0.0
19140,2,0,2,2,2,1,2,0,0,1,0,0,1.0,1.0,1.0,1.0,64.0,1.0,111.0,4.0,2.0,Abia,2,2,0,0,2,4000.0,1.0,2,2,1,1,1,42,6,8.0,49000.0,7,0,0.0
19141,4,3,0,4,4,1,3,1,1,1,1,1,3.0,3.0,1.0,2.0,75.0,1.0,111.0,4.0,2.0,Abia,4,3,0,0,3,35000.0,0.75,4,3,1,1,1,42,9,15.0,169000.0,7,2,30000.0
19143,2,1,0,2,2,1,1,1,0,1,1,0,4.0,4.0,1.0,1.0,46.0,1.0,111.0,4.0,2.0,Abia,4,2,0,0,2,45000.0,0.5,4,1,0,1,0,42,5,7.0,22500.0,7,1,3000.0
19144,2,1,0,2,2,1,1,1,1,1,1,1,2.0,2.0,1.0,2.0,99.0,1.0,111.0,4.0,2.0,Abia,2,1,0,0,0,0.0,0.5,2,1,0,1,0,42,5,6.0,32000.0,7,2,70000.0
19146,2,2,2,2,2,1,2,2,2,1,1,1,5.0,5.0,1.0,1.0,39.0,1.0,112.0,4.0,2.0,Abia,4,2,0,0,2,20000.0,0.5,2,2,0,1,0,42,16,25.0,350500.0,7,0,0.0
19147,3,1,2,3,3,1,2,0,0,1,0,0,4.0,4.0,1.0,1.0,54.0,1.0,112.0,4.0,2.0,Abia,4,2,0,0,2,7000.0,0.5,3,3,3,1,1,42,12,20.0,47400.0,7,0,0.0
19148,2,2,2,2,2,1,2,2,2,1,1,1,4.0,4.0,1.0,1.0,40.0,1.0,112.0,4.0,2.0,Abia,3,2,0,0,2,35000.0,0.6666666666666666,2,2,1,1,1,42,9,11.0,173500.0,7,0,0.0
19149,3,3,3,3,3,1,3,0,1,1,0,1,3.0,3.0,1.0,1.0,33.0,1.0,112.0,4.0,2.0,Abia,3,3,0,0,3,18000.0,1.0,3,3,3,1,1,42,7,13.0,54000.0,7,0,0.0
19150,2,1,2,2,2,1,2,0,0,1,0,0,4.0,4.0,2.0,1.0,61.0,1.0,112.0,4.0,2.0,Abia,4,2,0,0,2,15000.0,0.5,4,2,2,1,1,42,14,22.0,63000.0,7,0,0.0
19151,2,2,2,2,2,1,2,0,1,1,0,1,6.0,6.0,1.0,1.0,57.0,1.0,112.0,4.0,2.0,Abia,6,2,0,0,2,4000.0,0.3333333333333333,4,2,2,1,1,42,14,21.0,84500.0,7,0,0.0
19152,1,1,1,1,1,1,1,0,0,1,0,0,1.0,1.0,1.0,1.0,43.0,1.0,112.0,4.0,2.0,Abia,1,1,0,0,1,150000.0,1.0,1,1,1,1,1,42,10,15.0,160800.0,7,0,0.0
19153,3,2,2,3,3,1,2,0,0,1,0,0,7.0,7.0,1.0,1.0,50.0,1.0,112.0,4.0,2.0,Abia,6,2,0,0,2,160000.0,0.3333333333333333,5,5,2,1,1,42,7,16.0,115800.0,7,0,0.0
19158,4,2,1,4,4,1,2,2,2,1,1,1,7.0,7.0,1.0,1.0,67.0,1.0,112.0,4.0,2.0,Abia,7,1,0,0,1,15000.0,0.14285714285714285,7,7,0,1,0,42,11,21.0,89700.0,7,0,0.0
19159,2,1,1,2,2,1,1,1,0,1,1,0,3.0,3.0,2.0,2.0,60.0,1.0,112.0,4.0,2.0,Abia,3,1,0,0,0,0.0,0.3333333333333333,3,3,0,1,0,42,7,12.0,52000.0,7,0,0.0
19160,4,1,2,4,4,1,2,0,0,1,0,0,5.0,5.0,1.0,1.0,48.0,1.0,112.0,4.0,2.0,Abia,5,2,0,0,2,22000.0,0.4,4,2,0,1,0,42,7,13.0,26300.0,7,0,0.0
19161,1,1,1,1,1,1,1,0,0,1,0,0,1.0,1.0,1.0,1.0,41.0,1.0,112.0,4.0,2.0,Abia,1,1,0,0,1,15000.0,1.0,1,1,1,1,1,42,7,9.0,28000.0,7,0,0.0
19163,2,1,2,2,2,1,2,0,0,1,0,0,6.0,6.0,1.0,1.0,44.0,1.0,112.0,4.0,2.0,Abia,6,2,0,0,2,30000.0,0.3333333333333333,4,2,2,1,1,42,9,14.0,20000.0,7,0,0.0
19164,3,0,0,3,3,0,0,0,0,0,0,0,3.0,3.0,1.0,2.0,76.0,1.0,112.0,4.0,2.0,Abia,3,2,0,0,2,7000.0,0.6666666666666666,3,3,0,1,0,42,9,14.0,82500.0,7,1,20000.0
19165,1,0,0,1,1,0,0,0,0,0,0,0,2.0,2.0,1.0,1.0,85.0,1.0,112.0,4.0,2.0,Abia,2,0,0,0,0,0.0,0.0,2,2,0,1,0,42,3,4.0,16400.0,7,0,0.0
19166,3,3,3,3,3,1,2,2,2,1,1,1,6.0,6.0,1.0,1.0,48.0,1.0,112.0,4.0,2.0,Abia,6,3,0,0,0,0.0,0.5,4,4,2,1,1,42,12,35.0,360300.0,7,0,0.0
19167,1,1,1,1,1,1,1,0,0,1,0,0,1.0,1.0,1.0,2.0,61.0,1.0,112.0,4.0,2.0,Abia,1,0,0,0,0,0.0,0.0,1,1,0,1,0,42,5,12.0,42000.0,7,0,0.0
19168,1,1,1,1,1,1,0,0,0,0,0,0,3.0,3.0,2.0,2.0,40.0,1.0,112.0,4.0,2.0,Abia,3,1,0,0,1,60000.0,0.3333333333333333,2,2,0,1,0,42,7,15.0,80500.0,7,0,0.0
19169,5,2,2,5,5,1,2,2,2,1,1,1,6.0,6.0,1.0,1.0,55.0,1.0,113.0,4.0,2.0,Abia,6,3,0,0,2,25000.0,0.5,6,4,3,1,1,42,10,17.0,157500.0,7,0,0.0
19170,3,3,3,3,3,1,3,0,0,1,0,0,4.0,4.0,1.0,2.0,58.0,1.0,113.0,4.0,2.0,Abia,4,3,0,0,3,36000.0,0.75,4,3,1,1,1,42,13,22.0,129500.0,7,0,0.0
19173,2,0,2,2,2,1,0,0,0,0,0,0,5.0,5.0,1.0,1.0,50.0,1.0,113.0,4.0,2.0,Abia,5,2,0,0,1,120000.0,0.4,2,2,0,1,0,42,8,17.0,232600.0,7,0,0.0
19174,2,1,0,2,2,1,1,1,1,1,1,1,6.0,6.0,1.0,1.0,42.0,1.0,113.0,4.0,2.0,Abia,6,2,0,0,2,35000.0,0.3333333333333333,5,2,1,1,1,42,10,16.0,196000.0,7,0,0.0
19175,1,0,0,1,1,0,1,0,0,1,0,0,2.0,2.0,1.0,1.0,86.0,1.0,113.0,4.0,2.0,Abia,2,0,0,0,0,0.0,0.0,2,2,1,1,1,42,15,43.0,2988400.0,7,3,635000.0
19177,2,0,2,2,2,1,2,0,0,1,0,0,3.0,3.0,1.0,1.0,58.0,1.0,113.0,4.0,2.0,Abia,3,2,0,0,2,8000.0,0.6666666666666666,3,3,0,1,0,42,12,17.0,145000.0,7,0,0.0
19178,3,0,3,3,3,1,2,0,1,1,0,1,2.0,2.0,1.0,1.0,59.0,1.0,113.0,4.0,2.0,Abia,3,2,0,0,3,5000.0,0.6666666666666666,3,3,0,1,0,42,5,10.0,29000.0,7,0,0.0
19179,4,2,2,4,4,1,2,0,1,1,0,1,7.0,7.0,1.0,1.0,51.0,1.0,113.0,4.0,2.0,Abia,7,3,0,0,3,27000.0,0.42857142857142855,6,2,0,1,0,42,17,26.0,173300.0,7,0,0.0
19180,4,3,4,4,4,1,3,3,0,1,1,0,1.0,1.0,2.0,2.0,53.0,32.0,3221.0,5.0,2.0,Rivers,4,3,0,0,3,290000.0,0.75,4,4,3,1,1,42,11,29.0,322500.0,7,1,126000.0
19181,4,1,1,4,4,1,1,1,0,1,1,0,8.0,8.0,1.0,1.0,51.0,1.0,113.0,4.0,2.0,Abia,6,2,0,0,0,0.0,0.3333333333333333,6,2,1,1,1,42,5,10.0,46800.0,7,0,0.0
19182,3,1,1,3,3,1,1,1,1,1,1,1,6.0,6.0,1.0,1.0,41.0,1.0,113.0,4.0,2.0,Abia,6,1,0,0,0,0.0,0.16666666666666666,5,5,2,1,1,42,7,11.0,71300.0,7,0,0.0
19183,1,0,0,1,1,0,0,0,0,0,0,0,1.0,1.0,1.0,2.0,77.0,1.0,113.0,4.0,2.0,Abia,1,0,0,0,0,0.0,0.0,1,1,0,1,0,42,4,5.0,26500.0,7,0,0.0
19184,1,1,1,1,1,1,1,0,0,1,0,0,2.0,2.0,1.0,1.0,44.0,1.0,113.0,4.0,2.0,Abia,2,1,0,0,1,7000.0,0.5,2,1,1,1,1,42,11,15.0,81500.0,7,0,0.0
19185,2,0,2,2,2,1,0,0,0,0,0,0,2.0,2.0,1.0,1.0,75.0,1.0,113.0,4.0,2.0,Abia,2,2,0,0,2,10000.0,1.0,2,2,0,1,0,42,11,16.0,46000.0,7,0,0.0
19186,2,1,2,2,2,1,1,0,1,1,0,1,3.0,3.0,1.0,1.0,72.0,1.0,113.0,4.0,2.0,Abia,3,2,0,0,2,30000.0,0.6666666666666666,3,1,0,1,0,42,8,12.0,29800.0,7,0,0.0
19187,3,0,1,3,3,1,0,0,0,0,0,0,3.0,3.0,1.0,1.0,60.0,1.0,113.0,4.0,2.0,Abia,3,3,0,0,3,23000.0,1.0,3,1,0,1,0,42,8,12.0,20300.0,7,0,0.0
19188,5,3,4,5,5,1,2,0,0,1,0,0,8.0,8.0,1.0,1.0,50.0,1.0,113.0,4.0,2.0,Abia,8,4,0,0,1,150000.0,0.5,7,6,0,1,0,42,5,20.0,52500.0,7,0,0.0
19191,2,1,1,2,2,1,1,0,0,1,0,0,2.0,2.0,4.0,2.0,81.0,1.0,113.0,4.0,2.0,Abia,2,2,0,0,0,0.0,1.0,2,1,0,1,0,42,6,13.0,52000.0,7,0,0.0
19192,3,1,3,3,3,1,2,0,0,1,0,0,4.0,4.0,1.0,1.0,84.0,1.0,113.0,4.0,2.0,Abia,4,2,0,0,1,80000.0,0.5,3,3,0,1,0,42,13,35.0,460700.0,7,1,62000.0
19193,2,2,2,2,2,1,2,0,0,1,0,0,5.0,5.0,1.0,1.0,48.0,1.0,113.0,4.0,2.0,Abia,5,2,0,0,2,12000.0,0.4,4,2,2,1,1,42,15,23.0,116000.0,7,0,0.0
19194,2,2,2,2,2,1,2,0,2,1,0,1,3.0,3.0,1.0,1.0,86.0,1.0,113.0,4.0,2.0,Abia,3,2,0,0,2,6000.0,0.6666666666666666,2,2,0,1,0,42,13,22.0,70800.0,7,0,0.0
19195,1,0,1,1,1,1,1,0,0,1,0,0,1.0,1.0,1.0,2.0,54.0,1.0,113.0,4.0,2.0,Abia,1,1,0,0,1,5000.0,1.0,1,1,1,1,1,42,11,15.0,28000.0,7,2,15000.0
19196,3,2,2,3,3,1,2,2,2,1,1,1,4.0,4.0,1.0,1.0,48.0,1.0,113.0,4.0,2.0,Abia,4,2,0,0,2,130000.0,0.5,4,4,2,1,1,42,18,28.0,383500.0,7,0,0.0
19197,1,1,1,1,1,1,1,1,1,1,1,1,1.0,1.0,1.0,1.0,88.0,1.0,113.0,4.0,2.0,Abia,1,0,0,0,0,0.0,0.0,1,1,1,1,1,42,17,33.0,688000.0,7,1,200000.0
19198,2,2,2,2,2,1,2,2,2,1,1,1,4.0,4.0,1501.0,1.0,40.0,1.0,113.0,4.0,2.0,Abia,3,2,0,0,2,35000.0,0.6666666666666666,3,3,0,1,0,42,10,13.0,77400.0,7,0,0.0
19199,1,1,1,1,1,1,1,1,0,1,1,0,1.0,1.0,1.0,2.0,27.0,1.0,113.0,4.0,2.0,Abia,1,1,0,0,1,40000.0,1.0,1,1,1,1,1,42,7,10.0,100800.0,7,0,0.0
19201,1,1,0,1,1,1,1,0,0,1,0,0,1.0,1.0,1.0,2.0,32.0,32.0,3221.0,5.0,2.0,Rivers,1,1,0,0,1,55000.0,1.0,1,1,1,1,1,42,6,10.0,108500.0,7,0,0.0
19202,1,1,1,1,1,1,1,1,0,1,1,0,4.0,4.0,1.0,1.0,37.0,1.0,113.0,4.0,2.0,Abia,3,1,0,0,1,150000.0,0.3333333333333333,1,1,1,1,1,42,14,26.0,402100.0,7,0,0.0
19204,2,1,2,2,2,1,1,0,1,1,0,1,5.0,5.0,1.0,1.0,51.0,1.0,113.0,4.0,2.0,Abia,4,2,0,0,1,15000.0,0.5,4,4,0,1,0,42,6,12.0,64000.0,7,0,0.0
19205,4,1,1,4,4,1,2,2,3,1,1,1,9.0,9.0,1.0,1.0,40.0,1.0,115.0,4.0,1.0,Abia,8,2,0,0,1,70000.0,0.25,6,2,2,1,1,42,10,14.0,69500.0,7,0,0.0
19206,3,2,0,3,3,1,2,2,2,1,1,1,6.0,6.0,1.0,1.0,50.0,1.0,115.0,4.0,1.0,Abia,5,3,0,0,2,10000.0,0.6,5,2,2,1,1,42,8,15.0,129500.0,7,0,0.0
19208,4,0,1,4,4,1,2,0,0,1,0,0,5.0,5.0,1.0,1.0,70.0,1.0,115.0,4.0,1.0,Abia,4,3,0,0,4,13000.0,0.75,4,2,0,1,0,42,4,7.0,28000.0,7,1,28500.0
19209,4,0,3,4,4,1,3,1,2,1,1,1,8.0,8.0,1.0,1.0,32.0,1.0,115.0,4.0,1.0,Abia,6,3,0,0,2,4000.0,0.5,4,4,1,1,1,42,6,14.0,51400.0,7,1,28500.0
19211,4,0,3,4,4,1,2,0,1,1,0,1,6.0,6.0,1.0,1.0,50.0,1.0,115.0,4.0,1.0,Abia,6,4,0,0,4,8000.0,0.6666666666666666,5,5,3,1,1,42,11,18.0,550000.0,7,0,0.0
19214,4,3,0,4,4,1,3,4,0,1,1,0,5.0,5.0,1.0,1.0,72.0,1.0,115.0,4.0,1.0,Abia,5,2,0,0,1,15000.0,0.4,5,4,1,1,1,42,5,9.0,63000.0,7,1,120000.0
19215,3,1,0,3,3,1,3,3,1,1,1,1,4.0,4.0,1.0,1.0,83.0,1.0,115.0,4.0,1.0,Abia,4,2,0,0,0,0.0,0.5,3,3,1,1,1,42,8,17.0,87000.0,7,1,50000.0
19218,5,0,3,5,5,1,5,3,0,1,1,0,5.0,5.0,1.0,1.0,66.0,1.0,115.0,4.0,1.0,Abia,5,3,0,0,3,69000.0,0.6,5,5,3,1,1,42,14,23.0,473000.0,7,0,0.0
19222,3,0,2,3,3,1,2,0,0,1,0,0,7.0,7.0,1.0,1.0,42.0,1.0,115.0,4.0,1.0,Abia,6,2,0,0,2,11000.0,0.3333333333333333,6,6,3,1,1,42,12,16.0,177500.0,7,0,0.0
19224,3,0,2,3,3,1,3,0,0,1,0,0,5.0,5.0,1.0,1.0,40.0,1.0,115.0,4.0,1.0,Abia,4,3,0,0,3,27000.0,0.75,3,3,0,1,0,42,10,14.0,81300.0,7,0,0.0
19225,3,0,1,3,3,1,2,1,0,1,1,0,4.0,4.0,1.0,1.0,47.0,1.0,115.0,4.0,1.0,Abia,5,2,0,0,3,6500.0,0.4,4,4,2,1,1,42,12,15.0,147500.0,7,0,0.0
19226,2,0,0,2,2,0,1,1,0,1,1,0,5.0,5.0,1.0,1.0,45.0,1.0,115.0,4.0,1.0,Abia,5,1,0,0,1,18000.0,0.2,3,1,0,1,0,42,5,8.0,31500.0,7,0,0.0
19227,2,2,0,2,2,1,2,2,2,1,1,1,5.0,5.0,1.0,1.0,40.0,1.0,115.0,4.0,1.0,Abia,4,2,0,0,2,42000.0,0.5,2,2,2,1,1,42,15,21.0,85500.0,7,0,0.0
19228,4,3,0,4,4,1,4,3,0,1,1,0,4.0,4.0,1.0,2.0,55.0,1.0,115.0,4.0,1.0,Abia,4,2,0,0,2,110000.0,0.5,4,4,3,1,1,42,11,21.0,175000.0,7,2,70000.0
19230,3,0,3,3,3,1,3,3,0,1,1,0,3.0,3.0,1.0,1.0,66.0,1.0,117.0,4.0,2.0,Abia,3,2,0,0,2,320000.0,0.6666666666666666,3,3,3,1,1,42,13,29.0,1104500.0,7,1,80000.0
19231,3,0,2,3,3,1,2,0,1,1,0,1,5.0,5.0,1.0,1.0,62.0,1.0,117.0,4.0,2.0,Abia,3,2,0,0,2,32000.0,0.6666666666666666,3,3,1,1,1,42,8,15.0,103000.0,7,0,0.0
19232,1,0,1,1,1,1,1,0,0,1,0,0,2.0,2.0,2.0,2.0,62.0,1.0,117.0,4.0,2.0,Abia,2,1,0,0,1,43800.0,0.5,2,2,1,1,1,42,13,23.0,388500.0,7,0,0.0
19234,2,2,0,2,2,1,2,2,2,1,1,1,2.0,2.0,1.0,1.0,47.0,1.0,117.0,4.0,2.0,Abia,2,2,0,0,2,450000.0,1.0,2,2,2,1,1,42,16,23.0,888500.0,7,0,0.0
19235,5,4,0,5,5,1,4,4,4,1,1,1,5.0,5.0,1.0,1.0,63.0,1.0,117.0,4.0,2.0,Abia,5,3,0,0,2,38000.0,0.6,5,5,5,1,1,42,12,21.0,149500.0,7,0,0.0
19236,4,2,0,4,4,1,2,2,0,1,1,0,8.0,8.0,3.0,1.0,53.0,1.0,117.0,4.0,2.0,Abia,7,3,0,0,3,80000.0,0.42857142857142855,4,3,3,1,1,42,6,11.0,30800.0,7,0,0.0
19238,2,2,0,2,2,1,2,1,0,1,1,0,4.0,4.0,1.0,1.0,46.0,1.0,117.0,4.0,2.0,Abia,4,2,0,0,2,95000.0,0.5,2,2,1,1,1,42,6,7.0,119000.0,7,2,50000.0
19239,1,1,0,1,1,1,1,1,0,1,1,0,1.0,1.0,1.0,2.0,43.0,1.0,117.0,4.0,2.0,Abia,1,1,0,0,1,45000.0,1.0,1,1,1,1,1,42,4,6.0,92500.0,7,2,40000.0
19242,2,2,0,2,2,1,2,2,0,1,1,0,6.0,6.0,1.0,1.0,49.0,1.0,102.0,4.0,1.0,Abia,5,1,1,0,2,45000.0,0.2,3,2,2,1,1,42,10,20.0,289500.0,7,1,3000.0
19244,1,1,1,1,1,1,1,1,1,1,1,1,3.0,3.0,1.0,1.0,66.0,1.0,102.0,4.0,1.0,Abia,3,0,1,0,1,2500.0,0.0,1,0,0,0,0,42,10,13.0,240000.0,7,0,0.0
19245,2,2,2,2,2,1,2,2,0,1,1,0,5.0,5.0,1.0,1.0,45.0,1.0,102.0,4.0,1.0,Abia,5,2,0,0,2,210000.0,0.4,4,4,3,1,1,42,9,19.0,257800.0,7,0,0.0
19250,6,3,2,6,6,1,5,5,1,1,1,1,4.0,4.0,1.0,1.0,49.0,1.0,104.0,4.0,2.0,Abia,6,6,0,0,1,10000.0,1.0,6,5,3,1,1,42,9,15.0,255000.0,7,0,0.0
19254,2,1,0,2,2,1,0,0,0,0,0,0,4.0,4.0,1.0,1.0,42.0,1.0,107.0,4.0,2.0,Abia,4,2,0,0,1,50000.0,0.5,2,2,0,1,0,42,8,16.0,59500.0,7,0,0.0
19266,3,1,2,3,3,1,2,0,0,1,0,0,5.0,5.0,1.0,1.0,52.0,1.0,112.0,4.0,2.0,Abia,5,1,0,0,1,75000.0,0.2,5,5,2,1,1,42,10,22.0,155000.0,7,0,0.0
19269,4,3,0,4,4,1,3,1,1,1,1,1,5.0,5.0,1.0,1.0,75.0,1.0,113.0,4.0,2.0,Abia,5,2,0,0,0,0.0,0.4,5,2,1,1,1,42,7,15.0,82700.0,7,2,35000.0
19277,3,3,0,3,3,1,3,3,0,1,1,0,3.0,3.0,1.0,1.0,58.0,1.0,115.0,4.0,1.0,Abia,3,2,0,0,2,65000.0,0.6666666666666666,3,3,2,1,1,42,9,17.0,216500.0,7,2,15000.0
19278,3,1,0,3,3,1,2,3,0,1,1,0,4.0,4.0,1.0,1.0,52.0,1.0,115.0,4.0,1.0,Abia,3,3,0,0,3,30000.0,1.0,3,2,0,1,0,42,11,18.0,163000.0,7,1,10000.0
19280,7,6,1,7,7,1,7,7,0,1,1,0,7.0,7.0,1.0,1.0,59.0,1.0,117.0,4.0,2.0,Abia,7,4,0,0,2,33000.0,0.5714285714285714,7,7,3,1,1,42,9,20.0,111000.0,7,1,25000.0
19284,3,2,2,3,3,1,2,2,2,1,1,1,4.0,4.0,1.0,1.0,62.0,1.0,102.0,4.0,1.0,Abia,4,2,0,0,2,63000.0,0.5,3,3,1,1,1,42,10,18.0,820500.0,7,0,0.0
20001,6,0,0,6,6,0,4,0,3,1,0,1,8.0,8.0,4.0,1.0,41.0,2.0,209.0,2.0,2.0,Adamawa,9,2,0,0,0,0.0,0.2222222222222222,6,4,0,1,0,42,5,20.0,63000.0,7,0,0.0
20002,5,0,0,5,5,0,0,0,0,0,0,0,9.0,9.0,4.0,1.0,44.0,2.0,209.0,2.0,2.0,Adamawa,8,0,0,0,0,0.0,0.0,7,3,0,1,0,42,4,8.0,41000.0,7,0,0.0
20003,2,0,0,2,2,0,0,1,0,0,1,0,3.0,3.0,6.0,1.0,47.0,34.0,3401.0,2.0,2.0,Taraba,4,2,0,0,2,150500.0,0.5,3,2,0,1,0,42,3,4.0,27500.0,7,0,0.0
20005,4,0,0,4,4,0,0,0,0,0,0,0,6.0,6.0,4.0,1.0,50.0,2.0,209.0,2.0,2.0,Adamawa,6,2,0,0,2,72000.0,0.3333333333333333,5,4,0,1,0,42,3,5.0,38500.0,7,0,0.0
20006,3,0,0,3,3,0,0,3,3,0,1,1,3.0,3.0,17.0,2.0,48.0,2.0,209.0,2.0,2.0,Adamawa,4,4,0,0,3,315000.0,1.0,3,2,0,1,0,42,1,3.0,1000.0,7,0,0.0
20007,7,0,0,7,7,0,0,2,1,0,1,1,8.0,8.0,1.0,1.0,60.0,2.0,209.0,2.0,2.0,Adamawa,8,2,0,0,2,190000.0,0.25,7,1,0,1,0,42,4,5.0,17500.0,7,0,0.0
20008,5,0,0,5,5,0,0,0,0,0,0,0,5.0,5.0,1.0,1.0,72.0,2.0,209.0,2.0,2.0,Adamawa,5,5,0,0,0,0.0,1.0,5,1,0,1,0,42,4,9.0,32000.0,7,0,0.0
20009,5,1,1,5,5,1,1,1,1,1,1,1,7.0,7.0,12.0,1.0,45.0,2.0,209.0,2.0,2.0,Adamawa,7,0,0,0,0,0.0,0.0,6,2,0,1,0,42,7,10.0,65000.0,7,0,0.0
20010,4,0,0,4,4,0,0,0,0,0,0,0,4.0,4.0,3.0,1.0,52.0,2.0,209.0,2.0,2.0,Adamawa,5,0,0,0,0,0.0,0.0,5,2,0,1,0,42,4,7.0,35000.0,7,0,0.0
20041,1,0,0,1,1,0,0,0,0,0,0,0,1.0,1.0,2.0,2.0,76.0,2.0,203.0,2.0,2.0,Adamawa,1,0,0,0,0,0.0,0.0,1,0,0,0,0,42,2,2.0,7000.0,7,0,0.0
20042,5,0,0,5,5,0,0,0,0,0,0,0,6.0,6.0,1.0,1.0,73.0,2.0,203.0,2.0,2.0,Adamawa,6,6,0,0,3,271000.0,1.0,6,1,0,1,0,42,2,4.0,6000.0,7,0,0.0
20043,4,0,0,4,4,0,0,0,0,0,0,0,7.0,7.0,1.0,1.0,66.0,2.0,203.0,2.0,2.0,Adamawa,7,5,0,0,0,0.0,0.7142857142857143,6,1,0,1,0,42,4,8.0,271500.0,7,0,0.0
20044,7,0,0,7,7,0,0,0,0,0,0,0,7.0,7.0,6.0,1.0,38.0,2.0,203.0,2.0,2.0,Adamawa,8,2,0,0,1,4000.0,0.25,7,1,0,1,0,42,6,10.0,74000.0,7,0,0.0
20045,4,0,0,4,4,0,0,0,0,0,0,0,3.0,3.0,2.0,2.0,72.0,2.0,203.0,2.0,2.0,Adamawa,4,0,0,0,0,0.0,0.0,4,0,0,0,0,42,3,6.0,32000.0,7,0,0.0
20046,8,0,0,8,8,0,0,0,0,0,0,0,10.0,10.0,1.0,1.0,79.0,2.0,203.0,2.0,2.0,Adamawa,11,0,0,0,0,0.0,0.0,9,2,0,1,0,42,5,17.0,31000.0,7,0,0.0
20047,9,0,0,9,9,0,0,0,0,0,0,0,10.0,10.0,1.0,1.0,57.0,2.0,203.0,2.0,2.0,Adamawa,11,2,0,0,2,19000.0,0.18181818181818182,9,3,0,1,0,42,5,22.0,49000.0,7,0,0.0
20048,8,0,0,8,8,0,0,2,3,0,1,1,12.0,12.0,1.0,1.0,49.0,2.0,203.0,2.0,2.0,Adamawa,12,6,0,0,6,620000.0,0.5,9,0,0,0,0,42,4,11.0,79000.0,7,0,0.0
20049,4,0,0,4,4,0,1,0,3,1,0,1,8.0,8.0,15.0,1.0,35.0,2.0,203.0,2.0,2.0,Adamawa,8,3,0,0,3,160000.0,0.375,7,2,0,1,0,42,3,7.0,143000.0,7,0,0.0
20050,2,0,0,2,2,0,0,0,1,0,0,1,2.0,2.0,1.0,1.0,77.0,2.0,203.0,2.0,2.0,Adamawa,2,1,0,0,1,100000.0,0.5,2,0,0,0,0,42,1,1.0,500.0,7,0,0.0
20061,5,0,3,5,5,1,0,0,0,0,0,0,5.0,5.0,1.0,1.0,60.0,2.0,210.0,2.0,2.0,Adamawa,5,5,0,0,5,9500.0,1.0,5,0,0,0,0,42,2,4.0,6200.0,7,0,0.0
20062,4,0,4,4,4,1,0,0,0,0,0,0,4.0,4.0,1.0,1.0,45.0,2.0,210.0,2.0,2.0,Adamawa,4,4,0,0,4,10000.0,1.0,4,0,0,0,0,42,3,5.0,28000.0,7,0,0.0
20063,7,0,4,7,7,1,0,0,0,0,0,0,7.0,7.0,1.0,1.0,58.0,2.0,210.0,2.0,2.0,Adamawa,7,7,0,0,7,18500.0,1.0,7,1,0,1,0,42,6,12.0,385200.0,7,0,0.0
20064,5,0,0,5,5,0,0,0,0,0,0,0,5.0,5.0,1.0,1.0,61.0,2.0,210.0,2.0,2.0,Adamawa,5,1,0,0,1,280000.0,0.2,5,0,0,0,0,42,1,5.0,7000.0,7,0,0.0
20065,7,0,0,7,7,0,0,0,0,0,0,0,9.0,9.0,1.0,1.0,47.0,2.0,210.0,2.0,2.0,Adamawa,9,1,0,0,1,100000.0,0.1111111111111111,9,1,0,1,0,42,3,4.0,42000.0,7,0,0.0
20066,5,0,0,5,5,0,0,0,0,0,0,0,6.0,6.0,1.0,1.0,68.0,2.0,210.0,2.0,2.0,Adamawa,6,1,0,0,1,50000.0,0.16666666666666666,6,0,0,0,0,42,2,4.0,17000.0,7,0,0.0
20067,6,2,0,6,6,1,2,0,2,1,0,1,1.0,1.0,1.0,1.0,65.0,2.0,210.0,2.0,1.0,Adamawa,6,5,0,0,3,400000.0,0.8333333333333334,6,3,0,1,0,42,6,17.0,100500.0,7,1,5000.0
20068,4,0,0,4,4,0,0,0,0,0,0,0,4.0,4.0,2.0,2.0,55.0,2.0,210.0,2.0,2.0,Adamawa,4,4,0,0,4,11000.0,1.0,4,0,0,0,0,42,2,4.0,31500.0,7,0,0.0
20069,4,0,0,4,4,0,1,1,1,1,1,1,8.0,8.0,1.0,1.0,45.0,2.0,210.0,2.0,2.0,Adamawa,8,8,0,0,4,10500.0,1.0,6,6,0,1,0,42,6,13.0,92000.0,7,0,0.0
20070,2,0,0,2,2,0,0,0,0,0,0,0,2.0,2.0,3.0,1.0,30.0,2.0,210.0,2.0,2.0,Adamawa,2,2,0,0,2,5000.0,1.0,2,2,0,1,0,42,5,9.0,47540.0,7,0,0.0
20091,4,0,0,4,4,0,0,0,0,0,0,0,8.0,8.0,1.0,1.0,59.0,2.0,207.0,2.0,2.0,Adamawa,7,1,0,0,1,150000.0,0.14285714285714285,4,0,0,0,0,42,3,6.0,33600.0,7,0,0.0
20092,7,3,1,7,7,1,3,3,3,1,1,1,9.0,9.0,1.0,1.0,64.0,2.0,207.0,2.0,2.0,Adamawa,9,6,0,0,5,514000.0,0.6666666666666666,8,6,2,1,1,42,9,19.0,351500.0,7,1,21990.0
20093,6,6,1,6,6,1,6,0,0,1,0,0,3.0,3.0,5102.0,2.0,55.0,2.0,207.0,2.0,2.0,Adamawa,6,4,0,0,4,603500.0,0.6666666666666666,6,6,4,1,1,42,5,10.0,137700.0,7,1,2.0
20094,2,0,0,2,2,0,0,0,0,0,0,0,1.0,1.0,1.0,1.0,85.0,2.0,207.0,2.0,2.0,Adamawa,2,0,0,0,0,0.0,0.0,2,1,0,1,0,42,1,1.0,25000.0,7,0,0.0
20095,6,0,0,6,6,0,0,0,0,0,0,0,8.0,8.0,1.0,1.0,67.0,2.0,207.0,2.0,2.0,Adamawa,8,4,0,0,3,3500.0,0.5,6,0,0,0,0,42,3,11.0,36500.0,7,0,0.0
20096,5,1,0,5,5,1,1,1,1,1,1,1,5.0,5.0,1.0,1.0,53.0,2.0,207.0,2.0,2.0,Adamawa,6,5,0,0,1,15000.0,0.8333333333333334,5,4,0,1,0,42,4,10.0,164000.0,7,0,0.0
20097,6,0,0,6,6,0,0,0,0,0,0,0,9.0,9.0,1.0,1.0,50.0,2.0,207.0,2.0,2.0,Adamawa,9,6,0,0,6,500000.0,0.6666666666666666,8,2,0,1,0,42,5,9.0,370500.0,7,0,0.0
20098,6,0,0,6,6,0,0,1,0,0,1,0,7.0,7.0,1.0,1.0,60.0,2.0,207.0,2.0,2.0,Adamawa,7,1,0,0,1,20000.0,0.14285714285714285,7,1,1,1,1,42,3,7.0,267000.0,7,0,0.0
20099,1,0,0,1,1,0,0,0,0,0,0,0,1.0,1.0,1.0,2.0,61.0,2.0,207.0,2.0,2.0,Adamawa,1,1,0,0,1,170000.0,1.0,1,1,0,1,0,42,4,5.0,29000.0,7,0,0.0
20100,12,1,0,12,12,1,1,0,1,1,0,1,19.0,19.0,1.0,1.0,84.0,2.0,207.0,2.0,2.0,Adamawa,19,9,0,0,9,878700.0,0.47368421052631576,16,4,1,1,1,42,8,21.0,328500.0,7,0,0.0
20101,3,0,0,3,3,0,0,0,0,0,0,0,3.0,3.0,1.0,1.0,93.0,2.0,205.0,2.0,2.0,Adamawa,3,1,0,0,1,100000.0,0.3333333333333333,3,1,0,1,0,42,4,6.0,31000.0,7,0,0.0
20102,6,0,0,6,6,0,0,0,0,0,0,0,8.0,8.0,1.0,1.0,72.0,2.0,205.0,2.0,2.0,Adamawa,8,1,0,0,1,120000.0,0.125,7,2,0,1,0,42,3,7.0,25400.0,7,0,0.0
20103,5,1,0,5,5,1,1,1,4,1,1,1,6.0,6.0,1.0,1.0,57.0,2.0,205.0,2.0,2.0,Adamawa,6,6,0,0,6,330000.0,1.0,5,4,0,1,0,42,3,4.0,17000.0,7,0,0.0
20104,5,0,0,5,5,0,0,0,5,0,0,1,11.0,11.0,1.0,1.0,56.0,2.0,205.0,2.0,2.0,Adamawa,11,8,0,0,8,530000.0,0.7272727272727273,9,8,3,1,1,42,8,22.0,131000.0,7,1,40000.0
20106,5,2,2,5,5,1,2,2,2,1,1,1,5.0,5.0,2.0,2.0,49.0,2.0,205.0,2.0,2.0,Adamawa,5,3,0,0,2,52000.0,0.6,5,5,0,1,0,42,3,8.0,63000.0,7,0,0.0
20107,5,1,0,5,5,1,1,0,3,1,0,1,6.0,6.0,1.0,1.0,48.0,2.0,205.0,2.0,2.0,Adamawa,6,5,0,0,5,240000.0,0.8333333333333334,6,6,0,1,0,42,6,10.0,59400.0,7,0,0.0
20108,5,2,0,5,5,1,2,3,2,1,1,1,7.0,7.0,1.0,1.0,60.0,2.0,205.0,2.0,2.0,Adamawa,7,5,0,0,4,10500.0,0.7142857142857143,7,5,1,1,1,42,5,9.0,94000.0,7,0,0.0
20110,9,0,0,9,9,0,0,0,0,0,0,0,8.0,8.0,1.0,1.0,67.0,2.0,205.0,2.0,2.0,Adamawa,9,1,0,0,1,13000.0,0.1111111111111111,9,0,0,0,0,42,3,7.0,24800.0,7,0,0.0
29001,4,0,0,4,4,0,0,1,0,0,1,0,5.0,5.0,1.0,1.0,36.0,2.0,204.0,2.0,2.0,Adamawa,5,3,0,0,3,85000.0,0.6,5,1,0,1,0,42,4,4.0,27000.0,7,0,0.0
29002,19,2,0,19,19,1,2,0,2,1,0,1,24.0,24.0,1.0,1.0,54.0,2.0,204.0,2.0,2.0,Adamawa,25,1,0,0,1,150000.0,0.04,22,7,0,1,0,42,14,79.0,2401500.0,7,0,0.0
29003,6,2,2,6,6,1,3,3,2,1,1,1,7.0,7.0,1.0,1.0,58.0,2.0,204.0,2.0,2.0,Adamawa,6,2,0,0,1,25000.0,0.3333333333333333,6,3,4,1,1,42,5,11.0,44500.0,7,1,3000.0
29004,5,0,0,5,5,0,0,0,0,0,0,0,6.0,6.0,1.0,2.0,84.0,2.0,204.0,2.0,2.0,Adamawa,6,3,0,0,0,0.0,0.5,6,1,0,1,0,42,7,19.0,48700.0,7,0,0.0
29005,2,0,0,2,2,0,0,0,0,0,0,0,2.0,2.0,1.0,2.0,52.0,2.0,204.0,2.0,2.0,Adamawa,2,1,0,0,1,8000.0,0.5,2,0,0,0,0,42,4,6.0,19500.0,7,0,0.0
29006,6,0,0,6,6,0,1,0,6,1,0,1,9.0,9.0,1.0,1.0,56.0,2.0,204.0,2.0,2.0,Adamawa,8,5,0,0,5,280000.0,0.625,8,3,0,1,0,42,4,5.0,24000.0,7,0,0.0
29007,6,1,0,6,6,1,2,2,3,1,1,1,10.0,10.0,1.0,1.0,53.0,2.0,204.0,2.0,2.0,Adamawa,9,6,0,0,1,10000.0,0.6666666666666666,9,3,1,1,1,42,5,6.0,485000.0,7,0,0.0
29008,4,1,1,4,4,1,1,1,1,1,1,1,9.0,9.0,1.0,1.0,45.0,2.0,204.0,2.0,2.0,Adamawa,9,1,0,0,1,20000.0,0.1111111111111111,6,1,0,1,0,42,6,8.0,137500.0,7,1,12000.0
29009,5,2,0,5,5,1,1,1,4,1,1,1,7.0,7.0,1.0,1.0,50.0,2.0,204.0,2.0,2.0,Adamawa,7,6,1,0,7,298000.0,0.8571428571428571,6,4,1,1,1,42,4,6.0,29500.0,7,0,0.0
29010,2,0,0,2,2,0,0,0,0,0,0,0,3.0,3.0,1.0,1.0,42.0,2.0,204.0,2.0,2.0,Adamawa,3,1,0,0,1,1000.0,0.3333333333333333,2,2,0,1,0,42,5,7.0,71000.0,7,0,0.0
29013,1,0,0,1,1,0,0,0,0,0,0,0,1.0,1.0,1.0,1.0,59.0,2.0,205.0,2.0,2.0,Adamawa,1,1,0,0,1,50000.0,1.0,1,0,0,0,0,42,2,2.0,6000.0,7,0,0.0
29014,2,0,0,2,2,0,1,0,0,1,0,0,1.0,1.0,1.0,1.0,30.0,2.0,205.0,2.0,2.0,Adamawa,3,2,0,0,1,150000.0,0.6666666666666666,2,1,0,1,0,42,4,5.0,6000.0,7,0,0.0
29017,2,0,0,2,2,0,0,0,0,0,0,0,1.0,1.0,2.0,2.0,83.0,2.0,205.0,2.0,2.0,Adamawa,2,1,0,0,1,95000.0,0.5,2,0,0,0,0,42,2,3.0,7000.0,7,0,0.0
29018,2,0,0,2,2,0,0,0,0,0,0,0,2.0,2.0,2.0,1.0,63.0,2.0,205.0,2.0,2.0,Adamawa,2,1,0,0,1,15000.0,0.5,2,0,0,0,0,42,2,2.0,2500.0,7,0,0.0
29019,5,0,0,5,5,0,0,0,0,0,0,0,6.0,6.0,1.0,1.0,37.0,2.0,205.0,2.0,2.0,Adamawa,6,0,0,0,0,0.0,0.0,6,2,0,1,0,42,2,5.0,2000.0,7,0,0.0
29020,4,3,0,4,4,1,2,1,4,1,1,1,3.0,3.0,5101.0,1.0,45.0,2.0,207.0,2.0,2.0,Adamawa,4,4,0,0,4,470000.0,1.0,4,4,2,1,1,42,11,29.0,1716500.0,7,0,0.0
29021,3,1,0,3,3,1,1,0,2,1,0,1,4.0,4.0,1.0,2.0,38.0,2.0,205.0,2.0,2.0,Adamawa,4,2,0,0,2,170000.0,0.5,4,3,0,1,0,42,2,2.0,3005.0,7,0,0.0
29022,4,0,0,4,4,0,0,0,3,0,0,1,5.0,5.0,1.0,1.0,60.0,2.0,205.0,2.0,2.0,Adamawa,5,5,0,0,5,350000.0,1.0,4,4,0,1,0,42,4,7.0,54500.0,7,0,0.0
29023,7,1,0,7,7,1,2,2,6,1,1,1,7.0,7.0,1.0,1.0,40.0,2.0,205.0,2.0,2.0,Adamawa,7,6,0,0,6,780000.0,0.8571428571428571,7,7,0,1,0,42,6,12.0,386000.0,7,0,0.0
29024,1,0,0,1,1,0,0,1,1,0,1,1,1.0,1.0,1.0,2.0,76.0,2.0,205.0,2.0,2.0,Adamawa,1,1,0,0,1,100000.0,1.0,1,0,0,0,0,42,3,3.0,9400.0,7,0,0.0
29025,6,2,2,6,6,1,3,3,3,1,1,1,7.0,7.0,1.0,1.0,58.0,2.0,207.0,2.0,2.0,Adamawa,7,6,0,0,6,11800.0,0.8571428571428571,6,5,2,1,1,42,10,23.0,233000.0,7,0,0.0
29026,7,0,5,7,7,1,5,0,0,1,0,0,7.0,7.0,1.0,1.0,65.0,2.0,207.0,2.0,2.0,Adamawa,7,5,0,0,5,14500.0,0.7142857142857143,7,5,5,1,1,42,6,17.0,204500.0,7,0,0.0
29028,5,0,0,5,5,0,0,0,0,0,0,0,4.0,4.0,1.0,1.0,92.0,2.0,207.0,2.0,2.0,Adamawa,5,2,0,0,1,2500.0,0.4,5,5,0,1,0,42,3,4.0,40500.0,7,0,0.0
29029,2,1,1,2,2,1,1,1,1,1,1,1,1.0,1.0,1.0,1.0,40.0,2.0,207.0,2.0,2.0,Adamawa,2,2,0,0,2,42000.0,1.0,2,1,1,1,1,42,6,7.0,28150.0,7,0,0.0
29031,1,0,0,1,1,0,0,0,0,0,0,0,1.0,1.0,1.0,1.0,58.0,2.0,207.0,2.0,2.0,Adamawa,1,1,0,0,1,35000.0,1.0,1,0,0,0,0,42,2,2.0,5500.0,7,0,0.0
29032,2,2,1,2,2,1,2,2,2,1,1,1,4.0,4.0,1.0,1.0,67.0,2.0,207.0,2.0,2.0,Adamawa,4,2,0,0,2,1200000.0,0.5,3,2,0,1,0,42,11,21.0,483500.0,7,1,32000.0
29033,2,0,0,2,2,0,0,0,0,0,0,0,1.0,1.0,4.0,1.0,31.0,2.0,207.0,2.0,2.0,Adamawa,2,1,0,0,1,200000.0,0.5,2,1,0,1,0,42,5,5.0,420000.0,7,0,0.0
29034,8,0,0,8,8,0,0,0,0,0,0,0,11.0,11.0,1.0,1.0,74.0,2.0,207.0,2.0,2.0,Adamawa,11,1,0,0,1,250000.0,0.09090909090909091,9,2,1,1,1,42,4,9.0,64000.0,7,0,0.0
29035,7,0,1,7,7,1,0,0,0,0,0,0,11.0,11.0,1.0,1.0,75.0,2.0,207.0,2.0,2.0,Adamawa,12,8,0,0,8,1411200.0,0.6666666666666666,11,5,0,1,0,42,7,20.0,163000.0,7,1,270000.0
29036,2,0,0,2,2,0,0,0,0,0,0,0,5.0,5.0,1.0,1.0,36.0,2.0,207.0,2.0,2.0,Adamawa,4,1,0,0,1,100000.0,0.25,3,1,0,1,0,42,6,9.0,91000.0,7,0,0.0
29037,5,0,0,5,5,0,0,0,0,0,0,0,10.0,10.0,1.0,1.0,62.0,2.0,208.0,2.0,2.0,Adamawa,10,7,0,0,0,0.0,0.7,8,2,0,1,0,42,7,20.0,158500.0,7,0,0.0
29038,3,0,0,3,3,0,0,0,0,0,0,0,3.0,3.0,1.0,1.0,46.0,2.0,208.0,2.0,2.0,Adamawa,4,4,0,0,0,0.0,1.0,4,2,0,1,0,42,5,14.0,241500.0,7,0,0.0
29039,14,0,0,14,14,0,0,0,0,0,0,0,16.0,16.0,1.0,1.0,52.0,2.0,208.0,2.0,2.0,Adamawa,16,0,0,0,0,0.0,0.0,15,3,0,1,0,42,5,22.0,31000.0,7,0,0.0
29041,2,1,1,2,2,1,1,1,1,1,1,1,3.0,3.0,1.0,1.0,48.0,2.0,208.0,2.0,2.0,Adamawa,3,1,0,0,1,20000.0,0.3333333333333333,3,1,0,1,0,42,5,8.0,104000.0,7,1,8000.0
29042,5,0,0,5,5,0,0,0,0,0,0,0,6.0,6.0,1.0,1.0,36.0,2.0,208.0,2.0,2.0,Adamawa,5,2,0,0,2,180000.0,0.4,5,5,0,1,0,42,3,10.0,34000.0,7,0,0.0
29044,4,0,0,4,4,0,0,0,1,0,0,1,5.0,5.0,1.0,1.0,47.0,2.0,208.0,2.0,2.0,Adamawa,5,2,0,0,2,180000.0,0.4,5,2,0,1,0,42,4,5.0,42500.0,7,0,0.0
29045,6,0,0,6,6,0,0,1,2,0,1,1,9.0,9.0,1.0,1.0,58.0,2.0,208.0,2.0,2.0,Adamawa,9,5,0,0,5,460000.0,0.5555555555555556,7,3,0,1,0,42,4,7.0,33500.0,7,0,0.0
29046,3,0,0,3,3,0,0,0,0,0,0,0,7.0,7.0,1.0,1.0,45.0,2.0,208.0,2.0,2.0,Adamawa,7,0,0,0,0,0.0,0.0,5,1,0,1,0,42,4,11.0,28500.0,7,0,0.0
29047,8,0,0,8,8,0,0,0,0,0,0,0,14.0,14.0,1.0,1.0,50.0,2.0,208.0,2.0,2.0,Adamawa,14,8,0,0,8,1400000.0,0.5714285714285714,12,2,0,1,0,42,9,36.0,800500.0,7,0,0.0
29048,11,0,0,11,11,0,1,0,1,1,0,1,15.0,15.0,1.0,1.0,60.0,2.0,208.0,2.0,2.0,Adamawa,15,5,0,0,5,320000.0,0.3333333333333333,15,4,0,1,0,42,5,12.0,82000.0,7,0,0.0
29050,4,0,0,4,4,0,0,0,0,0,0,0,6.0,6.0,1.0,1.0,38.0,2.0,209.0,2.0,2.0,Adamawa,6,2,0,0,0,0.0,0.3333333333333333,6,2,0,1,0,42,6,16.0,289000.0,7,0,0.0
29051,4,0,0,4,4,0,1,0,0,1,0,0,3.0,3.0,1.0,1.0,78.0,2.0,209.0,2.0,2.0,Adamawa,4,4,0,0,0,0.0,1.0,4,1,0,1,0,42,3,4.0,54500.0,7,0,0.0
29052,6,0,0,6,6,0,2,0,1,1,0,1,9.0,9.0,1.0,1.0,57.0,2.0,209.0,2.0,2.0,Adamawa,8,2,0,0,0,0.0,0.25,7,1,0,1,0,42,9,25.0,105200.0,7,0,0.0
29053,7,0,0,7,7,0,0,0,0,0,0,0,7.0,7.0,1.0,1.0,77.0,2.0,209.0,2.0,2.0,Adamawa,7,0,0,0,0,0.0,0.0,7,2,0,1,0,42,2,5.0,15700.0,7,0,0.0
29054,2,0,0,2,2,0,0,0,0,0,0,0,4.0,4.0,1.0,1.0,40.0,2.0,209.0,2.0,2.0,Adamawa,4,0,0,0,0,0.0,0.0,3,0,0,0,0,42,2,3.0,16000.0,7,0,0.0
29055,4,1,1,4,4,1,1,1,1,1,1,1,8.0,8.0,1.0,1.0,39.0,2.0,209.0,2.0,2.0,Adamawa,8,0,0,0,0,0.0,0.0,6,2,0,1,0,42,3,5.0,7500.0,7,0,0.0
29056,4,0,0,4,4,0,0,4,4,0,1,1,6.0,6.0,1.0,1.0,35.0,2.0,209.0,2.0,2.0,Adamawa,8,3,0,0,3,300000.0,0.375,7,4,0,1,0,42,2,4.0,13500.0,7,0,0.0
29057,6,0,0,6,6,0,0,3,2,0,1,1,7.0,7.0,1.0,1.0,68.0,2.0,209.0,2.0,2.0,Adamawa,7,3,0,0,3,260000.0,0.42857142857142855,7,4,0,1,0,42,1,4.0,1000.0,7,0,0.0
29058,6,1,0,6,6,1,1,0,6,1,0,1,8.0,8.0,1.0,1.0,50.0,2.0,209.0,2.0,2.0,Adamawa,8,1,0,0,1,300000.0,0.125,8,7,0,1,0,42,6,13.0,455800.0,7,1,200000.0
29060,2,0,0,2,2,0,0,0,0,0,0,0,5.0,5.0,1.0,1.0,34.0,2.0,209.0,2.0,2.0,Adamawa,5,2,0,0,0,0.0,0.4,3,1,0,1,0,42,4,5.0,76500.0,7,0,0.0
29061,1,0,0,1,1,0,0,0,0,0,0,0,,,,,,,,,,,3,2,0,0,2,6500.0,0.6666666666666666,3,1,0,1,0,42,3,3.0,16000.0,7,1,200000.0
29062,3,0,0,3,3,0,0,0,0,0,0,0,5.0,5.0,1.0,1.0,43.0,2.0,210.0,2.0,2.0,Adamawa,5,4,0,0,0,0.0,0.8,5,1,0,1,0,42,3,4.0,158500.0,7,1,800000.0
29063,6,0,5,6,6,1,0,0,0,0,0,0,6.0,6.0,1.0,1.0,60.0,2.0,210.0,2.0,2.0,Adamawa,6,6,0,0,6,22500.0,1.0,6,0,0,0,0,42,3,6.0,41500.0,7,1,50000.0
29064,6,0,0,6,6,0,2,2,2,1,1,1,6.0,6.0,1.0,1.0,63.0,2.0,210.0,2.0,2.0,Adamawa,6,6,0,0,5,15000.0,1.0,6,3,0,1,0,42,6,13.0,63000.0,7,1,800000.0
29065,2,0,0,2,2,0,0,0,0,0,0,0,3.0,3.0,1.0,1.0,44.0,2.0,210.0,2.0,2.0,Adamawa,3,1,0,0,1,250000.0,0.3333333333333333,2,1,0,1,0,42,4,7.0,38000.0,7,0,0.0
29066,5,0,0,5,5,0,0,0,0,0,0,0,5.0,5.0,1.0,1.0,61.0,2.0,210.0,2.0,2.0,Adamawa,5,1,0,0,1,120000.0,0.2,5,1,0,1,0,42,5,9.0,32028.0,7,0,0.0
29068,3,0,0,3,3,0,0,0,0,0,0,0,5.0,5.0,1.0,1.0,30.0,2.0,210.0,2.0,2.0,Adamawa,6,1,0,0,1,300000.0,0.16666666666666666,4,1,0,1,0,42,3,4.0,18800.0,7,0,0.0
29070,4,1,1,4,4,1,1,1,1,1,1,1,4.0,4.0,1.0,2.0,66.0,2.0,210.0,2.0,2.0,Adamawa,4,4,0,0,2,5500.0,1.0,4,4,0,1,0,42,5,7.0,92500.0,7,0,0.0
29071,4,0,1,4,4,1,1,1,1,1,1,1,7.0,7.0,1.0,1.0,40.0,2.0,210.0,2.0,2.0,Adamawa,7,7,0,0,2,63000.0,1.0,6,6,1,1,1,42,10,15.0,391000.0,7,0,0.0
29072,3,0,0,3,3,0,0,0,0,0,0,0,4.0,4.0,1.0,1.0,48.0,2.0,210.0,2.0,2.0,Adamawa,4,4,0,0,3,7500.0,1.0,4,0,0,0,0,42,2,3.0,33000.0,7,0,0.0
29073,8,2,5,8,8,1,2,1,2,1,1,1,13.0,13.0,1.0,1.0,70.0,2.0,211.0,2.0,2.0,Adamawa,13,3,3,0,3,12500.0,0.23076923076923078,11,2,0,1,0,42,5,14.0,395000.0,7,0,0.0
29074,4,0,0,4,4,0,3,3,3,1,1,1,9.0,9.0,1.0,1.0,43.0,2.0,211.0,2.0,2.0,Adamawa,7,3,0,0,3,9000.0,0.42857142857142855,5,3,1,1,1,42,9,18.0,408500.0,7,0,0.0
29076,2,1,2,2,2,1,1,1,1,1,1,1,7.0,7.0,1.0,1.0,33.0,2.0,211.0,2.0,2.0,Adamawa,5,1,1,0,2,5000.0,0.2,3,2,0,1,0,42,5,8.0,313500.0,7,0,0.0
29077,3,1,1,3,3,1,1,1,1,1,1,1,3.0,3.0,1.0,1.0,38.0,2.0,211.0,2.0,2.0,Adamawa,4,2,1,0,3,9000.0,0.5,4,2,0,1,0,42,7,17.0,245500.0,7,0,0.0
29078,4,1,1,4,4,1,1,1,1,1,1,1,5.0,5.0,1.0,1.0,85.0,2.0,211.0,2.0,2.0,Adamawa,5,5,0,0,0,0.0,1.0,5,2,0,1,0,42,5,7.0,75500.0,7,0,0.0
29079,1,0,0,1,1,0,0,0,0,0,0,0,1.0,1.0,2.0,2.0,45.0,2.0,211.0,2.0,2.0,Adamawa,1,0,0,0,0,0.0,0.0,1,0,0,0,0,42,1,1.0,1000.0,7,0,0.0
29080,6,0,0,6,6,0,0,1,0,0,1,0,14.0,14.0,1.0,1.0,50.0,2.0,211.0,2.0,2.0,Adamawa,10,1,0,0,1,100000.0,0.1,8,1,0,1,0,42,4,7.0,326000.0,7,0,0.0
29082,7,0,0,7,7,0,1,1,1,1,1,1,10.0,10.0,1.0,1.0,64.0,2.0,211.0,2.0,2.0,Adamawa,10,8,0,0,5,13500.0,0.8,9,6,1,1,1,42,7,19.0,250500.0,7,0,0.0
29083,5,0,0,5,5,0,0,0,0,0,0,0,9.0,9.0,1.0,1.0,48.0,2.0,211.0,2.0,2.0,Adamawa,9,1,0,0,1,200000.0,0.1111111111111111,7,1,0,1,0,42,4,6.0,109200.0,7,0,0.0
29084,1,0,0,1,1,0,0,0,0,0,0,0,1.0,1.0,1.0,2.0,68.0,2.0,211.0,2.0,2.0,Adamawa,1,0,0,0,0,0.0,0.0,1,0,0,0,0,42,1,1.0,5000.0,7,0,0.0
29085,3,1,1,3,3,1,1,1,1,1,1,1,4.0,4.0,1.0,1.0,34.0,2.0,211.0,2.0,2.0,Adamawa,4,2,1,0,3,57000.0,0.5,4,3,2,1,1,42,4,7.0,90000.0,7,1,300000.0
29086,7,0,0,7,7,0,0,0,0,0,0,0,12.0,12.0,1.0,1.0,52.0,2.0,211.0,2.0,2.0,Adamawa,12,0,1,0,1,20000.0,0.0,12,1,0,1,0,42,4,7.0,23500.0,7,0,0.0
29087,8,0,0,8,8,0,0,0,0,0,0,0,9.0,9.0,2.0,2.0,53.0,2.0,211.0,2.0,2.0,Adamawa,9,9,0,0,3,10500.0,1.0,9,2,0,1,0,42,5,10.0,251500.0,7,0,0.0
29089,10,2,2,10,10,1,2,2,2,1,1,1,15.0,15.0,1.0,1.0,48.0,2.0,211.0,2.0,2.0,Adamawa,15,5,0,0,1,10000.0,0.3333333333333333,15,9,0,1,0,42,7,18.0,290600.0,7,0,0.0
29090,2,1,1,2,2,1,1,1,1,1,1,1,4.0,4.0,1.0,1.0,36.0,2.0,211.0,2.0,2.0,Adamawa,4,3,0,0,2,10000.0,0.75,3,2,0,1,0,42,8,12.0,392500.0,7,0,0.0
29091,12,2,4,12,12,1,2,2,2,1,1,1,15.0,15.0,1.0,1.0,70.0,2.0,211.0,2.0,2.0,Adamawa,15,9,1,0,2,8500.0,0.6,14,6,0,1,0,42,6,21.0,218000.0,7,0,0.0
29092,5,1,1,5,5,1,1,1,1,1,1,1,13.0,13.0,1.0,1.0,40.0,2.0,211.0,2.0,2.0,Adamawa,11,5,0,0,4,42000.0,0.45454545454545453,7,5,1,1,1,42,7,22.0,408000.0,7,0,0.0
29094,9,2,3,9,9,1,2,2,2,1,1,1,9.0,9.0,1.0,2.0,58.0,2.0,211.0,2.0,2.0,Adamawa,9,7,0,0,0,0.0,0.7777777777777778,9,4,0,1,0,42,3,8.0,32000.0,7,0,0.0
29095,2,0,0,2,2,0,0,0,0,0,0,0,5.0,5.0,1.0,1.0,33.0,2.0,211.0,2.0,2.0,Adamawa,6,0,1,0,1,5000.0,0.0,3,1,0,1,0,42,4,7.0,65800.0,7,0,0.0
29096,3,0,0,3,3,0,0,0,0,0,0,0,9.0,9.0,1.0,1.0,41.0,2.0,211.0,2.0,2.0,Adamawa,8,1,0,0,1,80000.0,0.125,4,1,0,1,0,42,3,5.0,24000.0,7,0,0.0
29097,2,0,0,2,2,0,0,0,0,0,0,0,3.0,3.0,1.0,1.0,32.0,2.0,211.0,2.0,2.0,Adamawa,3,1,0,0,1,3000.0,0.3333333333333333,2,1,0,1,0,42,2,4.0,6500.0,7,0,0.0
29099,6,0,0,6,6,0,0,0,0,0,0,0,8.0,8.0,1.0,1.0,61.0,2.0,211.0,2.0,2.0,Adamawa,9,5,0,0,1,3000.0,0.5555555555555556,8,3,0,1,0,42,6,15.0,77600.0,7,0,0.0
29100,1,0,0,1,1,0,0,0,0,0,0,0,2.0,2.0,1.0,2.0,65.0,2.0,211.0,2.0,2.0,Adamawa,2,2,0,0,0,0.0,1.0,2,0,0,0,0,42,4,4.0,57600.0,7,0,0.0
29101,3,1,2,3,3,1,1,1,1,1,1,1,10.0,10.0,1.0,1.0,57.0,2.0,211.0,2.0,2.0,Adamawa,8,1,0,0,1,10000.0,0.125,5,2,2,1,1,42,7,14.0,403500.0,7,0,0.0
29102,3,0,0,3,3,0,0,0,0,0,0,0,7.0,7.0,1.0,1.0,44.0,2.0,211.0,2.0,2.0,Adamawa,7,1,0,0,1,30000.0,0.14285714285714285,4,1,0,1,0,42,3,6.0,12000.0,7,0,0.0
29103,2,0,0,2,2,0,0,0,0,0,0,0,3.0,3.0,1.0,1.0,51.0,2.0,211.0,2.0,2.0,Adamawa,3,3,0,0,2,7500.0,1.0,3,2,0,1,0,42,6,8.0,293500.0,7,0,0.0
29104,8,2,4,8,8,1,2,2,2,1,1,1,14.0,14.0,1.0,1.0,45.0,2.0,211.0,2.0,2.0,Adamawa,13,5,2,0,7,29500.0,0.38461538461538464,11,1,0,1,0,42,5,13.0,321500.0,7,0,0.0
29105,3,0,0,3,3,0,0,0,0,0,0,0,7.0,7.0,1.0,1.0,43.0,2.0,211.0,2.0,2.0,Adamawa,6,0,1,0,1,50000.0,0.0,5,1,0,1,0,42,4,8.0,15000.0,7,0,0.0
29107,1,0,0,1,1,0,0,0,0,0,0,0,1.0,1.0,1.0,2.0,70.0,2.0,211.0,2.0,2.0,Adamawa,1,0,0,0,0,0.0,0.0,1,0,0,0,0,42,2,2.0,13500.0,7,0,0.0
29108,8,0,0,8,8,0,0,0,0,0,0,0,13.0,13.0,1.0,1.0,58.0,2.0,211.0,2.0,2.0,Adamawa,13,1,0,0,1,10000.0,0.07692307692307693,13,1,0,1,0,42,3,4.0,136000.0,7,0,0.0
29109,8,0,0,8,8,0,0,0,2,0,0,1,10.0,10.0,1.0,1.0,43.0,2.0,212.0,2.0,2.0,Adamawa,10,2,0,0,0,0.0,0.2,10,2,0,1,0,42,6,21.0,225400.0,7,0,0.0
29110,1,0,0,1,1,0,0,0,0,0,0,0,1.0,1.0,1.0,2.0,66.0,2.0,212.0,2.0,2.0,Adamawa,1,1,0,0,0,0.0,1.0,1,0,0,0,0,42,3,3.0,8500.0,7,0,0.0
29111,2,1,1,2,2,1,1,1,1,1,1,1,2.0,2.0,1.0,1.0,50.0,2.0,212.0,2.0,2.0,Adamawa,2,1,0,0,1,15000.0,0.5,2,2,1,1,1,42,6,8.0,177000.0,7,0,0.0
29112,5,0,0,5,5,0,0,0,0,0,0,0,7.0,7.0,1.0,1.0,53.0,2.0,212.0,2.0,2.0,Adamawa,7,4,0,0,4,400000.0,0.5714285714285714,5,4,0,1,0,42,3,12.0,46500.0,7,0,0.0
29113,2,0,0,2,2,0,0,0,0,0,0,0,2.0,2.0,1.0,2.0,68.0,2.0,212.0,2.0,2.0,Adamawa,2,0,0,0,0,0.0,0.0,2,1,0,1,0,42,4,5.0,19000.0,7,0,0.0
29115,2,2,2,2,2,1,2,2,2,1,1,1,4.0,4.0,1.0,1.0,51.0,2.0,212.0,2.0,2.0,Adamawa,4,0,0,0,0,0.0,0.0,3,2,2,1,1,42,6,10.0,69000.0,7,0,0.0
29116,6,0,0,6,6,0,3,0,3,1,0,1,5.0,5.0,1.0,1.0,63.0,2.0,212.0,2.0,2.0,Adamawa,6,5,0,0,0,0.0,0.8333333333333334,6,4,0,1,0,42,9,30.0,72800.0,7,0,0.0
29118,5,2,2,5,5,1,2,2,2,1,1,1,9.0,9.0,1.0,1.0,72.0,2.0,212.0,2.0,2.0,Adamawa,7,1,0,0,1,250000.0,0.14285714285714285,7,2,2,1,1,42,3,9.0,71800.0,7,0,0.0
29119,5,0,0,5,5,0,0,1,5,0,1,1,5.0,5.0,2.0,2.0,45.0,2.0,212.0,2.0,2.0,Adamawa,5,5,0,0,5,460000.0,1.0,5,3,0,1,0,42,4,7.0,56000.0,7,0,0.0
29120,3,0,0,3,3,0,2,0,0,1,0,0,3.0,3.0,2.0,1.0,32.0,2.0,212.0,2.0,2.0,Adamawa,3,2,0,0,0,0.0,0.6666666666666666,3,3,0,1,0,42,7,13.0,211000.0,7,0,0.0
29121,2,0,0,2,2,0,1,0,0,1,0,0,5.0,5.0,1.0,1.0,42.0,4.0,408.0,4.0,2.0,Anambra,5,2,0,0,2,20000.0,0.4,5,2,0,1,0,42,5,8.0,61000.0,7,0,0.0
29122,5,0,0,5,5,0,0,0,0,0,0,0,6.0,6.0,1.0,1.0,70.0,2.0,212.0,2.0,2.0,Adamawa,6,5,0,0,0,0.0,0.8333333333333334,5,2,0,1,0,42,4,9.0,39500.0,7,0,0.0
29123,2,0,0,2,2,0,0,0,0,0,0,0,3.0,3.0,1.0,1.0,32.0,2.0,212.0,2.0,2.0,Adamawa,3,1,0,0,0,0.0,0.3333333333333333,2,1,0,1,0,42,5,12.0,39500.0,7,0,0.0
29124,5,0,0,5,5,0,1,0,0,1,0,0,10.0,10.0,1.0,1.0,59.0,2.0,212.0,2.0,2.0,Adamawa,10,4,0,0,0,0.0,0.4,7,3,0,1,0,42,6,18.0,197500.0,7,0,0.0
29126,3,1,1,3,3,1,1,1,1,1,1,1,5.0,5.0,1.0,1.0,35.0,2.0,212.0,2.0,2.0,Adamawa,4,0,0,0,0,0.0,0.0,3,2,0,1,0,42,3,4.0,92000.0,7,0,0.0
29127,3,1,1,3,3,1,1,1,1,1,1,1,5.0,5.0,1.0,1.0,55.0,2.0,212.0,2.0,2.0,Adamawa,5,1,0,0,1,40000.0,0.2,5,3,0,1,0,42,8,22.0,211000.0,7,0,0.0
29128,4,0,0,4,4,0,0,0,0,0,0,0,4.0,4.0,1.0,1.0,47.0,2.0,212.0,2.0,2.0,Adamawa,4,0,0,0,0,0.0,0.0,4,2,0,1,0,42,2,4.0,4000.0,7,0,0.0
29130,4,0,0,4,4,0,0,4,0,0,1,0,6.0,6.0,1.0,1.0,40.0,2.0,212.0,2.0,2.0,Adamawa,5,1,0,0,1,100000.0,0.2,4,3,0,1,0,42,4,5.0,46000.0,7,0,0.0
29131,3,0,0,3,3,0,0,0,3,0,0,1,7.0,7.0,1.0,1.0,54.0,2.0,212.0,2.0,2.0,Adamawa,7,2,0,0,1,40000.0,0.2857142857142857,4,2,0,1,0,42,5,8.0,19700.0,7,0,0.0
29132,7,0,0,7,7,0,0,0,0,0,0,0,12.0,12.0,1.0,1.0,45.0,2.0,212.0,2.0,2.0,Adamawa,11,1,0,0,2,200000.0,0.09090909090909091,9,2,0,1,0,42,5,9.0,57600.0,7,0,0.0
29133,5,0,2,5,5,1,2,2,2,1,1,1,8.0,8.0,1.0,1.0,49.0,2.0,213.0,2.0,1.0,Adamawa,8,6,0,0,6,53500.0,0.75,7,4,4,1,1,42,8,20.0,294500.0,7,0,0.0
29134,1,0,0,1,1,0,0,0,0,0,0,0,1.0,1.0,1.0,2.0,58.0,2.0,213.0,2.0,1.0,Adamawa,1,1,0,0,0,0.0,1.0,1,0,0,0,0,42,2,2.0,11500.0,7,0,0.0
29135,6,1,4,6,6,1,4,0,4,1,0,1,9.0,9.0,1.0,1.0,63.0,2.0,213.0,2.0,1.0,Adamawa,8,0,0,0,0,0.0,0.0,7,6,3,1,1,42,9,29.0,204500.0,7,1,180000.0
29136,2,2,2,2,2,1,2,2,2,1,1,1,5.0,5.0,1.0,1.0,35.0,2.0,213.0,2.0,1.0,Adamawa,4,2,0,0,2,18000.0,0.5,2,2,2,1,1,42,7,11.0,74500.0,7,0,0.0
29138,6,0,2,6,6,1,1,0,1,1,0,1,12.0,12.0,1.0,1.0,61.0,2.0,213.0,2.0,1.0,Adamawa,11,0,2,0,2,40000.0,0.0,9,5,3,1,1,42,7,22.0,86200.0,7,0,0.0
29139,2,1,1,2,2,1,1,1,1,1,1,1,8.0,8.0,1.0,1.0,50.0,2.0,213.0,2.0,1.0,Adamawa,6,4,0,0,4,30500.0,0.6666666666666666,4,3,0,1,0,42,7,13.0,299400.0,7,0,0.0
29140,9,0,0,9,9,0,0,0,0,0,0,0,9.0,9.0,1.0,1.0,77.0,2.0,213.0,2.0,1.0,Adamawa,9,0,1,0,1,20000.0,0.0,9,1,0,1,0,42,5,9.0,43000.0,7,0,0.0
29142,7,2,2,7,7,1,2,2,2,1,1,1,11.0,11.0,1.0,1.0,60.0,2.0,213.0,2.0,1.0,Adamawa,11,8,0,0,6,21500.0,0.7272727272727273,10,7,3,1,1,42,8,17.0,276000.0,7,0,0.0
29143,3,0,0,3,3,0,0,1,0,0,1,0,8.0,8.0,1.0,1.0,48.0,2.0,213.0,2.0,1.0,Adamawa,8,1,0,0,1,3000.0,0.125,4,1,0,1,0,42,6,11.0,53000.0,7,0,0.0
29144,1,1,1,1,1,1,1,1,1,1,1,1,1.0,1.0,1.0,1.0,51.0,2.0,213.0,2.0,1.0,Adamawa,1,1,0,0,1,10000.0,1.0,1,1,0,1,0,42,4,4.0,205500.0,7,0,0.0
29147,3,0,1,3,3,1,1,0,0,1,0,0,7.0,7.0,1.0,1.0,36.0,2.0,213.0,2.0,2.0,Adamawa,6,5,0,0,5,177500.0,0.8333333333333334,4,1,0,1,0,42,3,3.0,10500.0,7,0,0.0
29148,5,0,2,5,5,1,0,0,0,0,0,0,7.0,7.0,1.0,1.0,46.0,2.0,213.0,2.0,2.0,Adamawa,7,5,0,0,5,29500.0,0.7142857142857143,5,2,2,1,1,42,5,9.0,638500.0,7,0,0.0
29149,5,0,1,5,5,1,0,0,0,0,0,0,6.0,6.0,1.0,1.0,48.0,2.0,213.0,2.0,2.0,Adamawa,6,5,0,0,5,13000.0,0.8333333333333334,6,2,0,1,0,42,2,3.0,3500.0,7,0,0.0
29150,7,0,0,7,7,0,0,0,0,0,0,0,8.0,8.0,1.0,1.0,66.0,2.0,213.0,2.0,2.0,Adamawa,8,1,0,0,1,100000.0,0.125,8,1,0,1,0,42,4,7.0,75600.0,7,0,0.0
29151,4,0,0,4,4,0,0,0,0,0,0,0,4.0,4.0,1.0,1.0,63.0,2.0,213.0,2.0,2.0,Adamawa,4,1,0,0,1,250000.0,0.25,4,0,0,0,0,42,1,4.0,7500.0,7,0,0.0
29152,5,0,0,5,5,0,0,0,0,0,0,0,8.0,8.0,1.0,1.0,56.0,2.0,213.0,2.0,2.0,Adamawa,8,1,0,0,1,130000.0,0.125,6,1,0,1,0,42,2,4.0,21300.0,7,0,0.0
29153,2,0,0,2,2,0,0,0,0,0,0,0,5.0,5.0,1.0,1.0,41.0,2.0,213.0,2.0,2.0,Adamawa,5,1,0,0,0,0.0,0.2,4,1,0,1,0,42,3,5.0,21000.0,7,0,0.0
29154,5,0,0,5,5,0,0,0,0,0,0,0,6.0,6.0,2.0,2.0,38.0,2.0,213.0,2.0,2.0,Adamawa,6,6,0,0,1,3000.0,1.0,6,5,0,1,0,42,4,4.0,45000.0,7,0,0.0
29155,2,0,0,2,2,0,0,0,0,0,0,0,4.0,4.0,1.0,1.0,31.0,2.0,213.0,2.0,2.0,Adamawa,4,3,0,0,2,5500.0,0.75,2,1,0,1,0,42,3,3.0,48500.0,7,0,0.0
29156,3,0,0,3,3,0,1,1,1,1,1,1,3.0,3.0,1.0,1.0,80.0,2.0,213.0,2.0,2.0,Adamawa,3,2,0,0,1,3000.0,0.6666666666666666,3,1,0,1,0,42,2,3.0,26500.0,7,0,0.0
29158,1,0,0,1,1,0,0,0,0,0,0,0,1.0,1.0,1.0,2.0,50.0,2.0,213.0,2.0,2.0,Adamawa,1,0,0,0,0,0.0,0.0,1,1,0,1,0,42,2,2.0,12000.0,7,0,0.0
29160,5,0,0,5,5,0,0,1,0,0,1,0,5.0,5.0,1.0,1.0,79.0,2.0,213.0,2.0,2.0,Adamawa,5,1,0,0,0,0.0,0.2,5,1,0,1,0,42,6,17.0,781500.0,7,0,0.0
29161,3,2,2,3,3,1,3,2,2,1,1,1,5.0,5.0,1.0,2.0,71.0,2.0,213.0,2.0,2.0,Adamawa,5,3,0,0,2,49300.0,0.6,4,4,2,1,1,42,11,21.0,441200.0,7,0,0.0
29162,4,0,0,4,4,0,2,2,2,1,1,1,5.0,5.0,1.0,1.0,73.0,2.0,213.0,2.0,2.0,Adamawa,5,4,0,0,0,0.0,0.8,5,3,0,1,0,42,4,11.0,32000.0,7,0,0.0
29163,2,0,1,2,2,1,1,1,1,1,1,1,2.0,2.0,1.0,1.0,46.0,2.0,213.0,2.0,2.0,Adamawa,2,2,0,0,0,0.0,1.0,2,1,0,1,0,42,3,3.0,40500.0,7,0,0.0
29164,1,0,0,1,1,0,0,0,0,0,0,0,1.0,1.0,2.0,2.0,45.0,2.0,213.0,2.0,2.0,Adamawa,1,0,1,0,1,3000.0,0.0,1,1,0,1,0,42,1,1.0,250.0,7,0,0.0
29165,5,0,5,5,5,1,0,0,0,0,0,0,5.0,5.0,2.0,2.0,45.0,2.0,213.0,2.0,2.0,Adamawa,5,5,0,0,0,0.0,1.0,5,2,0,1,0,42,3,4.0,16000.0,7,0,0.0
29166,2,0,2,2,2,1,0,0,0,0,0,0,6.0,6.0,1.0,1.0,43.0,2.0,213.0,2.0,2.0,Adamawa,6,3,0,0,0,0.0,0.5,3,2,0,1,0,42,4,5.0,254000.0,7,0,0.0
29167,11,2,2,11,11,1,4,4,4,1,1,1,11.0,11.0,1.0,1.0,63.0,2.0,213.0,2.0,2.0,Adamawa,11,11,0,0,2,5000.0,1.0,11,7,1,1,1,42,7,17.0,234000.0,7,0,0.0
29168,4,0,0,4,4,0,0,0,0,0,0,0,7.0,7.0,1.0,1.0,40.0,2.0,213.0,2.0,2.0,Adamawa,7,0,1,0,1,50000.0,0.0,5,1,0,1,0,42,5,9.0,424500.0,7,0,0.0
29169,7,1,5,7,7,1,3,1,1,1,1,1,10.0,10.0,1.0,1.0,54.0,2.0,215.0,2.0,2.0,Adamawa,10,7,0,0,0,0.0,0.7,10,4,0,1,0,42,4,12.0,67500.0,7,0,0.0
29170,3,0,0,3,3,0,0,0,0,0,0,0,5.0,5.0,1.0,1.0,48.0,2.0,215.0,2.0,2.0,Adamawa,5,1,0,0,1,100000.0,0.2,5,1,0,1,0,42,3,6.0,7500.0,7,0,0.0
29171,3,0,0,3,3,0,0,0,0,0,0,0,5.0,5.0,1.0,1.0,58.0,2.0,215.0,2.0,2.0,Adamawa,6,1,0,0,0,0.0,0.16666666666666666,4,1,0,1,0,42,3,3.0,18700.0,7,0,0.0
29172,4,0,0,4,4,0,0,0,0,0,0,0,6.0,6.0,1.0,1.0,48.0,2.0,215.0,2.0,2.0,Adamawa,6,1,0,0,1,120000.0,0.16666666666666666,6,1,0,1,0,42,4,4.0,82000.0,7,0,0.0
29173,4,0,0,4,4,0,0,1,0,0,1,0,4.0,4.0,1.0,2.0,48.0,2.0,215.0,2.0,2.0,Adamawa,4,1,0,0,1,3000.0,0.25,4,1,0,1,0,42,3,4.0,57000.0,7,0,0.0
29174,5,0,0,5,5,0,1,1,1,1,1,1,8.0,8.0,1.0,1.0,52.0,2.0,215.0,2.0,2.0,Adamawa,8,3,0,0,1,5000.0,0.375,8,3,0,1,0,42,10,22.0,792500.0,7,0,0.0
29175,2,2,2,2,2,1,2,2,2,1,1,1,2.0,2.0,1.0,1.0,40.0,2.0,215.0,2.0,2.0,Adamawa,3,3,0,0,3,10000.0,1.0,3,2,2,1,1,42,7,14.0,378500.0,7,0,0.0
29176,5,1,3,5,5,1,1,0,1,1,0,1,7.0,7.0,1.0,1.0,63.0,2.0,215.0,2.0,2.0,Adamawa,7,4,0,0,0,0.0,0.5714285714285714,7,0,0,0,0,42,4,7.0,13700.0,7,0,0.0
29178,4,0,0,4,4,0,1,1,1,1,1,1,8.0,8.0,1.0,1.0,40.0,2.0,215.0,2.0,2.0,Adamawa,7,2,0,0,2,37000.0,0.2857142857142857,6,2,0,1,0,42,6,12.0,218500.0,7,0,0.0
29179,9,1,1,9,9,1,3,3,3,1,1,1,15.0,15.0,1.0,1.0,54.0,2.0,215.0,2.0,2.0,Adamawa,15,8,0,0,3,11000.0,0.5333333333333333,13,8,1,1,1,42,13,42.0,729100.0,7,0,0.0
29181,2,1,1,2,2,1,1,1,1,1,1,1,4.0,4.0,1.0,1.0,38.0,2.0,218.0,2.0,2.0,Adamawa,5,0,0,0,0,0.0,0.0,4,1,1,1,1,42,3,3.0,61500.0,7,0,0.0
29182,2,1,1,2,2,1,1,1,1,1,1,1,4.0,4.0,1.0,1.0,42.0,2.0,218.0,2.0,2.0,Adamawa,4,1,0,0,0,0.0,0.25,3,1,1,1,1,42,6,10.0,80500.0,7,0,0.0
29183,4,0,0,4,4,0,0,0,0,0,0,0,5.0,5.0,1.0,2.0,44.0,2.0,218.0,2.0,2.0,Adamawa,6,0,1,0,1,15000.0,0.0,5,2,0,1,0,42,8,19.0,104500.0,7,1,5000.0
29185,6,1,1,6,6,1,2,2,1,1,1,1,11.0,11.0,1.0,1.0,84.0,2.0,218.0,2.0,2.0,Adamawa,10,2,0,0,1,45000.0,0.2,7,3,1,1,1,42,6,17.0,64500.0,7,0,0.0
29186,10,0,0,10,10,0,0,0,5,0,0,1,14.0,14.0,1.0,2.0,72.0,2.0,218.0,2.0,2.0,Adamawa,14,5,0,0,5,200000.0,0.35714285714285715,14,4,0,1,0,42,4,9.0,3517.0,7,0,0.0
29187,6,1,0,6,6,1,2,1,5,1,1,1,8.0,8.0,1.0,2.0,62.0,2.0,218.0,2.0,2.0,Adamawa,8,8,0,0,7,390000.0,1.0,8,5,1,1,1,42,4,5.0,33500.0,7,0,0.0
29188,8,4,0,8,8,1,6,2,7,1,1,1,8.0,8.0,1.0,1.0,54.0,2.0,207.0,2.0,2.0,Adamawa,9,7,0,1,4,350000.0,0.7777777777777778,9,9,6,1,1,42,14,36.0,847500.0,7,1,25000.0
29189,1,0,0,1,1,0,1,0,1,1,0,1,1.0,1.0,1.0,2.0,51.0,2.0,218.0,2.0,2.0,Adamawa,1,1,0,0,1,30000.0,1.0,1,1,0,1,0,42,10,14.0,156000.0,7,0,0.0
29191,5,0,0,5,5,0,1,0,0,1,0,0,6.0,6.0,1.0,1.0,48.0,2.0,218.0,2.0,2.0,Adamawa,6,2,0,0,2,115000.0,0.3333333333333333,6,1,0,1,0,42,4,9.0,33000.0,7,0,0.0
29192,1,0,0,1,1,0,1,0,0,1,0,0,1.0,1.0,1.0,1.0,47.0,2.0,218.0,2.0,2.0,Adamawa,1,1,0,0,1,180000.0,1.0,1,1,0,1,0,42,8,11.0,61500.0,7,0,0.0
29193,7,0,0,7,7,0,0,0,0,0,0,0,10.0,10.0,1.0,1.0,58.0,2.0,219.0,2.0,2.0,Adamawa,10,0,0,0,0,0.0,0.0,8,2,0,1,0,42,4,6.0,37500.0,7,0,0.0
29194,7,0,1,7,7,1,1,1,7,1,1,1,11.0,11.0,1.0,1.0,46.0,2.0,219.0,2.0,2.0,Adamawa,11,4,0,0,4,340000.0,0.36363636363636365,10,5,0,1,0,42,4,9.0,34025.0,7,0,0.0
29195,4,1,0,4,4,1,1,0,1,1,0,1,7.0,7.0,1.0,1.0,30.0,2.0,219.0,2.0,2.0,Adamawa,6,1,0,0,0,0.0,0.16666666666666666,4,3,0,1,0,42,7,18.0,262500.0,7,0,0.0
29196,6,0,0,6,6,0,0,0,0,0,0,0,7.0,7.0,1.0,1.0,43.0,2.0,219.0,2.0,2.0,Adamawa,7,4,0,0,4,4800000.0,0.5714285714285714,7,3,0,1,0,42,8,23.0,420000.0,7,0,0.0
29198,5,1,0,5,5,1,1,0,0,1,0,0,6.0,6.0,1.0,1.0,41.0,2.0,219.0,2.0,2.0,Adamawa,6,1,0,0,0,0.0,0.16666666666666666,5,1,0,1,0,42,7,10.0,293500.0,7,1,100000.0
29199,4,0,0,4,4,0,0,0,0,0,0,0,5.0,5.0,1.0,1.0,53.0,2.0,219.0,2.0,2.0,Adamawa,5,4,0,0,2,602000.0,0.8,5,1,0,1,0,42,7,16.0,46500.0,7,0,0.0
29200,5,0,0,5,5,0,0,0,0,0,0,0,8.0,8.0,1.0,1.0,39.0,2.0,219.0,2.0,2.0,Adamawa,8,0,0,1,1,15000.0,0.0,6,3,2,1,1,42,5,12.0,88200.0,7,0,0.0
29202,2,0,0,2,2,0,0,0,1,0,0,1,6.0,6.0,1.0,1.0,39.0,2.0,219.0,2.0,2.0,Adamawa,6,3,0,0,3,170000.0,0.5,4,2,0,1,0,42,4,6.0,39300.0,7,0,0.0
29203,5,0,0,5,5,0,1,0,5,1,0,1,9.0,9.0,1.0,1.0,54.0,2.0,219.0,2.0,2.0,Adamawa,9,4,0,0,4,290000.0,0.4444444444444444,6,6,0,1,0,42,3,11.0,45500.0,7,0,0.0
29204,6,1,1,6,6,1,1,1,1,1,1,1,9.0,9.0,1.0,1.0,40.0,2.0,219.0,2.0,2.0,Adamawa,9,0,0,0,0,0.0,0.0,7,2,2,1,1,42,4,7.0,236500.0,7,1,150.0
29206,9,5,4,9,9,1,6,1,1,1,1,1,11.0,11.0,1.0,1.0,55.0,2.0,220.0,2.0,2.0,Adamawa,11,7,0,0,8,496000.0,0.6363636363636364,11,8,7,1,1,42,11,27.0,677000.0,7,1,15000.0
29208,6,1,2,6,6,1,1,4,5,1,1,1,8.0,8.0,1.0,1.0,59.0,2.0,220.0,2.0,2.0,Adamawa,8,3,0,0,3,50000.0,0.375,8,6,5,1,1,42,7,17.0,84500.0,7,0,0.0
29209,8,3,0,8,8,1,4,1,2,1,1,1,8.0,8.0,1.0,2.0,43.0,2.0,220.0,2.0,2.0,Adamawa,9,9,0,0,9,5500.0,1.0,9,7,1,1,1,42,9,39.0,276800.0,7,0,0.0
29210,3,1,0,3,3,1,2,1,0,1,1,0,2.0,2.0,1.0,1.0,44.0,2.0,220.0,2.0,2.0,Adamawa,3,1,0,0,0,0.0,0.3333333333333333,3,3,1,1,1,42,11,19.0,757000.0,7,0,0.0
29211,6,2,2,6,6,1,5,1,1,1,1,1,9.0,9.0,1.0,1.0,46.0,2.0,220.0,2.0,2.0,Adamawa,10,1,0,0,1,2000.0,0.1,8,7,2,1,1,42,14,45.0,1088500.0,7,1,100000.0
29212,7,1,0,7,7,1,5,0,4,1,0,1,8.0,8.0,1.0,1.0,47.0,2.0,220.0,2.0,2.0,Adamawa,10,1,0,0,1,10000.0,0.1,9,7,1,1,1,42,14,33.0,190600.0,7,0,0.0
29213,2,1,1,2,2,1,1,1,1,1,1,1,4.0,4.0,1.0,2.0,52.0,2.0,220.0,2.0,2.0,Adamawa,4,2,0,0,2,5000.0,0.5,3,1,1,1,1,42,5,10.0,58500.0,7,0,0.0
29214,10,4,4,10,10,1,4,5,4,1,1,1,12.0,12.0,1.0,1.0,50.0,2.0,220.0,2.0,2.0,Adamawa,12,4,0,0,4,37000.0,0.3333333333333333,12,7,4,1,1,42,9,25.0,39500.0,7,3,65000.0
29215,2,1,0,2,2,1,1,0,0,1,0,0,3.0,3.0,1.0,1.0,38.0,2.0,220.0,2.0,2.0,Adamawa,3,1,0,0,1,15000.0,0.3333333333333333,2,2,1,1,1,42,14,18.0,352000.0,7,0,0.0
29216,3,1,0,3,3,1,0,0,0,0,0,0,7.0,7.0,1.0,1.0,46.0,2.0,220.0,2.0,2.0,Adamawa,7,1,0,0,1,20000.0,0.14285714285714285,5,1,0,1,0,42,4,5.0,6500.0,7,0,0.0
29217,6,1,1,6,6,1,1,2,0,1,1,0,7.0,7.0,1.0,1.0,61.0,2.0,221.0,2.0,1.0,Adamawa,7,2,0,0,2,80000.0,0.2857142857142857,7,3,1,1,1,42,8,19.0,134500.0,7,1,25000.0
29218,5,0,0,5,5,0,5,0,0,1,0,0,11.0,11.0,1.0,1.0,49.0,2.0,221.0,2.0,1.0,Adamawa,11,1,0,0,1,10000.0,0.09090909090909091,9,5,0,1,0,42,12,37.0,338500.0,7,0,0.0
29219,5,1,1,5,5,1,2,1,1,1,1,1,4.0,4.0,1.0,1.0,61.0,2.0,221.0,2.0,1.0,Adamawa,5,4,0,0,4,53000.0,0.8,5,2,1,1,1,42,9,19.0,77000.0,7,0,0.0
29220,4,2,2,4,4,1,2,0,4,1,0,1,7.0,7.0,1.0,1.0,41.0,2.0,221.0,2.0,1.0,Adamawa,7,3,0,0,3,320000.0,0.42857142857142855,6,5,0,1,0,42,6,15.0,45000.0,7,0,0.0
29221,4,3,0,4,4,1,2,1,4,1,1,1,9.0,9.0,1.0,1.0,55.0,2.0,221.0,2.0,1.0,Adamawa,8,3,1,0,4,120000.0,0.375,7,2,0,1,0,42,3,4.0,20000.0,7,0,0.0
29223,2,0,0,2,2,0,2,0,0,1,0,0,3.0,3.0,1.0,1.0,37.0,2.0,221.0,2.0,1.0,Adamawa,4,0,0,0,0,0.0,0.0,3,2,0,1,0,42,5,14.0,48000.0,7,0,0.0
29224,6,0,0,6,6,0,5,0,0,1,0,0,7.0,7.0,1.0,1.0,55.0,2.0,221.0,2.0,1.0,Adamawa,7,1,0,0,0,0.0,0.14285714285714285,7,7,0,1,0,42,14,43.0,243500.0,7,0,0.0
29226,2,0,0,2,2,0,2,2,2,1,1,1,4.0,4.0,1.0,1.0,41.0,2.0,221.0,2.0,1.0,Adamawa,4,1,0,0,1,5000.0,0.25,2,2,0,1,0,42,9,10.0,25500.0,7,0,0.0
29227,7,2,2,7,7,1,3,4,2,1,1,1,7.0,7.0,1.0,1.0,32.0,2.0,221.0,2.0,1.0,Adamawa,7,3,0,0,1,45000.0,0.42857142857142855,7,3,4,1,1,42,6,11.0,65000.0,7,0,0.0
29228,6,2,0,6,6,1,2,2,5,1,1,1,7.0,7.0,2.0,2.0,56.0,2.0,221.0,2.0,1.0,Adamawa,7,2,0,0,2,55000.0,0.2857142857142857,7,2,1,1,1,42,5,6.0,51000.0,7,1,60000.0
30021,4,4,0,4,4,1,4,4,0,1,1,0,4.0,4.0,1.0,1.0,48.0,3.0,316.0,5.0,2.0,Akwa Ibom,4,1,0,0,3,17000.0,0.25,4,4,4,1,1,42,15,26.0,217000.0,7,1,108000.0
30022,3,2,1,3,3,1,2,0,0,1,0,0,3.0,3.0,1.0,1.0,70.0,3.0,316.0,5.0,2.0,Akwa Ibom,3,1,0,0,0,0.0,0.3333333333333333,3,3,1,1,1,42,14,29.0,90500.0,7,1,200000.0
30023,5,5,0,5,5,1,5,1,0,1,1,0,7.0,7.0,1.0,1.0,68.0,3.0,316.0,5.0,2.0,Akwa Ibom,7,1,1,0,1,60000.0,0.14285714285714285,6,5,5,1,1,42,18,49.0,1584500.0,7,1,600000.0
30024,5,3,2,5,5,1,3,2,3,1,1,1,3.0,3.0,1.0,1.0,54.0,3.0,316.0,5.0,2.0,Akwa Ibom,5,4,0,0,4,51000.0,0.8,5,5,5,1,1,42,19,42.0,3823500.0,7,3,410000.0
30025,1,0,0,1,1,0,1,0,1,1,0,1,1.0,1.0,3.0,1.0,38.0,3.0,316.0,5.0,2.0,Akwa Ibom,1,0,0,0,0,0.0,0.0,1,1,1,1,1,42,9,15.0,646000.0,7,1,200000.0
30026,4,2,0,4,4,1,0,0,0,0,0,0,7.0,7.0,1.0,1.0,45.0,3.0,316.0,5.0,2.0,Akwa Ibom,6,3,0,0,3,8000.0,0.5,4,4,0,1,0,42,10,18.0,66500.0,7,0,0.0
30027,4,1,0,4,4,1,1,0,1,1,0,1,7.0,7.0,2.0,2.0,71.0,3.0,316.0,5.0,2.0,Akwa Ibom,7,2,0,0,2,18000.0,0.2857142857142857,5,1,2,1,1,42,17,35.0,133300.0,7,1,60000.0
30028,2,0,0,2,2,0,0,0,0,0,0,0,2.0,2.0,2.0,1.0,50.0,3.0,305.0,5.0,2.0,Akwa Ibom,2,2,0,0,2,43000.0,1.0,2,0,0,0,0,42,8,12.0,110100.0,7,0,0.0
30029,4,1,0,4,4,1,3,2,3,1,1,1,5.0,5.0,1.0,1.0,45.0,37.0,3706.0,1.0,2.0,FCT,5,0,0,0,0,0.0,0.0,5,2,2,1,1,42,8,14.0,128500.0,7,0,0.0
30030,6,3,0,6,6,1,2,2,4,1,1,1,6.0,6.0,1.0,1.0,71.0,3.0,316.0,5.0,2.0,Akwa Ibom,6,1,0,0,1,2500.0,0.16666666666666666,6,6,0,1,0,42,7,15.0,108500.0,7,1,180000.0
30041,3,0,0,3,3,0,1,0,3,1,0,1,3.0,3.0,1.0,2.0,59.0,3.0,331.0,5.0,1.0,Akwa Ibom,3,3,0,0,3,7500.0,1.0,3,2,0,1,0,42,9,12.0,141500.0,7,0,0.0
30042,2,0,0,2,2,0,0,0,0,0,0,0,2.0,2.0,1.0,2.0,80.0,3.0,307.0,5.0,1.0,Akwa Ibom,2,0,0,0,0,0.0,0.0,2,0,0,0,0,42,3,5.0,5000.0,7,0,0.0
30043,3,2,0,3,3,1,3,3,0,1,1,0,3.0,3.0,2.0,2.0,59.0,3.0,307.0,5.0,1.0,Akwa Ibom,3,2,0,0,0,0.0,0.6666666666666666,3,3,3,1,1,42,16,38.0,533800.0,7,1,130000.0
30044,2,2,2,2,2,1,2,0,2,1,0,1,3.0,3.0,1.0,1.0,55.0,3.0,307.0,5.0,1.0,Akwa Ibom,3,0,0,2,2,210000.0,0.0,3,2,0,1,0,42,16,30.0,517500.0,7,0,0.0
30045,2,2,0,2,2,1,2,1,0,1,1,0,2.0,2.0,102.0,1.0,50.0,3.0,307.0,5.0,1.0,Akwa Ibom,2,2,0,0,2,15000.0,1.0,2,2,2,1,1,42,16,36.0,825000.0,7,0,0.0
30046,2,1,2,2,2,1,1,0,0,1,0,0,1.0,1.0,1.0,1.0,50.0,3.0,307.0,5.0,1.0,Akwa Ibom,3,0,0,0,2,22000.0,0.0,2,2,1,1,1,42,14,21.0,365000.0,7,1,100000.0
30047,1,0,0,1,1,0,0,0,0,0,0,0,1.0,1.0,2.0,2.0,70.0,3.0,307.0,5.0,1.0,Akwa Ibom,1,1,0,0,1,8000.0,1.0,1,0,0,0,0,42,3,4.0,25500.0,7,0,0.0
30048,1,0,0,1,1,0,0,0,1,0,0,1,1.0,1.0,1.0,2.0,50.0,3.0,307.0,5.0,1.0,Akwa Ibom,1,1,0,0,1,10000.0,1.0,1,1,0,1,0,42,2,2.0,9500.0,7,0,0.0
30049,5,1,0,5,5,1,5,3,5,1,1,1,6.0,6.0,1.0,2.0,71.0,3.0,307.0,5.0,1.0,Akwa Ibom,6,4,0,0,2,65000.0,0.6666666666666666,6,6,6,1,1,42,14,44.0,955500.0,7,0,0.0
30050,1,1,0,1,1,1,1,1,1,1,1,1,1.0,1.0,1.0,1.0,47.0,12.0,1202.0,5.0,1.0,Edo,1,1,0,0,1,146000.0,1.0,1,1,1,1,1,42,16,25.0,530000.0,7,0,0.0
30081,6,1,1,6,6,1,1,0,0,1,0,0,7.0,7.0,1.0,1.0,47.0,3.0,318.0,5.0,2.0,Akwa Ibom,8,2,0,0,2,33500.0,0.25,7,2,0,1,0,42,7,18.0,577000.0,7,1,15000.0
30084,3,3,2,3,3,1,3,3,3,1,1,1,3.0,3.0,4.0,1.0,27.0,3.0,318.0,5.0,2.0,Akwa Ibom,3,3,0,0,3,90000.0,1.0,3,3,3,1,1,42,17,24.0,921000.0,7,0,0.0
30085,2,1,2,2,2,1,1,1,0,1,1,0,5.0,5.0,1.0,1.0,48.0,3.0,318.0,5.0,2.0,Akwa Ibom,5,4,0,0,1,3000.0,0.8,4,1,0,1,0,42,7,10.0,343500.0,7,1,80000.0
30086,2,2,2,2,2,1,2,0,2,1,0,1,7.0,7.0,1.0,1.0,44.0,3.0,318.0,5.0,2.0,Akwa Ibom,6,1,0,0,2,48500.0,0.16666666666666666,4,4,2,1,1,42,17,40.0,1445000.0,7,1,260000.0
30087,1,1,1,1,1,1,1,0,1,1,0,1,1.0,1.0,3.0,1.0,30.0,3.0,318.0,5.0,2.0,Akwa Ibom,1,1,0,0,1,3000.0,1.0,1,1,0,1,0,42,3,3.0,29000.0,7,0,0.0
30088,4,0,0,4,4,0,0,0,0,0,0,0,6.0,6.0,1.0,1.0,71.0,3.0,318.0,5.0,2.0,Akwa Ibom,6,2,0,0,3,29000.0,0.3333333333333333,5,2,0,1,0,42,9,16.0,185000.0,7,0,0.0
30089,3,0,0,3,3,0,2,0,0,1,0,0,6.0,6.0,3.0,1.0,45.0,3.0,318.0,5.0,2.0,Akwa Ibom,6,3,0,0,0,0.0,0.5,4,4,0,1,0,42,5,12.0,51000.0,7,0,0.0
30090,2,0,0,2,2,0,0,0,1,0,0,1,2.0,2.0,1.0,1.0,75.0,3.0,318.0,5.0,2.0,Akwa Ibom,2,1,0,0,0,0.0,0.5,2,0,0,0,0,42,7,18.0,42500.0,7,1,180000.0
30091,4,0,0,4,4,0,2,0,0,1,0,0,6.0,6.0,1.0,1.0,58.0,3.0,313.0,5.0,2.0,Akwa Ibom,6,2,0,0,2,55000.0,0.3333333333333333,5,1,1,1,1,42,9,15.0,142000.0,7,1,360000.0
30093,4,1,1,4,4,1,1,1,1,1,1,1,6.0,6.0,1.0,1.0,57.0,3.0,313.0,5.0,2.0,Akwa Ibom,6,5,0,0,5,36000.0,0.8333333333333334,5,2,1,1,1,42,3,5.0,19500.0,7,0,0.0
30094,5,2,0,5,5,1,2,0,1,1,0,1,5.0,5.0,2.0,2.0,92.0,3.0,313.0,5.0,2.0,Akwa Ibom,11,3,0,0,3,23500.0,0.2727272727272727,5,2,0,1,0,42,6,12.0,25200.0,7,0,0.0
30096,2,0,0,2,2,0,2,0,0,1,0,0,1.0,1.0,1.0,1.0,50.0,32.0,3222.0,5.0,2.0,Rivers,4,1,0,0,1,55000.0,0.25,2,2,1,1,1,42,15,19.0,1338000.0,7,0,0.0
30097,3,1,2,3,3,1,1,1,2,1,1,1,7.0,7.0,4.0,1.0,37.0,3.0,313.0,5.0,2.0,Akwa Ibom,6,5,1,0,6,8000.0,0.8333333333333334,4,4,1,1,1,42,8,11.0,134000.0,7,1,3000.0
30098,2,0,0,2,2,0,1,1,0,1,1,0,3.0,3.0,6.0,1.0,52.0,3.0,313.0,5.0,2.0,Akwa Ibom,3,2,0,0,1,10000.0,0.6666666666666666,3,2,0,1,0,42,7,11.0,71500.0,7,1,5000.0
30099,3,0,0,3,3,0,0,0,0,0,0,0,6.0,6.0,1.0,1.0,53.0,3.0,313.0,5.0,2.0,Akwa Ibom,5,1,2,0,2,6500.0,0.2,4,2,0,1,0,42,7,10.0,12000.0,7,0,0.0
30100,2,0,1,2,2,1,0,1,0,0,1,0,4.0,4.0,1.0,1.0,65.0,3.0,313.0,5.0,2.0,Akwa Ibom,4,4,0,0,4,4200.0,1.0,4,4,0,1,0,42,5,5.0,147000.0,7,0,0.0
30101,2,2,1,2,2,1,2,2,2,1,1,1,3.0,3.0,1.0,1.0,48.0,3.0,301.0,5.0,1.0,Akwa Ibom,3,2,0,0,2,180000.0,0.6666666666666666,2,2,2,1,1,42,16,26.0,3647500.0,7,0,0.0
30102,1,0,0,1,1,0,1,1,1,1,1,1,2.0,2.0,2.0,2.0,36.0,3.0,301.0,5.0,1.0,Akwa Ibom,2,1,0,0,1,2000.0,0.5,2,2,1,1,1,42,8,16.0,140000.0,7,0,0.0
30103,7,3,1,7,7,1,5,1,0,1,1,0,7.0,7.0,1.0,1.0,58.0,3.0,301.0,5.0,1.0,Akwa Ibom,7,3,0,0,3,112000.0,0.42857142857142855,7,5,1,1,1,42,10,20.0,144600.0,7,0,0.0
30104,4,2,2,4,4,1,2,2,2,1,1,1,4.0,4.0,201.0,1.0,62.0,3.0,301.0,5.0,1.0,Akwa Ibom,4,2,0,0,1,15000.0,0.5,4,4,3,1,1,42,22,45.0,2253500.0,7,1,60000.0
30105,2,1,2,2,2,1,0,0,1,0,0,1,5.0,5.0,1.0,1.0,40.0,3.0,301.0,5.0,1.0,Akwa Ibom,5,2,0,0,2,13000.0,0.4,4,4,2,1,1,42,13,16.0,1287000.0,7,0,0.0
30106,3,0,1,3,3,1,2,1,2,1,1,1,6.0,6.0,1.0,1.0,45.0,3.0,301.0,5.0,1.0,Akwa Ibom,6,2,0,0,2,4000.0,0.3333333333333333,5,5,0,1,0,42,13,20.0,1001500.0,7,0,0.0
30107,4,0,0,4,4,0,2,2,2,1,1,1,4.0,4.0,1.0,1.0,80.0,3.0,301.0,5.0,1.0,Akwa Ibom,4,4,0,0,3,25000.0,1.0,4,4,2,1,1,42,5,10.0,138000.0,7,0,0.0
30108,2,0,0,2,2,0,2,2,2,1,1,1,5.0,5.0,3.0,1.0,35.0,3.0,301.0,5.0,1.0,Akwa Ibom,5,2,0,0,2,44000.0,0.4,4,4,0,1,0,42,10,14.0,901000.0,7,1,100000.0
30109,2,1,1,2,2,1,1,1,0,1,1,0,2.0,2.0,1.0,1.0,72.0,3.0,301.0,5.0,1.0,Akwa Ibom,2,0,0,0,0,0.0,0.0,2,2,0,1,0,42,9,17.0,243500.0,7,1,360000.0
30110,3,2,0,3,3,1,3,0,2,1,0,1,3.0,3.0,1.0,1.0,57.0,3.0,301.0,5.0,1.0,Akwa Ibom,3,3,0,0,3,70000.0,1.0,3,3,0,1,0,42,9,21.0,128300.0,7,0,0.0
30121,1,0,0,1,1,0,0,0,0,0,0,0,1.0,1.0,2.0,2.0,61.0,3.0,305.0,5.0,2.0,Akwa Ibom,1,1,0,0,1,2500.0,1.0,1,0,0,0,0,42,2,2.0,3500.0,7,0,0.0
30122,5,2,1,5,5,1,2,0,0,1,0,0,5.0,5.0,2.0,2.0,53.0,3.0,305.0,5.0,2.0,Akwa Ibom,6,5,0,0,3,16500.0,0.8333333333333334,6,4,0,1,0,42,4,13.0,19500.0,7,0,0.0
30123,4,2,3,4,4,1,2,3,2,1,1,1,2.0,2.0,2.0,2.0,49.0,3.0,305.0,5.0,2.0,Akwa Ibom,5,1,0,0,1,3200.0,0.2,5,3,2,1,1,42,6,18.0,77500.0,7,0,0.0
30124,4,1,0,4,4,1,1,0,0,1,0,0,3.0,3.0,1.0,2.0,91.0,3.0,305.0,5.0,2.0,Akwa Ibom,4,3,0,0,3,10000.0,0.75,4,1,0,1,0,42,5,9.0,21700.0,7,0,0.0
30125,6,3,3,6,6,1,3,1,0,1,1,0,9.0,9.0,1.0,1.0,62.0,3.0,305.0,5.0,2.0,Akwa Ibom,9,2,0,0,2,45000.0,0.2222222222222222,8,1,1,1,1,42,5,11.0,67000.0,7,0,0.0
30126,2,2,1,2,2,1,2,0,0,1,0,0,4.0,4.0,2.0,2.0,46.0,3.0,305.0,5.0,2.0,Akwa Ibom,4,1,0,0,1,50000.0,0.25,4,2,1,1,1,42,10,17.0,628000.0,7,0,0.0
30127,3,1,1,3,3,1,0,0,3,0,0,1,3.0,3.0,2.0,2.0,68.0,3.0,305.0,5.0,2.0,Akwa Ibom,4,3,0,0,3,38500.0,0.75,4,2,0,1,0,42,3,7.0,82500.0,7,0,0.0
30128,9,9,0,9,9,1,9,0,0,1,0,0,8.0,8.0,1.0,1.0,56.0,3.0,305.0,5.0,2.0,Akwa Ibom,9,4,0,0,3,50000.0,0.4444444444444444,9,9,8,1,1,42,10,36.0,181500.0,7,0,0.0
30129,1,0,1,1,1,1,0,0,1,0,0,1,1.0,1.0,2.0,2.0,69.0,3.0,305.0,5.0,2.0,Akwa Ibom,1,0,0,0,0,0.0,0.0,1,1,0,1,0,42,3,3.0,23500.0,7,1,5000.0
30130,2,0,0,2,2,0,0,0,2,0,0,1,2.0,2.0,1.0,1.0,81.0,3.0,305.0,5.0,2.0,Akwa Ibom,2,1,0,0,0,0.0,0.5,2,1,0,1,0,42,8,23.0,176350.0,7,0,0.0
30131,2,1,0,2,2,1,1,0,1,1,0,1,4.0,4.0,1.0,2.0,60.0,3.0,312.0,5.0,2.0,Akwa Ibom,4,0,0,0,0,0.0,0.0,3,3,1,1,1,42,6,10.0,9700.0,7,1,1000.0
30132,6,1,5,6,6,1,2,0,0,1,0,0,2.0,2.0,1.0,1.0,75.0,3.0,312.0,5.0,2.0,Akwa Ibom,6,5,0,0,5,22500.0,0.8333333333333334,6,1,3,1,1,42,2,8.0,900.0,7,0,0.0
30133,5,2,0,5,5,1,2,0,0,1,0,0,8.0,8.0,1.0,1.0,41.0,3.0,312.0,5.0,2.0,Akwa Ibom,8,5,0,0,1,15000.0,0.625,7,2,0,1,0,42,11,22.0,57000.0,7,1,80000.0
30134,3,0,0,3,3,0,2,0,0,1,0,0,3.0,3.0,2.0,2.0,52.0,3.0,312.0,5.0,2.0,Akwa Ibom,3,3,0,0,2,18000.0,1.0,3,3,1,1,1,42,9,26.0,57500.0,7,0,0.0
30135,5,4,4,5,5,1,4,3,0,1,1,0,5.0,5.0,1.0,1.0,84.0,3.0,312.0,5.0,2.0,Akwa Ibom,5,0,0,0,0,0.0,0.0,5,5,3,1,1,42,7,13.0,20000.0,7,0,0.0
30137,3,0,0,3,3,0,0,0,2,0,0,1,3.0,3.0,1.0,1.0,82.0,3.0,312.0,5.0,2.0,Akwa Ibom,3,1,0,0,1,3000.0,0.3333333333333333,3,2,0,1,0,42,6,12.0,65000.0,7,0,0.0
30138,3,0,0,3,3,0,0,2,0,0,1,0,4.0,4.0,1.0,2.0,74.0,3.0,312.0,5.0,2.0,Akwa Ibom,4,1,0,0,1,12000.0,0.25,4,4,0,1,0,42,5,7.0,19700.0,7,0,0.0
30139,2,0,0,2,2,0,1,0,0,1,0,0,1.0,1.0,6.0,1.0,30.0,3.0,312.0,5.0,2.0,Akwa Ibom,4,2,0,0,2,26000.0,0.5,2,2,0,1,0,42,7,17.0,234500.0,7,0,0.0
30140,2,0,1,2,2,1,0,0,1,0,0,1,3.0,3.0,2.0,2.0,43.0,3.0,312.0,5.0,2.0,Akwa Ibom,3,1,0,0,1,5000.0,0.3333333333333333,3,3,0,1,0,42,7,11.0,29750.0,7,0,0.0
39001,1,0,0,1,1,0,0,0,0,0,0,0,1.0,1.0,1.0,2.0,78.0,3.0,302.0,5.0,2.0,Akwa Ibom,1,1,0,0,1,20000.0,1.0,1,0,0,0,0,42,2,2.0,3500.0,7,0,0.0
39002,4,0,0,4,4,0,0,1,0,0,1,0,5.0,5.0,1.0,2.0,43.0,3.0,302.0,5.0,2.0,Akwa Ibom,5,0,0,0,0,0.0,0.0,5,2,0,1,0,42,7,14.0,94500.0,7,0,0.0
39003,5,1,1,5,5,1,1,1,1,1,1,1,5.0,5.0,1.0,1.0,71.0,3.0,302.0,5.0,2.0,Akwa Ibom,5,1,0,0,1,5000.0,0.2,5,3,1,1,1,42,3,6.0,12000.0,7,0,0.0
39004,4,1,1,4,4,1,1,0,1,1,0,1,4.0,4.0,1.0,1.0,44.0,3.0,302.0,5.0,2.0,Akwa Ibom,6,6,0,0,6,6900.0,1.0,6,6,3,1,1,42,4,8.0,73000.0,7,1,5500.0
39005,4,1,0,4,4,1,4,3,4,1,1,1,4.0,4.0,1.0,2.0,59.0,3.0,302.0,5.0,2.0,Akwa Ibom,4,3,0,0,3,43000.0,0.75,4,4,4,1,1,42,6,13.0,122000.0,7,0,0.0
39006,1,0,0,1,1,0,0,0,0,0,0,0,1.0,1.0,1.0,2.0,86.0,3.0,302.0,5.0,2.0,Akwa Ibom,1,1,0,0,1,5000.0,1.0,1,1,0,1,0,42,2,2.0,13000.0,7,0,0.0
39007,5,1,0,5,5,1,4,4,5,1,1,1,6.0,6.0,1.0,1.0,76.0,3.0,302.0,5.0,2.0,Akwa Ibom,6,2,0,0,2,63000.0,0.3333333333333333,6,6,5,1,1,42,6,12.0,150500.0,7,0,0.0
39008,4,1,0,4,4,1,1,1,1,1,1,1,5.0,5.0,1.0,1.0,41.0,3.0,302.0,5.0,2.0,Akwa Ibom,5,2,0,0,2,28000.0,0.4,4,2,0,1,0,42,3,8.0,26000.0,7,1,20000.0
39009,4,0,1,4,4,1,2,0,2,1,0,1,6.0,6.0,1.0,1.0,46.0,3.0,302.0,5.0,2.0,Akwa Ibom,6,3,0,0,3,105000.0,0.5,5,2,0,1,0,42,4,5.0,27000.0,7,0,0.0
39010,3,1,0,3,3,1,1,1,0,1,1,0,3.0,3.0,1.0,2.0,53.0,3.0,302.0,5.0,2.0,Akwa Ibom,3,3,0,0,3,56000.0,1.0,3,2,0,1,0,42,5,7.0,54500.0,7,0,0.0
39012,2,2,0,2,2,1,2,2,2,1,1,1,6.0,6.0,1.0,1.0,43.0,3.0,305.0,5.0,2.0,Akwa Ibom,4,2,0,0,2,86000.0,0.5,2,2,2,1,1,42,12,20.0,962000.0,7,0,0.0
39013,5,1,1,5,5,1,1,1,1,1,1,1,4.0,4.0,1.0,2.0,46.0,3.0,305.0,5.0,2.0,Akwa Ibom,5,3,0,0,3,42500.0,0.6,5,4,1,1,1,42,8,14.0,83200.0,7,1,2000.0
39014,2,0,1,2,2,1,1,0,1,1,0,1,3.0,3.0,2.0,2.0,32.0,3.0,301.0,5.0,2.0,Akwa Ibom,2,2,0,0,0,0.0,1.0,2,2,1,1,1,42,6,6.0,59000.0,7,0,0.0
39017,4,3,0,4,4,1,3,0,0,1,0,0,5.0,5.0,1.0,1.0,58.0,3.0,305.0,5.0,2.0,Akwa Ibom,5,3,0,0,3,60000.0,0.6,5,4,1,1,1,42,12,28.0,256000.0,7,1,5000.0
39018,5,0,0,5,5,0,0,1,2,0,1,1,6.0,6.0,2.0,2.0,50.0,3.0,305.0,5.0,2.0,Akwa Ibom,6,3,0,0,3,72500.0,0.5,6,6,0,1,0,42,6,17.0,10300.0,7,2,165000.0
39021,3,3,0,3,3,1,3,0,3,1,0,1,6.0,6.0,1.0,1.0,43.0,3.0,305.0,5.0,2.0,Akwa Ibom,5,2,0,0,2,16000.0,0.4,3,3,3,1,1,42,15,25.0,946000.0,7,0,0.0
39022,1,0,0,1,1,0,0,0,0,0,0,0,1.0,1.0,2.0,2.0,70.0,3.0,331.0,5.0,2.0,Akwa Ibom,1,0,0,0,0,0.0,0.0,1,1,0,1,0,42,3,4.0,9000.0,7,0,0.0
39023,3,0,1,3,3,1,2,2,2,1,1,1,4.0,4.0,1.0,1.0,58.0,3.0,308.0,5.0,2.0,Akwa Ibom,6,2,0,0,3,5500.0,0.3333333333333333,6,6,3,1,1,42,9,25.0,748000.0,7,0,0.0
39024,1,1,0,1,1,1,1,0,0,1,0,0,1.0,1.0,1.0,1.0,32.0,3.0,308.0,5.0,2.0,Akwa Ibom,1,1,0,0,1,40000.0,1.0,1,1,1,1,1,42,4,6.0,67000.0,7,0,0.0
39025,2,2,1,2,2,1,2,2,0,1,1,0,2.0,2.0,1.0,1.0,44.0,3.0,308.0,5.0,2.0,Akwa Ibom,2,2,0,0,2,240000.0,1.0,2,2,2,1,1,42,16,27.0,645500.0,7,0,0.0
39026,3,2,2,3,3,1,2,2,2,1,1,1,4.0,4.0,1.0,1.0,45.0,3.0,308.0,5.0,2.0,Akwa Ibom,4,2,0,0,2,152000.0,0.5,3,3,3,1,1,42,23,31.0,1741500.0,7,0,0.0
39030,4,0,0,4,4,0,3,1,2,1,1,1,5.0,5.0,1.0,1.0,53.0,3.0,308.0,5.0,2.0,Akwa Ibom,6,1,0,0,1,60000.0,0.16666666666666666,5,5,1,1,1,42,9,11.0,560000.0,7,0,0.0
39031,4,1,2,4,4,1,4,4,4,1,1,1,6.0,6.0,1.0,1.0,48.0,3.0,308.0,5.0,2.0,Akwa Ibom,6,2,0,0,2,183000.0,0.3333333333333333,5,5,4,1,1,42,16,31.0,1692500.0,7,0,0.0
39032,1,1,0,1,1,1,1,1,1,1,1,1,3.0,3.0,2.0,2.0,29.0,3.0,331.0,5.0,2.0,Akwa Ibom,2,1,0,0,1,3000.0,0.5,1,1,1,1,1,42,7,9.0,209000.0,7,0,0.0
39033,1,0,0,1,1,0,0,0,0,0,0,0,3.0,3.0,1.0,1.0,45.0,3.0,308.0,5.0,2.0,Akwa Ibom,3,1,0,0,1,2000.0,0.3333333333333333,1,0,0,0,0,42,4,5.0,73500.0,7,0,0.0
39036,2,0,0,2,2,0,1,0,0,1,0,0,2.0,2.0,1.0,2.0,63.0,3.0,309.0,5.0,2.0,Akwa Ibom,2,0,0,0,0,0.0,0.0,2,2,1,1,1,42,7,10.0,354000.0,7,1,35000.0
39037,1,1,0,1,1,1,1,1,1,1,1,1,1.0,1.0,1.0,1.0,73.0,3.0,309.0,5.0,2.0,Akwa Ibom,1,1,0,0,0,0.0,1.0,1,1,0,1,0,42,11,15.0,278000.0,7,0,0.0
39039,2,2,0,2,2,1,2,0,0,1,0,0,4.0,4.0,1.0,1.0,35.0,3.0,309.0,5.0,2.0,Akwa Ibom,4,1,0,0,2,153000.0,0.25,3,2,0,1,0,42,6,10.0,21000.0,7,0,0.0
39040,4,2,0,4,4,1,2,0,0,1,0,0,5.0,5.0,1.0,1.0,66.0,3.0,309.0,5.0,2.0,Akwa Ibom,5,1,0,0,1,15000.0,0.2,5,4,1,1,1,42,9,22.0,283300.0,7,0,0.0
39041,2,1,1,2,2,1,1,2,0,1,1,0,2.0,2.0,1.0,2.0,48.0,3.0,309.0,5.0,2.0,Akwa Ibom,2,1,0,0,1,18000.0,0.5,2,2,2,1,1,42,10,10.0,160000.0,7,0,0.0
39042,1,0,0,1,1,0,0,0,0,0,0,0,4.0,4.0,1.0,2.0,63.0,3.0,309.0,5.0,2.0,Akwa Ibom,4,1,0,0,1,2500.0,0.25,3,0,0,0,0,42,2,5.0,7500.0,7,0,0.0
39043,2,0,0,2,2,0,0,0,1,0,0,1,3.0,3.0,1.0,2.0,86.0,3.0,309.0,5.0,2.0,Akwa Ibom,3,0,0,0,0,0.0,0.0,2,2,0,1,0,42,4,5.0,45500.0,7,0,0.0
39044,4,3,1,4,4,1,3,3,3,1,1,1,4.0,4.0,1.0,1.0,59.0,3.0,309.0,5.0,2.0,Akwa Ibom,4,4,0,0,3,104000.0,1.0,4,4,2,1,1,42,21,44.0,1172000.0,7,0,0.0
39045,4,0,1,4,4,1,1,0,0,1,0,0,8.0,8.0,1.0,1.0,40.0,3.0,309.0,5.0,2.0,Akwa Ibom,7,2,0,0,2,25000.0,0.2857142857142857,5,4,0,1,0,42,9,11.0,223500.0,7,0,0.0
39048,2,2,0,2,2,1,2,2,2,1,1,1,2.0,2.0,5101.0,1.0,63.0,3.0,331.0,5.0,2.0,Akwa Ibom,4,1,0,0,1,40000.0,0.25,3,2,2,1,1,42,13,30.0,782300.0,7,1,468000.0
39051,2,0,1,2,2,1,0,0,0,0,0,0,4.0,4.0,1.0,1.0,35.0,3.0,316.0,5.0,2.0,Akwa Ibom,3,1,0,0,2,4500.0,0.3333333333333333,2,2,2,1,1,42,14,23.0,194000.0,7,1,8000.0
39052,2,1,2,2,2,1,1,0,0,1,0,0,4.0,4.0,1.0,1.0,28.0,3.0,316.0,5.0,2.0,Akwa Ibom,3,2,0,0,2,19500.0,0.6666666666666666,2,0,0,0,0,42,9,18.0,74000.0,7,1,180000.0
39053,4,3,0,4,4,1,4,0,0,1,0,0,5.0,5.0,1.0,1.0,66.0,3.0,316.0,5.0,2.0,Akwa Ibom,6,0,0,0,0,0.0,0.0,4,4,3,1,1,42,15,32.0,292300.0,7,2,395000.0
39056,4,1,1,4,4,1,1,0,0,1,0,0,1.0,1.0,1.0,2.0,47.0,3.0,316.0,5.0,2.0,Akwa Ibom,5,1,1,0,2,104000.0,0.2,5,1,1,1,1,42,5,11.0,23500.0,7,0,0.0
39057,3,2,0,3,3,1,2,0,0,1,0,0,4.0,4.0,1.0,2.0,43.0,3.0,316.0,5.0,2.0,Akwa Ibom,4,2,0,0,2,10700.0,0.5,4,2,1,1,1,42,7,11.0,12500.0,7,0,0.0
39058,4,0,0,4,4,0,0,2,1,0,1,1,5.0,5.0,1.0,2.0,45.0,3.0,316.0,5.0,2.0,Akwa Ibom,5,0,0,0,4,12600.0,0.0,5,4,2,1,1,42,8,9.0,53300.0,7,0,0.0
39059,2,1,2,2,2,1,0,0,0,0,0,0,4.0,4.0,1.0,1.0,40.0,3.0,317.0,5.0,2.0,Akwa Ibom,4,1,1,0,2,53000.0,0.25,3,2,1,1,1,42,5,6.0,50500.0,7,0,0.0
39061,8,4,4,8,8,1,4,0,0,1,0,0,8.0,8.0,1.0,1.0,64.0,3.0,317.0,5.0,2.0,Akwa Ibom,8,1,0,0,1,10000.0,0.125,8,5,1,1,1,42,6,14.0,16000.0,7,0,0.0
39062,4,3,3,4,4,1,3,1,0,1,1,0,4.0,4.0,1.0,1.0,41.0,3.0,317.0,5.0,2.0,Akwa Ibom,5,2,0,0,2,68000.0,0.4,5,2,1,1,1,42,7,10.0,38500.0,7,1,60000.0
39064,4,0,0,4,4,0,0,0,0,0,0,0,3.0,3.0,1.0,1.0,58.0,3.0,317.0,5.0,2.0,Akwa Ibom,4,0,0,0,1,2500.0,0.0,4,3,0,1,0,42,6,20.0,101500.0,7,0,0.0
39066,2,0,0,2,2,0,1,0,1,1,0,1,2.0,2.0,9.0,2.0,73.0,3.0,317.0,5.0,2.0,Akwa Ibom,2,0,0,0,0,0.0,0.0,2,2,1,1,1,42,7,19.0,61800.0,7,0,0.0
39068,5,1,1,5,5,1,2,2,2,1,1,1,6.0,6.0,1.0,1.0,48.0,3.0,325.0,5.0,1.0,Akwa Ibom,6,2,0,0,2,22000.0,0.3333333333333333,6,6,6,1,1,42,14,22.0,902000.0,7,0,0.0
39069,1,1,0,1,1,1,0,0,0,0,0,0,1.0,1.0,1.0,2.0,69.0,3.0,317.0,5.0,2.0,Akwa Ibom,1,1,0,0,1,2000.0,1.0,1,1,0,1,0,42,6,8.0,13500.0,7,0,0.0
39070,3,0,0,3,3,0,3,3,1,1,1,1,4.0,4.0,6.0,1.0,33.0,3.0,325.0,5.0,2.0,Akwa Ibom,3,2,0,0,2,13500.0,0.6666666666666666,3,3,3,1,1,42,6,10.0,197000.0,7,0,0.0
39071,1,1,1,1,1,1,1,1,1,1,1,1,1.0,1.0,2.0,1.0,50.0,3.0,318.0,5.0,2.0,Akwa Ibom,1,1,0,0,1,0.0,1.0,1,1,1,1,1,42,8,21.0,307000.0,7,0,0.0
39072,4,0,1,4,4,1,1,0,0,1,0,0,4.0,4.0,1.0,1.0,66.0,3.0,318.0,5.0,2.0,Akwa Ibom,4,2,0,0,2,10000.0,0.5,4,4,0,1,0,42,4,5.0,35000.0,7,0,0.0
39074,2,1,0,2,2,1,1,0,2,1,0,1,4.0,4.0,1.0,1.0,35.0,3.0,318.0,5.0,2.0,Akwa Ibom,2,2,0,0,1,3500.0,1.0,2,2,2,1,1,42,9,14.0,351000.0,7,1,12000.0
39077,1,0,0,1,1,0,0,0,0,0,0,0,1.0,1.0,1.0,2.0,62.0,3.0,318.0,5.0,2.0,Akwa Ibom,1,1,0,0,1,4000.0,1.0,1,0,0,0,0,42,1,1.0,5000.0,7,0,0.0
39079,2,0,0,2,2,0,0,0,0,0,0,0,4.0,4.0,1.0,2.0,48.0,3.0,318.0,5.0,2.0,Akwa Ibom,4,2,0,0,2,18000.0,0.5,3,1,0,1,0,42,3,4.0,4900.0,7,0,0.0
39080,2,0,0,2,2,0,0,0,0,0,0,0,1.0,1.0,1.0,2.0,70.0,3.0,318.0,5.0,2.0,Akwa Ibom,2,2,0,0,1,25000.0,1.0,2,2,0,1,0,42,3,3.0,45800.0,7,0,0.0
39081,2,1,0,2,2,1,1,0,1,1,0,1,2.0,2.0,1.0,1.0,60.0,3.0,318.0,5.0,2.0,Akwa Ibom,2,1,1,0,1,2000.0,0.5,2,2,0,1,0,42,12,20.0,257500.0,7,0,0.0
39082,2,1,0,2,2,1,1,1,1,1,1,1,4.0,4.0,1.0,1.0,54.0,3.0,318.0,5.0,2.0,Akwa Ibom,4,2,0,1,2,141000.0,0.5,4,2,1,1,1,42,10,16.0,747500.0,7,1,56000.0
39083,3,0,1,3,3,1,2,1,1,1,1,1,3.0,3.0,1.0,1.0,27.0,3.0,304.0,5.0,2.0,Akwa Ibom,3,2,0,0,0,0.0,0.6666666666666666,3,3,1,1,1,42,5,8.0,242500.0,7,0,0.0
39084,5,0,0,5,5,0,1,1,1,1,1,1,7.0,7.0,1.0,1.0,42.0,3.0,304.0,5.0,2.0,Akwa Ibom,7,3,0,0,2,5000.0,0.42857142857142855,6,6,1,1,1,42,14,33.0,2314000.0,7,0,0.0
39087,4,1,0,4,4,1,1,0,2,1,0,1,4.0,4.0,1.0,1.0,83.0,3.0,304.0,5.0,2.0,Akwa Ibom,4,1,0,0,1,150000.0,0.25,4,2,1,1,1,42,13,33.0,3439000.0,7,0,0.0
39088,1,1,1,1,1,1,1,0,0,1,0,0,2.0,2.0,1.0,2.0,53.0,3.0,304.0,5.0,2.0,Akwa Ibom,2,1,0,0,1,1500.0,0.5,1,1,0,1,0,42,6,7.0,70000.0,7,0,0.0
39089,3,0,1,3,3,1,0,0,2,0,0,1,3.0,3.0,2.0,2.0,65.0,3.0,304.0,5.0,2.0,Akwa Ibom,3,1,0,0,1,15000.0,0.3333333333333333,3,2,0,1,0,42,9,30.0,112000.0,7,0,0.0
39090,2,1,1,2,2,1,1,1,2,1,1,1,5.0,5.0,1.0,1.0,42.0,3.0,304.0,5.0,2.0,Akwa Ibom,3,1,0,0,2,50000.0,0.3333333333333333,2,2,0,1,0,42,15,19.0,1686000.0,7,0,0.0
39091,2,2,2,2,2,1,2,2,2,1,1,1,5.0,5.0,1.0,1.0,58.0,3.0,304.0,5.0,2.0,Akwa Ibom,4,3,0,0,3,23000.0,0.75,4,4,3,1,1,42,18,42.0,1587000.0,7,1,48000.0
39092,1,1,1,1,1,1,1,0,1,1,0,1,2.0,2.0,1.0,1.0,46.0,3.0,304.0,5.0,2.0,Akwa Ibom,2,1,0,0,1,3000.0,0.5,1,1,0,1,0,42,14,39.0,1162000.0,7,0,0.0
39093,4,0,0,4,4,0,0,3,4,0,1,1,6.0,6.0,1.0,1.0,47.0,3.0,304.0,5.0,2.0,Akwa Ibom,6,2,0,0,2,34000.0,0.3333333333333333,5,5,1,1,1,42,10,24.0,204500.0,7,0,0.0
39094,2,0,0,2,2,0,0,0,0,0,0,0,2.0,2.0,1.0,2.0,87.0,3.0,304.0,5.0,2.0,Akwa Ibom,2,0,0,0,0,0.0,0.0,2,2,0,1,0,42,2,2.0,18000.0,7,0,0.0
39096,3,0,0,3,3,0,3,2,3,1,1,1,7.0,7.0,1.0,1.0,42.0,3.0,304.0,5.0,2.0,Akwa Ibom,7,5,0,0,1,5000.0,0.7142857142857143,5,5,0,1,0,42,7,11.0,315500.0,7,0,0.0
39100,2,0,2,2,2,1,2,1,2,1,1,1,2.0,2.0,1.0,2.0,60.0,3.0,331.0,5.0,2.0,Akwa Ibom,2,0,0,0,0,0.0,0.0,2,2,2,1,1,42,13,19.0,62500.0,7,1,65000.0
39101,3,1,1,3,3,1,2,1,1,1,1,1,8.0,8.0,1.0,1.0,45.0,3.0,304.0,5.0,2.0,Akwa Ibom,7,2,0,3,2,30000.0,0.2857142857142857,5,3,3,1,1,42,13,18.0,388000.0,7,0,0.0
39102,1,0,0,1,1,0,0,0,0,0,0,0,1.0,1.0,10.0,1.0,28.0,3.0,304.0,5.0,2.0,Akwa Ibom,1,1,0,0,1,2000.0,1.0,1,1,0,1,0,42,4,4.0,58500.0,7,0,0.0
39103,6,2,0,6,6,1,3,0,0,1,0,0,7.0,7.0,1.0,1.0,52.0,3.0,304.0,5.0,2.0,Akwa Ibom,7,1,1,0,2,33000.0,0.14285714285714285,7,4,1,1,1,42,10,19.0,136500.0,7,0,0.0
39104,1,1,1,1,1,1,0,0,0,0,0,0,,,,,,,,,,,1,1,0,0,0,0.0,1.0,1,1,1,1,1,42,10,15.0,689000.0,7,0,0.0
39105,1,0,0,1,1,0,0,0,0,0,0,0,1.0,1.0,1.0,2.0,61.0,3.0,304.0,5.0,2.0,Akwa Ibom,1,1,0,0,1,2500.0,1.0,1,1,0,1,0,42,3,3.0,48500.0,7,0,0.0
39106,3,0,0,3,3,0,0,0,2,0,0,1,3.0,3.0,2.0,2.0,40.0,3.0,304.0,5.0,2.0,Akwa Ibom,3,2,0,0,2,6000.0,0.6666666666666666,3,0,0,0,0,42,3,5.0,9500.0,7,0,0.0
39107,3,1,0,3,3,1,1,0,1,1,0,1,3.0,3.0,5101.0,2.0,63.0,3.0,320.0,5.0,2.0,Akwa Ibom,4,2,0,0,3,11000.0,0.5,4,3,0,1,0,42,6,15.0,49500.0,7,0,0.0
39108,3,0,3,3,3,1,0,0,0,0,0,0,3.0,3.0,2.0,2.0,42.0,3.0,320.0,5.0,2.0,Akwa Ibom,3,3,0,0,3,2400.0,1.0,3,1,0,1,0,42,3,4.0,6000.0,7,0,0.0
39110,1,1,1,1,1,1,1,0,0,1,0,0,1.0,1.0,1.0,1.0,39.0,3.0,320.0,5.0,2.0,Akwa Ibom,1,1,0,0,1,4000.0,1.0,1,1,1,1,1,42,14,16.0,60000.0,7,0,0.0
39111,3,2,0,3,3,1,1,0,1,1,0,1,3.0,3.0,5102.0,1.0,45.0,3.0,320.0,5.0,2.0,Akwa Ibom,4,2,0,0,2,13000.0,0.5,3,3,0,1,0,42,5,8.0,42000.0,7,0,0.0
39112,2,2,2,2,2,1,2,0,1,1,0,1,6.0,6.0,1.0,1.0,38.0,3.0,331.0,5.0,2.0,Akwa Ibom,6,2,0,0,2,38000.0,0.3333333333333333,4,2,2,1,1,42,8,10.0,240000.0,7,0,0.0
39114,2,1,2,2,2,1,1,0,0,1,0,0,1.0,1.0,1.0,1.0,61.0,3.0,320.0,5.0,2.0,Akwa Ibom,3,1,0,0,1,10000.0,0.3333333333333333,2,2,0,1,0,42,7,8.0,28500.0,7,0,0.0
39115,2,0,0,2,2,0,0,0,0,0,0,0,2.0,2.0,1.0,1.0,77.0,3.0,320.0,5.0,2.0,Akwa Ibom,4,0,0,0,0,0.0,0.0,4,3,0,1,0,42,5,10.0,9300.0,7,0,0.0
39116,2,0,0,2,2,0,0,0,0,0,0,0,3.0,3.0,1.0,1.0,56.0,3.0,320.0,5.0,2.0,Akwa Ibom,4,1,1,0,1,1000.0,0.25,3,2,0,1,0,42,9,16.0,87100.0,7,0,0.0
39118,1,0,1,1,1,1,0,0,1,0,0,1,1.0,1.0,1.0,2.0,82.0,3.0,320.0,5.0,2.0,Akwa Ibom,2,1,0,0,1,10000.0,0.5,2,0,0,0,0,42,6,9.0,29500.0,7,0,0.0
39119,2,0,0,2,2,0,1,1,1,1,1,1,2.0,2.0,1.0,2.0,47.0,3.0,323.0,5.0,2.0,Akwa Ibom,2,1,0,0,1,25000.0,0.5,2,2,1,1,1,42,3,4.0,19500.0,7,0,0.0
39120,1,0,0,1,1,0,0,0,0,0,0,0,1.0,1.0,2.0,2.0,54.0,3.0,323.0,5.0,2.0,Akwa Ibom,1,0,0,0,0,0.0,0.0,1,0,0,0,0,42,4,4.0,4750.0,7,0,0.0
39121,3,1,0,3,3,1,0,0,0,0,0,0,6.0,6.0,1.0,2.0,71.0,3.0,323.0,5.0,2.0,Akwa Ibom,6,2,0,0,2,8500.0,0.3333333333333333,5,3,0,1,0,42,4,6.0,75200.0,7,0,0.0
39123,1,0,1,1,1,1,0,0,0,0,0,0,1.0,1.0,1.0,1.0,86.0,3.0,323.0,5.0,2.0,Akwa Ibom,1,0,0,0,0,0.0,0.0,1,0,0,0,0,42,4,6.0,11500.0,7,0,0.0
39125,2,1,0,2,2,1,1,0,1,1,0,1,1.0,1.0,1.0,1.0,68.0,3.0,323.0,5.0,2.0,Akwa Ibom,2,1,0,0,1,18000.0,0.5,2,2,0,1,0,42,8,12.0,160000.0,7,1,120000.0
39126,2,2,2,2,2,1,2,0,0,1,0,0,2.0,2.0,2.0,2.0,45.0,3.0,323.0,5.0,2.0,Akwa Ibom,2,1,0,0,1,200000.0,0.5,2,2,2,1,1,42,14,24.0,71000.0,7,0,0.0
39127,4,4,4,4,4,1,4,4,0,1,1,0,6.0,6.0,1.0,1.0,51.0,3.0,323.0,5.0,2.0,Akwa Ibom,6,2,0,0,2,42000.0,0.3333333333333333,5,5,5,1,1,42,11,26.0,158300.0,7,2,50500.0
39128,6,3,6,6,6,1,3,0,0,1,0,0,9.0,9.0,2.0,1.0,44.0,3.0,323.0,5.0,2.0,Akwa Ibom,8,4,0,0,3,123000.0,0.5,6,5,1,1,1,42,9,16.0,45500.0,7,0,0.0
39130,4,1,1,4,4,1,3,3,3,1,1,1,2.0,2.0,1.0,1.0,51.0,3.0,331.0,5.0,2.0,Akwa Ibom,5,2,0,0,2,60000.0,0.4,4,4,4,1,1,42,14,20.0,992000.0,7,0,0.0
39132,6,2,0,6,6,1,2,0,2,1,0,1,9.0,9.0,1.0,1.0,53.0,3.0,326.0,5.0,2.0,Akwa Ibom,8,2,0,0,2,30000.0,0.25,7,6,0,1,0,42,5,16.0,10000.0,7,0,0.0
39133,4,1,1,4,4,1,1,1,1,1,1,1,6.0,6.0,3.0,2.0,37.0,3.0,326.0,5.0,2.0,Akwa Ibom,6,1,0,0,1,3000.0,0.16666666666666666,6,6,5,1,1,42,8,17.0,50900.0,7,0,0.0
39135,3,1,1,3,3,1,1,0,0,1,0,0,3.0,3.0,1.0,2.0,82.0,3.0,326.0,5.0,2.0,Akwa Ibom,3,0,0,0,1,10000.0,0.0,3,0,0,0,0,42,2,3.0,2500.0,7,0,0.0
39136,2,1,0,2,2,1,1,0,1,1,0,1,1.0,1.0,1.0,2.0,64.0,3.0,326.0,5.0,2.0,Akwa Ibom,2,1,0,0,1,20000.0,0.5,2,2,0,1,0,42,6,14.0,12800.0,7,0,0.0
39137,5,0,2,5,5,1,0,0,0,0,0,0,5.0,5.0,1.0,2.0,57.0,3.0,326.0,5.0,2.0,Akwa Ibom,5,1,0,0,2,16500.0,0.2,5,5,2,1,1,42,6,12.0,60500.0,7,0,0.0
39138,3,2,3,3,3,1,2,0,0,1,0,0,6.0,6.0,1.0,2.0,68.0,3.0,326.0,5.0,2.0,Akwa Ibom,6,1,0,0,1,1200.0,0.16666666666666666,4,3,1,1,1,42,6,8.0,25800.0,7,0,0.0
39139,5,1,0,5,5,1,1,0,1,1,0,1,7.0,7.0,1.0,1.0,53.0,3.0,326.0,5.0,2.0,Akwa Ibom,7,2,0,0,2,8500.0,0.2857142857142857,7,5,0,1,0,42,7,16.0,144500.0,7,0,0.0
39140,7,1,0,7,7,1,0,1,2,0,1,1,6.0,6.0,1.0,1.0,64.0,3.0,326.0,5.0,2.0,Akwa Ibom,7,5,0,0,3,35000.0,0.7142857142857143,7,6,0,1,0,42,7,15.0,92750.0,7,0,0.0
39141,2,1,1,2,2,1,0,0,1,0,0,1,2.0,2.0,1.0,1.0,47.0,3.0,324.0,5.0,2.0,Akwa Ibom,2,2,0,0,2,13000.0,1.0,2,2,0,1,0,42,9,16.0,119300.0,7,0,0.0
39142,7,1,4,7,7,1,1,0,0,1,0,0,7.0,7.0,1.0,1.0,53.0,3.0,326.0,5.0,2.0,Akwa Ibom,8,4,0,0,3,7000.0,0.5,8,5,0,1,0,42,5,15.0,16500.0,7,0,0.0
39143,2,1,1,2,2,1,1,1,0,1,1,0,2.0,2.0,1.0,1.0,61.0,3.0,327.0,5.0,2.0,Akwa Ibom,2,0,0,0,1,16500.0,0.0,2,2,1,1,1,42,12,28.0,183200.0,7,2,133000.0
39144,3,0,3,3,3,1,0,0,0,0,0,0,3.0,3.0,1.0,2.0,53.0,3.0,327.0,5.0,2.0,Akwa Ibom,3,3,0,0,2,32000.0,1.0,3,0,0,0,0,42,1,2.0,500.0,7,1,10000.0
39146,2,1,1,2,2,1,1,0,0,1,0,0,2.0,2.0,1.0,1.0,76.0,3.0,327.0,5.0,2.0,Akwa Ibom,2,2,0,0,2,46100.0,1.0,2,1,0,1,0,42,7,18.0,22600.0,7,2,257500.0
39147,1,1,1,1,1,1,1,1,0,1,1,0,1.0,1.0,1.0,1.0,32.0,3.0,327.0,5.0,2.0,Akwa Ibom,1,1,0,0,1,2000.0,1.0,1,1,1,1,1,42,9,10.0,148200.0,7,0,0.0
39149,2,0,2,2,2,1,0,0,0,0,0,0,3.0,3.0,1.0,1.0,36.0,3.0,327.0,5.0,2.0,Akwa Ibom,4,0,1,0,1,7000.0,0.0,3,2,0,1,0,42,8,13.0,35500.0,7,0,0.0
39150,3,0,0,3,3,0,0,0,0,0,0,0,3.0,3.0,10.0,1.0,67.0,3.0,327.0,5.0,2.0,Akwa Ibom,3,1,0,0,1,3000.0,0.3333333333333333,3,3,0,1,0,42,3,5.0,9900.0,7,0,0.0
39151,3,0,2,3,3,1,0,0,0,0,0,0,4.0,4.0,1.0,2.0,64.0,3.0,327.0,5.0,2.0,Akwa Ibom,3,1,0,0,2,13200.0,0.3333333333333333,3,3,2,1,1,42,8,19.0,28800.0,7,1,4200.0
39152,4,1,0,4,4,1,2,0,2,1,0,1,6.0,6.0,1.0,1.0,95.0,3.0,327.0,5.0,2.0,Akwa Ibom,6,2,0,0,2,5000.0,0.3333333333333333,6,4,1,1,1,42,8,19.0,90500.0,7,0,0.0
39153,1,0,0,1,1,0,0,0,0,0,0,0,1.0,1.0,2.0,2.0,69.0,3.0,327.0,5.0,2.0,Akwa Ibom,1,0,0,0,0,0.0,0.0,1,0,0,0,0,42,4,7.0,12800.0,7,1,8000.0
39154,7,4,7,7,7,1,4,0,0,1,0,0,9.0,9.0,1403.0,1.0,38.0,3.0,327.0,5.0,2.0,Akwa Ibom,8,7,0,0,3,22000.0,0.875,8,6,3,1,1,42,10,21.0,35500.0,7,0,0.0
39155,2,0,1,2,2,1,0,1,0,0,1,0,3.0,3.0,1.0,2.0,62.0,3.0,327.0,5.0,2.0,Akwa Ibom,3,1,0,0,1,3500.0,0.3333333333333333,3,2,0,1,0,42,4,7.0,28000.0,7,0,0.0
39156,2,2,2,2,2,1,2,0,0,1,0,0,1.0,1.0,1.0,1.0,32.0,3.0,327.0,5.0,2.0,Akwa Ibom,2,0,0,0,1,12000.0,0.0,2,2,2,1,1,42,12,17.0,154000.0,7,0,0.0
39157,5,0,0,5,5,0,0,0,0,0,0,0,5.0,5.0,1.0,1.0,65.0,3.0,327.0,5.0,2.0,Akwa Ibom,5,2,0,0,2,30000.0,0.4,5,5,1,1,1,42,7,10.0,362500.0,7,0,0.0
39158,1,0,0,1,1,0,1,0,0,1,0,0,1.0,1.0,1.0,1.0,62.0,3.0,327.0,5.0,2.0,Akwa Ibom,1,0,0,0,0,0.0,0.0,1,1,0,1,0,42,2,4.0,15500.0,7,0,0.0
39159,2,0,0,2,2,0,0,2,0,0,1,0,4.0,4.0,1.0,1.0,57.0,3.0,327.0,5.0,2.0,Akwa Ibom,4,2,0,0,1,2800.0,0.5,3,2,0,1,0,42,7,12.0,80500.0,7,0,0.0
39160,3,2,0,3,3,1,2,2,2,1,1,1,9.0,9.0,1.0,1.0,52.0,3.0,327.0,5.0,2.0,Akwa Ibom,8,2,0,0,2,85000.0,0.25,5,5,0,1,0,42,9,19.0,531500.0,7,0,0.0
39162,3,0,0,3,3,0,1,0,0,1,0,0,4.0,4.0,1.0,1.0,64.0,3.0,327.0,5.0,2.0,Akwa Ibom,4,0,1,0,2,5900.0,0.0,4,3,0,1,0,42,7,15.0,16700.0,7,2,66500.0
39165,1,0,0,1,1,0,0,0,0,0,0,0,2.0,2.0,2.0,2.0,56.0,3.0,327.0,5.0,2.0,Akwa Ibom,2,0,0,0,0,0.0,0.0,1,0,0,0,0,42,3,4.0,3200.0,7,1,12000.0
39166,6,3,5,6,6,1,3,1,0,1,1,0,7.0,7.0,8.0,1.0,57.0,3.0,327.0,5.0,2.0,Akwa Ibom,7,4,0,0,1,80000.0,0.5714285714285714,7,5,1,1,1,42,7,14.0,25500.0,7,0,0.0
39167,2,1,0,2,2,1,2,2,2,1,1,1,5.0,5.0,1.0,1.0,38.0,3.0,329.0,5.0,2.0,Akwa Ibom,5,2,0,0,2,13500.0,0.4,4,4,4,1,1,42,12,18.0,482000.0,7,0,0.0
39168,1,1,0,1,1,1,1,0,1,1,0,1,1.0,1.0,1.0,1.0,42.0,3.0,329.0,5.0,2.0,Akwa Ibom,2,1,0,0,1,6000.0,0.5,1,1,0,1,0,42,4,8.0,14500.0,7,0,0.0
39169,2,0,0,2,2,0,1,1,1,1,1,1,2.0,2.0,1.0,2.0,61.0,3.0,329.0,5.0,2.0,Akwa Ibom,3,1,0,0,1,2000.0,0.3333333333333333,3,3,2,1,1,42,6,7.0,264500.0,7,0,0.0
39170,3,2,2,3,3,1,2,3,2,1,1,1,4.0,4.0,1.0,1.0,55.0,3.0,329.0,5.0,2.0,Akwa Ibom,4,2,0,0,2,40000.0,0.5,3,3,3,1,1,42,16,32.0,1552000.0,7,0,0.0
39171,3,0,3,3,3,1,3,0,0,1,0,0,5.0,5.0,1.0,1.0,48.0,3.0,329.0,5.0,2.0,Akwa Ibom,6,2,0,0,2,15000.0,0.3333333333333333,4,3,1,1,1,42,11,20.0,119700.0,7,0,0.0
39174,5,1,1,5,5,1,4,2,2,1,1,1,7.0,7.0,1.0,1.0,70.0,3.0,329.0,5.0,2.0,Akwa Ibom,7,4,0,0,4,34000.0,0.5714285714285714,7,7,5,1,1,42,18,27.0,1134000.0,7,0,0.0
39175,2,0,2,2,2,1,1,0,0,1,0,0,3.0,3.0,1.0,1.0,43.0,3.0,329.0,5.0,2.0,Akwa Ibom,3,2,0,0,2,7000.0,0.6666666666666666,2,2,0,1,0,42,6,7.0,64500.0,7,0,0.0
39176,3,0,0,3,3,0,1,0,1,1,0,1,6.0,6.0,1.0,1.0,51.0,3.0,329.0,5.0,2.0,Akwa Ibom,5,1,0,0,1,5000.0,0.2,4,4,1,1,1,42,12,16.0,733500.0,7,0,0.0
39177,3,0,0,3,3,0,2,0,0,1,0,0,7.0,7.0,1.0,1.0,40.0,3.0,329.0,5.0,2.0,Akwa Ibom,7,2,0,0,2,70000.0,0.2857142857142857,5,4,0,1,0,42,14,20.0,435000.0,7,1,30000.0
39186,5,4,0,5,5,1,3,1,3,1,1,1,5.0,5.0,1.0,1.0,65.0,3.0,316.0,5.0,2.0,Akwa Ibom,5,3,0,0,3,21000.0,0.6,5,5,3,1,1,42,12,24.0,632000.0,7,0,0.0
39187,2,1,0,2,2,1,1,0,1,1,0,1,3.0,3.0,2.0,1.0,25.0,3.0,317.0,5.0,2.0,Akwa Ibom,3,0,0,0,1,7000.0,0.0,2,2,2,1,1,42,10,18.0,98500.0,7,1,6000.0
39188,1,0,1,1,1,1,0,0,1,0,0,1,1.0,1.0,1.0,2.0,57.0,3.0,317.0,5.0,2.0,Akwa Ibom,1,0,0,0,0,0.0,0.0,1,1,0,1,0,42,5,6.0,8100.0,7,0,0.0
39190,2,0,0,2,2,0,0,0,0,0,0,0,1.0,1.0,1.0,2.0,50.0,3.0,318.0,5.0,2.0,Akwa Ibom,2,2,0,0,2,0.0,1.0,2,2,0,1,0,42,4,4.0,34500.0,7,0,0.0
39193,2,0,0,2,2,0,0,0,1,0,0,1,2.0,2.0,1.0,2.0,52.0,3.0,304.0,5.0,2.0,Akwa Ibom,2,1,0,0,0,0.0,0.5,2,2,1,1,1,42,8,12.0,188000.0,7,1,12000.0
39198,2,0,2,2,2,1,1,0,1,1,0,1,4.0,4.0,1.0,2.0,62.0,3.0,323.0,5.0,2.0,Akwa Ibom,4,1,0,0,1,0.0,0.25,3,0,0,0,0,42,2,6.0,1500.0,7,0,0.0
40011,5,0,2,5,5,1,5,2,0,1,1,0,8.0,8.0,2.0,2.0,38.0,4.0,417.0,4.0,1.0,Anambra,8,3,0,0,3,95000.0,0.375,8,5,3,1,1,42,10,19.0,256000.0,7,0,0.0
40012,3,3,3,3,3,1,3,2,3,1,1,1,3.0,3.0,2.0,2.0,56.0,4.0,417.0,4.0,1.0,Anambra,3,1,0,0,1,35000.0,0.3333333333333333,3,3,3,1,1,42,14,22.0,757500.0,7,0,0.0
40013,2,2,2,2,2,1,2,2,2,1,1,1,2.0,2.0,3.0,1.0,42.0,12.0,1209.0,5.0,2.0,Edo,2,1,0,0,1,1900.0,0.5,2,2,2,1,1,42,10,13.0,223700.0,7,0,0.0
40015,3,2,2,3,3,1,2,2,0,1,1,0,3.0,3.0,1.0,1.0,54.0,4.0,417.0,4.0,1.0,Anambra,3,0,2,0,2,40000.0,0.0,3,2,2,1,1,42,13,14.0,382000.0,7,0,0.0
40016,1,1,1,1,1,1,1,0,0,1,0,0,1.0,1.0,1.0,1.0,103.0,4.0,417.0,4.0,1.0,Anambra,1,0,0,0,0,0.0,0.0,1,1,0,1,0,42,13,14.0,932500.0,7,1,200000.0
40017,3,2,2,3,3,1,2,0,0,1,0,0,3.0,3.0,1.0,1.0,49.0,4.0,417.0,4.0,1.0,Anambra,3,1,0,0,1,20000.0,0.3333333333333333,3,3,1,1,1,42,13,21.0,422000.0,7,0,0.0
40018,6,0,0,6,6,0,6,3,0,1,1,0,7.0,7.0,1.0,1.0,55.0,4.0,417.0,4.0,1.0,Anambra,7,2,0,0,2,110000.0,0.2857142857142857,7,6,5,1,1,42,15,30.0,427500.0,7,0,0.0
40019,2,2,0,2,2,1,2,1,0,1,1,0,3.0,3.0,5.0,1.0,32.0,4.0,417.0,4.0,1.0,Anambra,3,2,0,0,2,35000.0,0.6666666666666666,2,2,2,1,1,42,17,42.0,1598000.0,7,0,0.0
40020,4,0,0,4,4,0,3,2,1,1,1,1,4.0,4.0,1.0,1.0,65.0,4.0,417.0,4.0,1.0,Anambra,4,2,0,0,2,60000.0,0.5,4,4,2,1,1,42,17,26.0,429500.0,7,0,0.0
40171,3,0,2,3,3,1,1,2,0,1,1,0,5.0,5.0,1.0,1.0,60.0,4.0,421.0,4.0,1.0,Anambra,5,2,0,0,2,12000.0,0.4,4,3,1,1,1,42,10,14.0,153000.0,7,0,0.0
40172,8,0,0,8,8,0,4,1,2,1,1,1,11.0,11.0,1.0,2.0,77.0,4.0,421.0,4.0,1.0,Anambra,11,5,0,0,5,82000.0,0.45454545454545453,10,7,3,1,1,42,11,33.0,507000.0,7,0,0.0
40173,2,0,0,2,2,0,0,0,0,0,0,0,2.0,2.0,1.0,2.0,60.0,4.0,421.0,4.0,1.0,Anambra,2,0,0,0,0,0.0,0.0,2,1,0,1,0,42,8,9.0,70000.0,7,0,0.0
40174,1,1,1,1,1,1,1,0,0,1,0,0,6.0,6.0,1.0,1.0,38.0,4.0,421.0,4.0,1.0,Anambra,5,1,0,0,1,55000.0,0.2,3,1,2,1,1,42,20,32.0,6274200.0,7,0,0.0
40176,2,0,0,2,2,0,0,0,0,0,0,0,5.0,5.0,1.0,1.0,49.0,4.0,421.0,4.0,1.0,Anambra,5,2,0,0,2,50000.0,0.4,4,2,0,1,0,42,14,20.0,661000.0,7,0,0.0
40177,1,0,0,1,1,0,1,0,0,1,0,0,2.0,2.0,3.0,2.0,54.0,4.0,421.0,4.0,1.0,Anambra,2,2,0,0,1,15000.0,1.0,2,1,0,1,0,42,10,20.0,303500.0,7,0,0.0
40178,3,0,0,3,3,0,3,0,2,1,0,1,6.0,6.0,1.0,1.0,50.0,4.0,421.0,4.0,1.0,Anambra,5,2,0,0,2,65000.0,0.4,3,3,0,1,0,42,5,7.0,17500.0,7,1,50000.0
40180,5,0,0,5,5,0,1,0,0,1,0,0,6.0,6.0,1.0,1.0,84.0,4.0,421.0,4.0,1.0,Anambra,8,3,0,0,3,26000.0,0.375,6,5,0,1,0,42,5,9.0,72000.0,7,0,0.0
40202,5,3,1,5,5,1,4,1,0,1,1,0,4.0,4.0,2.0,1.0,52.0,4.0,402.0,4.0,2.0,Anambra,5,1,0,0,1,50000.0,0.2,5,4,1,1,1,42,13,19.0,413000.0,7,0,0.0
40203,2,0,1,2,2,1,1,2,0,1,1,0,2.0,2.0,1.0,2.0,49.0,4.0,402.0,4.0,2.0,Anambra,2,2,0,0,2,4500.0,1.0,2,2,0,1,0,42,7,8.0,88000.0,7,0,0.0
40206,2,1,1,2,2,1,1,0,0,1,0,0,3.0,3.0,1.0,1.0,65.0,4.0,402.0,4.0,2.0,Anambra,3,2,0,0,2,43000.0,0.6666666666666666,3,1,0,1,0,42,10,16.0,160000.0,7,0,0.0
40207,1,1,1,1,1,1,1,1,1,1,1,1,1.0,1.0,1.0,1.0,35.0,4.0,402.0,4.0,2.0,Anambra,1,1,0,0,1,6000.0,1.0,1,1,1,1,1,42,9,11.0,79000.0,7,2,30000.0
40208,2,0,0,2,2,0,1,0,0,1,0,0,5.0,5.0,1.0,1.0,60.0,4.0,402.0,4.0,2.0,Anambra,5,5,0,0,5,34000.0,1.0,5,0,0,0,0,42,12,24.0,504000.0,7,0,0.0
40209,1,0,0,1,1,0,1,0,1,1,0,1,1.0,1.0,2.0,2.0,85.0,4.0,402.0,4.0,2.0,Anambra,1,1,0,0,1,2000.0,1.0,1,1,0,1,0,42,5,10.0,25000.0,7,0,0.0
40210,2,2,2,2,2,1,2,2,2,1,1,1,2.0,2.0,2.0,1.0,35.0,4.0,406.0,4.0,1.0,Anambra,2,2,0,0,2,73000.0,1.0,2,2,2,1,1,42,16,22.0,4524500.0,7,0,0.0
49001,2,0,0,2,2,0,0,0,0,0,0,0,2.0,2.0,1.0,1.0,77.0,4.0,402.0,4.0,2.0,Anambra,2,0,0,0,0,0.0,0.0,2,1,0,1,0,42,7,9.0,44000.0,7,2,80000.0
49003,1,0,0,1,1,0,0,0,1,0,0,1,1.0,1.0,1301.0,1.0,37.0,4.0,402.0,4.0,2.0,Anambra,1,1,0,0,1,6000.0,1.0,1,1,0,1,0,42,3,4.0,21000.0,7,0,0.0
49004,3,0,0,3,3,0,2,0,1,1,0,1,5.0,5.0,1.0,1.0,33.0,4.0,402.0,4.0,2.0,Anambra,5,3,0,0,3,45000.0,0.6,3,3,0,1,0,42,7,13.0,66500.0,7,0,0.0
49005,8,2,3,8,8,1,5,3,0,1,1,0,12.0,12.0,1.0,1.0,48.0,4.0,402.0,4.0,2.0,Anambra,12,3,0,0,3,127000.0,0.25,11,6,6,1,1,42,16,42.0,4990000.0,7,0,0.0
49006,1,0,0,1,1,0,0,0,0,0,0,0,1.0,1.0,1.0,2.0,43.0,4.0,402.0,4.0,2.0,Anambra,1,1,0,0,1,3000.0,1.0,1,1,0,1,0,42,7,8.0,52000.0,7,0,0.0
49007,2,0,0,2,2,0,1,0,1,1,0,1,2.0,2.0,1.0,1.0,35.0,4.0,402.0,4.0,2.0,Anambra,2,2,0,0,2,22000.0,1.0,2,1,1,1,1,42,2,7.0,10000.0,7,0,0.0
49008,4,1,2,4,4,1,1,0,1,1,0,1,5.0,5.0,1.0,2.0,60.0,4.0,402.0,4.0,2.0,Anambra,5,3,0,0,3,27000.0,0.6,5,0,0,0,0,42,6,16.0,86000.0,7,0,0.0
49010,3,1,0,3,3,1,1,2,0,1,1,0,2.0,2.0,1.0,1.0,72.0,4.0,402.0,4.0,2.0,Anambra,6,2,0,0,2,40000.0,0.3333333333333333,4,2,0,1,0,42,13,33.0,711500.0,7,0,0.0
49011,1,0,0,1,1,0,0,0,1,0,0,1,1.0,1.0,1.0,2.0,75.0,14.0,1405.0,4.0,2.0,Enugu,1,0,0,0,0,0.0,0.0,1,1,0,1,0,42,3,4.0,10500.0,7,0,0.0
49013,2,1,1,2,2,1,1,0,0,1,0,0,2.0,2.0,1.0,1.0,84.0,4.0,405.0,4.0,2.0,Anambra,2,2,0,0,2,70000.0,1.0,2,2,0,1,0,42,10,22.0,227500.0,7,0,0.0
49015,1,1,1,1,1,1,1,1,1,1,1,1,1.0,1.0,1.0,2.0,60.0,14.0,1405.0,4.0,1.0,Enugu,1,1,0,0,1,5000.0,1.0,1,1,1,1,1,42,8,9.0,104000.0,7,2,340000.0
49017,3,1,3,3,3,1,1,1,0,1,1,0,3.0,3.0,1.0,1.0,65.0,4.0,405.0,4.0,2.0,Anambra,3,0,2,0,2,17500.0,0.0,3,2,0,1,0,42,9,14.0,116000.0,7,0,0.0
49018,4,2,0,4,4,1,3,1,1,1,1,1,5.0,5.0,1.0,1.0,39.0,4.0,405.0,4.0,2.0,Anambra,5,2,0,0,2,45000.0,0.4,5,3,3,1,1,42,15,21.0,1228000.0,7,0,0.0
49019,4,1,1,4,4,1,2,1,3,1,1,1,6.0,6.0,1.0,1.0,40.0,4.0,405.0,4.0,2.0,Anambra,6,4,0,0,4,140000.0,0.6666666666666666,6,3,3,1,1,42,14,27.0,1931500.0,7,1,105000.0
49020,4,3,2,4,4,1,3,2,3,1,1,1,2.0,2.0,1.0,1.0,39.0,14.0,1413.0,4.0,2.0,Enugu,4,2,0,0,2,30000.0,0.5,4,4,1,1,1,42,8,13.0,68500.0,7,0,0.0
49023,2,2,2,2,2,1,2,0,0,1,0,0,5.0,5.0,1.0,1.0,49.0,4.0,405.0,4.0,2.0,Anambra,5,2,0,0,2,80000.0,0.4,4,4,2,1,1,42,13,19.0,243300.0,7,0,0.0
49024,5,0,0,5,5,0,4,1,3,1,1,1,8.0,8.0,1.0,2.0,60.0,4.0,405.0,4.0,2.0,Anambra,6,1,0,0,3,5800.0,0.16666666666666666,5,4,1,1,1,42,6,10.0,48500.0,7,0,0.0
49025,2,0,1,2,2,1,2,0,0,1,0,0,3.0,3.0,1.0,1.0,31.0,4.0,408.0,4.0,2.0,Anambra,2,2,0,0,2,5500.0,1.0,2,2,1,1,1,42,6,6.0,331000.0,7,0,0.0
49026,1,0,0,1,1,0,0,0,0,0,0,0,1.0,1.0,1.0,2.0,52.0,4.0,408.0,4.0,2.0,Anambra,1,1,0,0,1,8000.0,1.0,1,1,0,1,0,42,7,11.0,170500.0,7,0,0.0
49027,4,2,2,4,4,1,2,0,0,1,0,0,5.0,5.0,1.0,2.0,60.0,4.0,408.0,4.0,2.0,Anambra,5,4,0,0,4,16500.0,0.8,4,2,0,1,0,42,10,18.0,128000.0,7,1,50000.0
49030,2,0,2,2,2,1,1,0,1,1,0,1,1.0,1.0,1.0,1.0,47.0,4.0,408.0,4.0,2.0,Anambra,2,2,0,0,2,7500.0,1.0,2,0,0,0,0,42,8,15.0,94500.0,7,0,0.0
49034,2,1,1,2,2,1,0,0,0,0,0,0,3.0,3.0,1.0,1.0,70.0,4.0,408.0,4.0,2.0,Anambra,3,2,0,0,2,5000.0,0.6666666666666666,3,0,0,0,0,42,5,15.0,20300.0,7,0,0.0
49035,3,0,2,3,3,1,2,0,0,1,0,0,7.0,7.0,1.0,1.0,48.0,4.0,408.0,4.0,2.0,Anambra,6,2,0,0,2,7000.0,0.3333333333333333,5,2,1,1,1,42,19,28.0,426000.0,7,0,0.0
49036,2,0,0,2,2,0,2,1,1,1,1,1,1.0,1.0,1.0,1.0,47.0,4.0,408.0,4.0,2.0,Anambra,2,2,0,0,2,4000.0,1.0,2,2,0,1,0,42,14,16.0,117800.0,7,0,0.0
49037,3,0,2,3,3,1,2,2,0,1,1,0,8.0,8.0,1.0,1.0,49.0,4.0,412.0,4.0,1.0,Anambra,6,2,0,0,2,6500.0,0.3333333333333333,4,4,0,1,0,42,8,15.0,84000.0,7,0,0.0
49038,2,0,1,2,2,1,1,0,0,1,0,0,6.0,6.0,1.0,2.0,43.0,4.0,412.0,4.0,1.0,Anambra,4,3,1,0,4,26800.0,0.75,4,2,1,1,1,42,9,11.0,153000.0,7,0,0.0
49039,2,0,0,2,2,0,0,0,2,0,0,1,2.0,2.0,1.0,2.0,80.0,4.0,412.0,4.0,1.0,Anambra,2,1,0,0,1,1800.0,0.5,2,0,0,0,0,42,5,7.0,37000.0,7,0,0.0
49040,2,0,1,2,2,1,1,1,0,1,1,0,2.0,2.0,2.0,2.0,58.0,4.0,412.0,4.0,1.0,Anambra,2,1,0,0,1,2500.0,0.5,2,2,0,1,0,42,7,76.0,58000.0,7,1,10500.0
49042,2,0,0,2,2,0,1,0,1,1,0,1,2.0,2.0,1.0,2.0,63.0,4.0,412.0,4.0,1.0,Anambra,2,1,0,0,1,10000.0,0.5,2,2,1,1,1,42,9,12.0,58500.0,7,0,0.0
49043,4,0,2,4,4,1,1,2,0,1,1,0,8.0,8.0,1.0,1.0,57.0,4.0,412.0,4.0,1.0,Anambra,7,2,0,0,2,6000.0,0.2857142857142857,5,5,0,1,0,42,8,12.0,77500.0,7,0,0.0
49044,1,0,0,1,1,0,0,0,0,0,0,0,1.0,1.0,7.0,2.0,87.0,4.0,412.0,4.0,1.0,Anambra,2,0,0,0,0,0.0,0.0,1,1,0,1,0,42,4,7.0,15000.0,7,1,200000.0
49045,2,1,1,2,2,1,1,0,0,1,0,0,2.0,2.0,1.0,2.0,74.0,4.0,412.0,4.0,1.0,Anambra,2,1,0,0,1,60000.0,0.5,2,2,1,1,1,42,7,21.0,565500.0,7,0,0.0
49046,1,0,0,1,1,0,1,0,0,1,0,0,1.0,1.0,1.0,2.0,38.0,4.0,412.0,4.0,1.0,Anambra,1,1,0,0,1,4500.0,1.0,1,1,0,1,0,42,5,7.0,32000.0,7,0,0.0
49049,3,0,3,3,3,1,3,3,0,1,1,0,3.0,3.0,1.0,1.0,70.0,4.0,416.0,4.0,1.0,Anambra,3,0,2,0,2,5500.0,0.0,3,3,0,1,0,42,14,17.0,391500.0,7,0,0.0
49051,1,0,0,1,1,0,0,0,0,0,0,0,1.0,1.0,1.0,1.0,38.0,4.0,416.0,4.0,1.0,Anambra,1,1,0,0,1,4000.0,1.0,1,1,0,1,0,42,7,9.0,131000.0,7,0,0.0
49052,5,0,0,5,5,0,2,0,1,1,0,1,4.0,4.0,2.0,2.0,61.0,4.0,416.0,4.0,1.0,Anambra,5,4,0,0,4,73000.0,0.8,5,5,4,1,1,42,6,10.0,50000.0,7,0,0.0
49054,4,4,4,4,4,1,4,2,4,1,1,1,5.0,5.0,1.0,1.0,34.0,4.0,416.0,4.0,1.0,Anambra,5,3,0,0,3,105000.0,0.6,4,4,4,1,1,42,12,19.0,310700.0,7,0,0.0
49055,3,0,0,3,3,0,1,1,0,1,1,0,3.0,3.0,2.0,2.0,54.0,4.0,416.0,4.0,1.0,Anambra,3,1,0,0,1,58000.0,0.3333333333333333,3,3,2,1,1,42,8,14.0,204300.0,7,0,0.0
49057,3,1,2,3,3,1,1,0,0,1,0,0,2.0,2.0,5101.0,2.0,52.0,4.0,416.0,4.0,1.0,Anambra,3,2,0,0,2,96000.0,0.6666666666666666,3,3,1,1,1,42,12,13.0,258500.0,7,0,0.0
49058,2,1,0,2,2,1,1,0,0,1,0,0,2.0,2.0,1.0,2.0,34.0,4.0,416.0,4.0,1.0,Anambra,2,1,0,0,1,15000.0,0.5,2,2,2,1,1,42,11,11.0,253800.0,7,0,0.0
49060,4,0,0,4,4,0,1,0,1,1,0,1,6.0,6.0,1.0,1.0,54.0,4.0,416.0,4.0,1.0,Anambra,6,4,0,0,4,25000.0,0.6666666666666666,6,4,3,1,1,42,12,20.0,331500.0,7,0,0.0
49063,3,0,0,3,3,0,1,1,0,1,1,0,7.0,7.0,1.0,1.0,46.0,4.0,416.0,4.0,1.0,Anambra,7,0,2,0,2,6500.0,0.0,5,1,0,1,0,42,9,10.0,572500.0,7,0,0.0
49064,4,0,0,4,4,0,2,0,1,1,0,1,6.0,6.0,1.0,1.0,38.0,4.0,416.0,4.0,1.0,Anambra,4,3,0,0,3,95000.0,0.75,4,1,1,1,1,42,5,5.0,39000.0,7,0,0.0
49065,2,0,0,2,2,0,1,1,1,1,1,1,5.0,5.0,1.0,1.0,38.0,4.0,416.0,4.0,1.0,Anambra,5,2,0,0,2,4500.0,0.4,3,2,1,1,1,42,14,19.0,1572500.0,7,0,0.0
49066,2,2,2,2,2,1,2,2,2,1,1,1,5.0,5.0,1.0,1.0,41.0,4.0,416.0,4.0,1.0,Anambra,4,0,0,0,1,32000.0,0.0,3,3,3,1,1,42,15,23.0,393000.0,7,0,0.0
49068,3,0,1,3,3,1,2,2,0,1,1,0,3.0,3.0,1.0,1.0,39.0,4.0,416.0,4.0,1.0,Anambra,3,2,0,0,3,105000.0,0.6666666666666666,3,3,3,1,1,42,14,21.0,470800.0,7,0,0.0
49069,1,0,1,1,1,1,1,0,0,1,0,0,2.0,2.0,1.0,2.0,50.0,4.0,416.0,4.0,1.0,Anambra,2,1,0,0,1,1500.0,0.5,2,1,0,1,0,42,5,7.0,41500.0,7,0,0.0
49070,3,1,2,3,3,1,2,0,0,1,0,0,6.0,6.0,1.0,1.0,40.0,4.0,416.0,4.0,1.0,Anambra,4,2,0,0,2,3500.0,0.5,4,2,0,1,0,42,9,15.0,150300.0,7,0,0.0
49071,6,0,0,6,6,0,3,0,0,1,0,0,7.0,7.0,1.0,1.0,70.0,4.0,416.0,4.0,1.0,Anambra,8,3,0,0,3,140000.0,0.375,7,4,3,1,1,42,11,19.0,184000.0,7,0,0.0
49073,4,0,0,4,4,0,3,1,0,1,1,0,6.0,6.0,1.0,1.0,75.0,4.0,417.0,4.0,1.0,Anambra,4,3,0,0,3,7700.0,0.75,4,3,2,1,1,42,20,34.0,9416300.0,7,1,700000.0
49076,2,0,0,2,2,0,2,1,0,1,1,0,2.0,2.0,3.0,1.0,30.0,4.0,417.0,4.0,1.0,Anambra,2,1,0,0,1,40000.0,0.5,2,2,2,1,1,42,8,11.0,87000.0,7,1,400000.0
49077,5,3,4,5,5,1,5,2,4,1,1,1,5.0,5.0,1.0,2.0,56.0,4.0,417.0,4.0,1.0,Anambra,5,2,0,0,2,132000.0,0.4,5,5,5,1,1,42,14,35.0,574000.0,7,0,0.0
49079,3,0,1,3,3,1,2,1,2,1,1,1,3.0,3.0,1.0,1.0,55.0,4.0,417.0,4.0,1.0,Anambra,3,2,0,0,2,4500.0,0.6666666666666666,3,3,1,1,1,42,13,21.0,2003500.0,7,0,0.0
49080,4,3,3,4,4,1,2,0,1,1,0,1,3.0,3.0,1.0,1.0,53.0,4.0,417.0,4.0,1.0,Anambra,4,2,0,0,2,67000.0,0.5,4,4,2,1,1,42,8,10.0,123500.0,7,0,0.0
49081,3,0,2,3,3,1,2,3,0,1,1,0,3.0,3.0,2.0,2.0,50.0,4.0,417.0,4.0,1.0,Anambra,3,0,2,0,2,40000.0,0.0,3,3,2,1,1,42,12,15.0,184500.0,7,0,0.0
49082,3,1,2,3,3,1,2,0,0,1,0,0,5.0,5.0,1.0,1.0,47.0,4.0,417.0,4.0,1.0,Anambra,6,3,0,0,3,125000.0,0.5,5,4,3,1,1,42,15,28.0,498000.0,7,0,0.0
49083,3,0,0,3,3,0,2,0,0,1,0,0,4.0,4.0,1.0,1.0,42.0,4.0,417.0,4.0,1.0,Anambra,4,2,0,0,2,70000.0,0.5,3,1,0,1,0,42,10,11.0,70000.0,7,0,0.0
49085,2,0,0,2,2,0,0,0,1,0,0,1,3.0,3.0,2.0,2.0,48.0,4.0,419.0,4.0,1.0,Anambra,3,1,0,0,1,5000.0,0.3333333333333333,3,2,0,1,0,42,4,6.0,29000.0,7,0,0.0
49086,1,0,0,1,1,0,1,0,0,1,0,0,1.0,1.0,1.0,2.0,65.0,4.0,419.0,4.0,1.0,Anambra,1,1,0,0,1,10000.0,1.0,1,1,0,1,0,42,12,14.0,300500.0,7,0,0.0
49088,2,1,2,2,2,1,2,2,0,1,1,0,3.0,3.0,1.0,1.0,38.0,4.0,419.0,4.0,1.0,Anambra,3,2,0,0,2,162500.0,0.6666666666666666,2,2,2,1,1,42,10,12.0,165500.0,7,0,0.0
49089,2,1,2,2,2,1,2,1,2,1,1,1,4.0,4.0,1.0,1.0,41.0,4.0,419.0,4.0,1.0,Anambra,3,2,0,0,2,112000.0,0.6666666666666666,2,2,2,1,1,42,19,33.0,2086700.0,7,0,0.0
49090,5,2,3,5,5,1,3,0,0,1,0,0,6.0,6.0,1.0,1.0,50.0,4.0,419.0,4.0,1.0,Anambra,6,2,0,0,2,50000.0,0.3333333333333333,6,6,5,1,1,42,20,39.0,1650200.0,7,0,0.0
49091,2,0,0,2,2,0,2,0,0,1,0,0,5.0,5.0,1.0,1.0,40.0,4.0,419.0,4.0,1.0,Anambra,5,1,0,0,1,20000.0,0.2,3,3,2,1,1,42,13,19.0,592500.0,7,0,0.0
49093,4,0,0,4,4,0,2,0,1,1,0,1,3.0,3.0,1.0,2.0,89.0,4.0,419.0,4.0,1.0,Anambra,4,2,0,0,2,35000.0,0.5,4,3,2,1,1,42,16,27.0,2219700.0,7,1,300000.0
49094,2,1,2,2,2,1,2,2,0,1,1,0,6.0,6.0,1.0,1.0,42.0,4.0,419.0,4.0,1.0,Anambra,5,0,2,0,2,163000.0,0.0,4,2,2,1,1,42,12,13.0,483000.0,7,0,0.0
49095,3,0,2,3,3,1,2,0,0,1,0,0,1.0,1.0,1.0,2.0,74.0,4.0,419.0,4.0,1.0,Anambra,3,2,0,0,1,4000.0,0.6666666666666666,3,3,1,1,1,42,16,35.0,605000.0,7,0,0.0
49097,5,0,2,5,5,1,2,0,0,1,0,0,2.0,2.0,1.0,2.0,57.0,4.0,420.0,4.0,1.0,Anambra,6,2,0,0,2,86000.0,0.3333333333333333,5,3,1,1,1,42,15,33.0,359200.0,7,0,0.0
49098,1,0,0,1,1,0,0,0,1,0,0,1,1.0,1.0,1.0,1.0,26.0,4.0,420.0,4.0,1.0,Anambra,1,1,0,0,1,15000.0,1.0,1,1,0,1,0,42,9,10.0,462500.0,7,0,0.0
49100,3,0,1,3,3,1,1,1,0,1,1,0,3.0,3.0,1.0,1.0,95.0,4.0,420.0,4.0,1.0,Anambra,3,1,0,0,1,5000.0,0.3333333333333333,3,3,0,1,0,42,8,9.0,65500.0,7,0,0.0
49101,4,1,3,4,4,1,3,0,1,1,0,1,4.0,4.0,1.0,1.0,62.0,4.0,420.0,4.0,1.0,Anambra,5,3,0,0,3,10000.0,0.6,4,3,3,1,1,42,10,16.0,401800.0,7,0,0.0
49102,3,0,0,3,3,0,2,0,1,1,0,1,3.0,3.0,1.0,2.0,85.0,4.0,420.0,4.0,1.0,Anambra,3,1,0,0,1,0.0,0.3333333333333333,3,3,0,1,0,42,7,10.0,41500.0,7,1,200000.0
49103,2,0,0,2,2,0,2,0,1,1,0,1,6.0,6.0,1.0,1.0,45.0,4.0,420.0,4.0,1.0,Anambra,6,1,0,0,1,5000.0,0.16666666666666666,4,2,0,1,0,42,7,11.0,56500.0,7,1,1000000.0
49104,4,0,0,4,4,0,4,1,1,1,1,1,4.0,4.0,1.0,1.0,57.0,4.0,420.0,4.0,1.0,Anambra,5,1,0,0,1,50000.0,0.2,5,3,1,1,1,42,15,23.0,230500.0,7,1,500000.0
49105,4,0,3,4,4,1,3,3,0,1,1,0,4.0,4.0,1.0,1.0,64.0,4.0,420.0,4.0,1.0,Anambra,4,0,2,0,2,5500.0,0.0,4,4,0,1,0,42,9,16.0,169000.0,7,0,0.0
49106,2,0,2,2,2,1,2,2,0,1,1,0,2.0,2.0,1.0,2.0,64.0,4.0,420.0,4.0,1.0,Anambra,2,0,1,0,1,3000.0,0.0,2,2,1,1,1,42,10,15.0,383500.0,7,0,0.0
49108,2,0,0,2,2,0,1,0,1,1,0,1,5.0,5.0,1.0,1.0,44.0,4.0,420.0,4.0,1.0,Anambra,5,2,0,0,2,65000.0,0.4,4,2,1,1,1,42,12,18.0,319000.0,7,0,0.0
49111,3,0,0,3,3,0,1,1,0,1,1,0,4.0,4.0,5.0,1.0,66.0,4.0,405.0,4.0,2.0,Anambra,4,2,0,0,2,12500.0,0.5,4,3,1,1,1,42,8,10.0,65500.0,7,0,0.0
49112,3,0,0,3,3,0,3,1,0,1,1,0,3.0,3.0,1.0,1.0,60.0,4.0,405.0,4.0,2.0,Anambra,3,2,0,0,2,105000.0,0.6666666666666666,3,3,1,1,1,42,16,27.0,460500.0,7,1,100000.0
49113,7,1,0,7,7,1,6,3,1,1,1,1,6.0,6.0,1.0,1.0,47.0,4.0,408.0,4.0,2.0,Anambra,8,2,0,0,2,60000.0,0.25,8,8,5,1,1,42,17,43.0,4976500.0,7,0,0.0
49114,4,3,3,4,4,1,3,3,1,1,1,1,5.0,5.0,1.0,1.0,51.0,4.0,408.0,4.0,2.0,Anambra,5,3,0,0,3,15000.0,0.6,5,3,1,1,1,42,18,28.0,484000.0,7,1,50000.0
49117,4,0,0,4,4,0,3,2,1,1,1,1,3.0,3.0,5101.0,1.0,62.0,4.0,416.0,4.0,1.0,Anambra,5,3,0,0,3,90000.0,0.6,5,4,3,1,1,42,13,21.0,343500.0,7,1,700000.0
49122,5,0,1,5,5,1,2,0,0,1,0,0,8.0,8.0,1.0,1.0,55.0,4.0,417.0,4.0,1.0,Anambra,7,2,0,0,2,5000.0,0.2857142857142857,7,4,3,1,1,42,11,14.0,493000.0,7,0,0.0
49124,5,0,0,5,5,0,2,0,1,1,0,1,5.0,5.0,1301.0,1.0,53.0,4.0,419.0,4.0,1.0,Anambra,5,2,0,0,2,3000.0,0.4,5,3,1,1,1,42,9,12.0,80000.0,7,0,0.0
49126,3,0,0,3,3,0,0,0,0,0,0,0,3.0,3.0,1.0,1.0,97.0,4.0,407.0,4.0,1.0,Anambra,3,0,0,0,0,0.0,0.0,3,1,0,1,0,42,7,12.0,61000.0,7,0,0.0
49129,3,0,3,3,3,1,3,3,0,1,1,0,9.0,9.0,1.0,1.0,35.0,4.0,407.0,4.0,1.0,Anambra,7,2,0,0,2,8000.0,0.2857142857142857,4,3,1,1,1,42,9,14.0,239000.0,7,1,50000.0
49130,4,1,0,4,4,1,2,0,0,1,0,0,8.0,8.0,1.0,1.0,64.0,4.0,407.0,4.0,1.0,Anambra,9,3,0,0,4,525000.0,0.3333333333333333,8,3,2,1,1,42,11,25.0,383800.0,7,0,0.0
49131,6,0,0,6,6,0,0,2,0,0,1,0,10.0,10.0,1.0,1.0,44.0,4.0,407.0,4.0,1.0,Anambra,9,4,0,0,4,26000.0,0.4444444444444444,6,3,0,1,0,42,7,14.0,61000.0,7,0,0.0
49132,4,1,1,4,4,1,1,1,0,1,1,0,7.0,7.0,1.0,1.0,72.0,4.0,407.0,4.0,1.0,Anambra,5,1,1,0,2,6000.0,0.2,4,2,1,1,1,42,11,123.0,261000.0,7,1,4200.0
49133,5,0,1,5,5,1,2,3,0,1,1,0,7.0,7.0,1.0,1.0,48.0,4.0,407.0,4.0,1.0,Anambra,7,2,0,0,2,6000.0,0.2857142857142857,6,2,2,1,1,42,15,237.0,351000.0,7,2,75000.0
49134,2,0,0,2,2,0,0,0,1,0,0,1,3.0,3.0,1.0,2.0,75.0,4.0,407.0,4.0,1.0,Anambra,2,1,0,0,1,30000.0,0.5,2,0,0,0,0,42,4,5.0,26500.0,7,0,0.0
49135,4,1,1,4,4,1,1,0,0,1,0,0,4.0,4.0,1.0,2.0,36.0,4.0,407.0,4.0,1.0,Anambra,4,1,0,0,1,15000.0,0.25,4,4,3,1,1,42,12,22.0,146000.0,7,0,0.0
49136,2,0,0,2,2,0,0,0,0,0,0,0,4.0,4.0,1.0,1.0,48.0,4.0,407.0,4.0,1.0,Anambra,3,2,0,0,2,440000.0,0.6666666666666666,2,2,0,1,0,42,7,14.0,252500.0,7,0,0.0
49137,2,0,0,2,2,0,2,0,0,1,0,0,8.0,8.0,1.0,1.0,29.0,4.0,407.0,4.0,1.0,Anambra,6,2,0,0,2,50000.0,0.3333333333333333,3,2,1,1,1,42,3,6.0,26000.0,7,0,0.0
50001,4,0,1,4,4,1,1,4,2,1,1,1,2.0,2.0,1.0,1.0,73.0,5.0,506.0,2.0,2.0,Bauchi,4,4,0,0,4,18000.0,1.0,4,4,0,1,0,42,7,20.0,348300.0,7,0,0.0
50002,9,1,4,9,9,1,1,0,0,1,0,0,12.0,12.0,1.0,1.0,60.0,5.0,506.0,2.0,2.0,Bauchi,12,10,0,0,3,820000.0,0.8333333333333334,12,10,0,1,0,42,4,10.0,30500.0,7,0,0.0
50003,5,0,0,5,5,0,0,3,1,0,1,1,11.0,11.0,1.0,1.0,41.0,5.0,506.0,2.0,2.0,Bauchi,9,6,0,0,6,8300.0,0.6666666666666666,7,5,0,1,0,42,5,12.0,76500.0,7,0,0.0
50004,6,1,0,6,6,1,1,6,5,1,1,1,7.0,7.0,1.0,1.0,56.0,5.0,506.0,2.0,2.0,Bauchi,6,6,0,0,6,18000.0,1.0,6,6,0,1,0,42,6,17.0,118500.0,7,0,0.0
50005,4,0,0,4,4,0,1,0,0,1,0,0,11.0,11.0,1.0,1.0,40.0,5.0,506.0,2.0,2.0,Bauchi,7,5,0,0,3,108000.0,0.7142857142857143,6,5,0,1,0,42,7,18.0,39700.0,7,0,0.0
50006,5,0,0,5,5,0,2,1,0,1,1,0,7.0,7.0,1.0,1.0,73.0,5.0,506.0,2.0,2.0,Bauchi,8,3,0,0,1,2000.0,0.375,6,6,0,1,0,42,6,30.0,225200.0,7,1,10000.0
50007,5,0,0,5,5,0,1,5,1,1,1,1,7.0,7.0,1.0,1.0,46.0,5.0,506.0,2.0,2.0,Bauchi,7,4,0,0,4,13000.0,0.5714285714285714,7,7,1,1,1,42,7,13.0,167300.0,7,0,0.0
50008,5,0,0,5,5,0,0,5,3,0,1,1,6.0,6.0,1.0,1.0,89.0,5.0,506.0,2.0,2.0,Bauchi,6,5,0,0,5,16000.0,0.8333333333333334,5,5,0,1,0,42,5,14.0,101700.0,7,0,0.0
50009,7,0,0,7,7,0,1,5,3,1,1,1,15.0,15.0,1.0,1.0,50.0,5.0,506.0,2.0,2.0,Bauchi,15,8,0,0,7,8900.0,0.5333333333333333,12,8,0,1,0,42,7,20.0,213000.0,7,0,0.0
50031,5,0,2,5,5,1,0,1,1,0,1,1,7.0,7.0,1.0,1.0,43.0,5.0,502.0,2.0,2.0,Bauchi,7,6,0,0,4,75000.0,0.8571428571428571,6,3,0,1,0,42,6,8.0,25700.0,7,0,0.0
50032,2,1,1,2,2,1,0,2,2,0,1,1,3.0,3.0,3.0,1.0,43.0,5.0,502.0,2.0,2.0,Bauchi,2,2,0,0,2,32500.0,1.0,2,2,0,1,0,42,5,9.0,15900.0,7,0,0.0
50033,5,0,3,5,5,1,0,0,0,0,0,0,5.0,5.0,1.0,1.0,78.0,5.0,502.0,2.0,2.0,Bauchi,5,4,0,0,1,1000.0,0.8,5,4,0,1,0,42,5,13.0,145900.0,7,0,0.0
50034,8,0,0,8,8,0,0,0,1,0,0,1,19.0,19.0,1.0,1.0,43.0,5.0,502.0,2.0,2.0,Bauchi,19,10,0,0,9,15900.0,0.5263157894736842,12,12,0,1,0,42,6,14.0,141200.0,7,0,0.0
50035,3,1,0,3,3,1,1,1,2,1,1,1,9.0,9.0,1.0,1.0,39.0,5.0,502.0,2.0,2.0,Bauchi,9,6,0,0,3,37000.0,0.6666666666666666,6,6,0,1,0,42,5,17.0,63000.0,7,0,0.0
50036,4,1,0,4,4,1,0,2,1,0,1,1,3.0,3.0,1.0,1.0,75.0,5.0,502.0,2.0,2.0,Bauchi,4,4,0,0,4,125000.0,1.0,4,4,1,1,1,42,8,17.0,343000.0,7,0,0.0
50037,4,0,2,4,4,1,0,0,0,0,0,0,6.0,6.0,2.0,2.0,40.0,5.0,502.0,2.0,2.0,Bauchi,6,6,0,0,5,5250.0,1.0,6,2,1,1,1,42,5,7.0,26100.0,7,1,3500.0
50038,3,0,2,3,3,1,0,0,1,0,0,1,8.0,8.0,1.0,1.0,33.0,5.0,502.0,2.0,2.0,Bauchi,7,7,0,0,5,115200.0,1.0,6,6,0,1,0,42,4,9.0,26700.0,7,0,0.0
50039,2,0,0,2,2,0,0,1,1,0,1,1,6.0,6.0,1.0,1.0,50.0,5.0,502.0,2.0,2.0,Bauchi,5,4,0,0,1,10000.0,0.8,4,2,0,1,0,42,6,13.0,64000.0,7,0,0.0
50040,7,1,0,7,7,1,1,4,2,1,1,1,11.0,11.0,1.0,1.0,52.0,5.0,502.0,2.0,2.0,Bauchi,11,8,0,0,7,310900.0,0.7272727272727273,8,7,1,1,1,42,9,38.0,198500.0,7,0,0.0
50051,5,0,0,5,5,0,0,1,1,0,1,1,6.0,6.0,1.0,1.0,76.0,5.0,513.0,2.0,2.0,Bauchi,6,4,0,0,4,10500.0,0.6666666666666666,6,6,0,1,0,42,4,12.0,32000.0,7,0,0.0
50052,4,0,0,4,4,0,0,0,0,0,0,0,4.0,4.0,2.0,2.0,46.0,5.0,513.0,2.0,2.0,Bauchi,4,4,0,0,4,371500.0,1.0,4,3,0,1,0,42,3,7.0,36800.0,7,1,24000.0
50053,4,0,1,4,4,1,0,1,1,0,1,1,7.0,7.0,1.0,1.0,43.0,5.0,513.0,2.0,2.0,Bauchi,7,4,0,0,4,13500.0,0.5714285714285714,5,5,0,1,0,42,4,10.0,49200.0,7,0,0.0
50054,4,0,0,4,4,0,0,1,1,0,1,1,7.0,7.0,1.0,1.0,45.0,5.0,513.0,2.0,2.0,Bauchi,8,3,0,0,3,7000.0,0.375,6,5,0,1,0,42,3,12.0,41200.0,7,0,0.0
50055,5,1,1,5,5,1,1,2,3,1,1,1,7.0,7.0,8.0,1.0,42.0,5.0,513.0,2.0,2.0,Bauchi,7,2,1,0,2,1700.0,0.2857142857142857,6,6,0,1,0,42,8,14.0,309700.0,7,0,0.0
50056,5,1,0,5,5,1,0,0,0,0,0,0,6.0,6.0,1.0,1.0,66.0,5.0,513.0,2.0,2.0,Bauchi,6,5,0,0,1,2000.0,0.8333333333333334,6,6,1,1,1,42,3,8.0,21800.0,7,1,14000.0
50057,2,0,0,2,2,0,0,0,0,0,0,0,6.0,6.0,1.0,1.0,43.0,5.0,513.0,2.0,2.0,Bauchi,6,2,0,0,2,7000.0,0.3333333333333333,4,4,0,1,0,42,4,6.0,27500.0,7,0,0.0
50058,4,0,0,4,4,0,0,0,0,0,0,0,5.0,5.0,1.0,1.0,61.0,5.0,513.0,2.0,2.0,Bauchi,5,4,0,0,1,3000.0,0.8,5,5,0,1,0,42,5,17.0,72000.0,7,1,20000.0
50059,12,0,0,12,12,0,0,0,0,0,0,0,17.0,17.0,1.0,1.0,57.0,5.0,513.0,2.0,2.0,Bauchi,17,3,2,0,1,4000.0,0.17647058823529413,16,16,0,1,0,42,4,18.0,42500.0,7,0,0.0
50060,2,0,0,2,2,0,0,0,0,0,0,0,3.0,3.0,3.0,1.0,32.0,5.0,513.0,2.0,2.0,Bauchi,3,2,0,0,1,15000.0,0.6666666666666666,2,2,0,1,0,42,5,6.0,109100.0,7,0,0.0
50091,6,0,0,6,6,0,2,0,1,1,0,1,12.0,12.0,1.0,1.0,53.0,5.0,509.0,2.0,2.0,Bauchi,12,8,0,1,6,2851800.0,0.6666666666666666,10,10,0,1,0,42,8,35.0,423500.0,7,0,0.0
50092,8,0,0,8,8,0,0,0,0,0,0,0,10.0,10.0,1.0,1.0,65.0,5.0,509.0,2.0,2.0,Bauchi,9,5,0,0,5,9500.0,0.5555555555555556,8,8,0,1,0,42,5,17.0,43000.0,7,0,0.0
50093,4,1,1,4,4,1,1,3,3,1,1,1,7.0,7.0,1.0,1.0,69.0,5.0,509.0,2.0,2.0,Bauchi,5,2,0,0,2,11500.0,0.4,4,4,0,1,0,42,5,17.0,75000.0,7,0,0.0
50094,7,0,0,7,7,0,0,3,3,0,1,1,5.0,5.0,1.0,1.0,62.0,5.0,509.0,2.0,2.0,Bauchi,7,6,0,0,6,18500.0,0.8571428571428571,7,7,0,1,0,42,4,12.0,34800.0,7,0,0.0
50095,6,1,2,6,6,1,0,1,0,0,1,0,5.0,5.0,1.0,1.0,49.0,5.0,509.0,2.0,2.0,Bauchi,6,5,0,0,5,1003500.0,0.8333333333333334,6,6,0,1,0,42,7,22.0,93200.0,7,1,14000.0
50096,2,0,0,2,2,0,0,0,0,0,0,0,2.0,2.0,4.0,2.0,58.0,5.0,509.0,2.0,2.0,Bauchi,2,2,0,0,2,7000.0,1.0,2,2,0,1,0,42,3,5.0,21000.0,7,0,0.0
50097,3,0,0,3,3,0,0,1,1,0,1,1,3.0,3.0,5.0,1.0,29.0,5.0,509.0,2.0,2.0,Bauchi,4,2,0,0,2,5500.0,0.5,4,4,0,1,0,42,5,7.0,165800.0,7,0,0.0
50098,1,0,0,1,1,0,0,0,0,0,0,0,2.0,2.0,4.0,2.0,76.0,5.0,509.0,2.0,2.0,Bauchi,2,2,0,0,2,180000.0,1.0,2,2,0,1,0,42,4,6.0,27700.0,7,1,16000.0
50099,4,0,0,4,4,0,0,0,0,0,0,0,7.0,7.0,1.0,1.0,57.0,5.0,509.0,2.0,2.0,Bauchi,6,4,0,0,4,9500.0,0.6666666666666666,6,4,0,1,0,42,3,14.0,36000.0,7,0,0.0
50100,8,0,0,8,8,0,0,2,2,0,1,1,10.0,10.0,1.0,1.0,58.0,5.0,509.0,2.0,2.0,Bauchi,10,5,0,0,5,13500.0,0.5,8,8,0,1,0,42,5,20.0,45500.0,7,0,0.0
50131,4,0,0,4,4,0,0,1,1,0,1,1,8.0,8.0,1.0,1.0,39.0,5.0,518.0,2.0,2.0,Bauchi,8,4,0,0,4,10500.0,0.5,6,3,0,1,0,42,5,11.0,219700.0,7,0,0.0
50132,5,0,0,5,5,0,0,1,1,0,1,1,6.0,6.0,1.0,1.0,66.0,5.0,518.0,2.0,2.0,Bauchi,6,2,0,0,2,7000.0,0.3333333333333333,5,4,0,1,0,42,3,13.0,21000.0,7,0,0.0
50133,5,0,2,5,5,1,0,0,0,0,0,0,8.0,8.0,1.0,1.0,43.0,5.0,518.0,2.0,2.0,Bauchi,8,6,0,0,3,902700.0,0.75,6,6,0,1,0,42,6,21.0,38800.0,7,1,14000.0
50134,5,1,1,5,5,1,1,1,2,1,1,1,4.0,4.0,1.0,1.0,72.0,5.0,518.0,2.0,2.0,Bauchi,6,2,0,0,2,11000.0,0.3333333333333333,6,6,0,1,0,42,6,16.0,180300.0,7,0,0.0
50135,2,0,0,2,2,0,0,1,1,0,1,1,6.0,6.0,1.0,1.0,40.0,5.0,518.0,2.0,2.0,Bauchi,5,1,0,0,1,6000.0,0.2,3,3,0,1,0,42,4,8.0,199500.0,7,0,0.0
50136,5,0,1,5,5,1,1,0,1,1,0,1,15.0,15.0,1.0,1.0,53.0,5.0,518.0,2.0,2.0,Bauchi,14,10,0,0,6,3403500.0,0.7142857142857143,10,4,0,1,0,42,8,31.0,82300.0,7,1,20000.0
50137,3,0,0,3,3,0,0,1,1,0,1,1,7.0,7.0,3.0,1.0,37.0,5.0,518.0,2.0,2.0,Bauchi,7,3,0,0,3,7000.0,0.42857142857142855,5,4,0,1,0,42,5,12.0,219300.0,7,0,0.0
50138,6,1,1,6,6,1,1,3,3,1,1,1,8.0,8.0,1.0,1.0,46.0,5.0,518.0,2.0,2.0,Bauchi,9,6,0,0,6,15000.0,0.6666666666666666,7,7,0,1,0,42,6,16.0,178800.0,7,0,0.0
50139,2,0,1,2,2,1,1,0,0,1,0,0,4.0,4.0,1.0,1.0,56.0,5.0,518.0,2.0,2.0,Bauchi,4,4,0,0,3,1101900.0,1.0,4,4,0,1,0,42,9,24.0,221200.0,7,1,15000.0
50140,2,1,1,2,2,1,1,1,1,1,1,1,6.0,6.0,1.0,1.0,38.0,31.0,3105.0,1.0,1.0,Plateau,5,2,0,0,2,13000.0,0.4,4,2,0,1,0,42,6,6.0,35000.0,7,3,39000.0
50151,2,0,1,2,2,1,0,1,1,0,1,1,4.0,4.0,3.0,1.0,38.0,5.0,518.0,2.0,2.0,Bauchi,4,2,0,0,2,16000.0,0.5,2,2,0,1,0,42,4,6.0,77000.0,7,1,3500.0
50152,6,0,1,6,6,1,0,4,0,0,1,0,11.0,11.0,1.0,1.0,48.0,5.0,518.0,2.0,2.0,Bauchi,10,7,0,0,6,1303900.0,0.7,6,6,0,1,0,42,6,22.0,175500.0,7,1,7000.0
50153,3,0,0,3,3,0,0,1,1,0,1,1,3.0,3.0,1.0,1.0,63.0,5.0,518.0,2.0,2.0,Bauchi,4,4,0,0,4,7500.0,1.0,3,3,0,1,0,42,4,9.0,33800.0,7,0,0.0
50154,3,0,2,3,3,1,0,0,2,0,0,1,5.0,5.0,3.0,1.0,38.0,5.0,518.0,2.0,2.0,Bauchi,5,2,0,0,0,0.0,0.4,4,4,3,1,1,42,5,9.0,74400.0,7,0,0.0
50155,10,0,0,10,10,0,1,5,5,1,1,1,14.0,14.0,1.0,1.0,53.0,5.0,518.0,2.0,2.0,Bauchi,14,10,0,0,10,20400.0,0.7142857142857143,13,12,0,1,0,42,6,16.0,55000.0,7,0,0.0
50156,6,1,6,6,6,1,0,3,5,0,1,1,6.0,6.0,1.0,1.0,72.0,5.0,518.0,2.0,2.0,Bauchi,6,5,0,0,4,10500.0,0.8333333333333334,6,6,2,1,1,42,5,14.0,41800.0,7,0,0.0
50157,6,0,2,6,6,1,0,0,1,0,0,1,9.0,9.0,1.0,1.0,57.0,5.0,518.0,2.0,2.0,Bauchi,9,8,0,0,7,1106100.0,0.8888888888888888,9,9,0,1,0,42,7,32.0,59000.0,7,1,12000.0
50158,3,0,0,3,3,0,0,0,0,0,0,0,4.0,4.0,1.0,1.0,55.0,5.0,518.0,2.0,2.0,Bauchi,4,3,0,0,3,9000.0,0.75,4,4,0,1,0,42,3,5.0,28000.0,7,0,0.0
50159,7,0,5,7,7,1,0,0,0,0,0,0,18.0,18.0,1.0,1.0,51.0,5.0,518.0,2.0,2.0,Bauchi,14,12,0,0,6,1204900.0,0.8571428571428571,13,12,0,1,0,42,10,53.0,127500.0,7,1,15000.0
50160,3,0,0,3,3,0,0,0,0,0,0,0,3.0,3.0,1.0,1.0,59.0,5.0,518.0,2.0,2.0,Bauchi,3,1,0,0,1,4000.0,0.3333333333333333,3,3,0,1,0,42,4,6.0,24500.0,7,0,0.0
50161,6,0,0,6,6,0,0,0,0,0,0,0,17.0,17.0,1.0,1.0,55.0,5.0,520.0,2.0,2.0,Bauchi,13,7,0,0,7,185000.0,0.5384615384615384,9,9,0,1,0,42,4,18.0,174000.0,7,0,0.0
50162,8,0,0,8,8,0,0,6,5,0,1,1,22.0,22.0,1.0,1.0,57.0,5.0,520.0,2.0,2.0,Bauchi,16,16,0,0,13,63500.0,1.0,10,10,0,1,0,42,7,15.0,211500.0,7,1,50000.0
50163,2,0,0,2,2,0,0,0,0,0,0,0,2.0,2.0,1.0,1.0,74.0,5.0,520.0,2.0,2.0,Bauchi,2,1,0,0,1,100000.0,0.5,2,2,0,1,0,42,3,5.0,41000.0,7,0,0.0
50164,7,0,0,7,7,0,0,7,7,0,1,1,10.0,10.0,1.0,1.0,60.0,5.0,520.0,2.0,2.0,Bauchi,8,8,0,0,5,28000.0,1.0,7,7,0,1,0,42,7,24.0,479500.0,7,0,0.0
50165,3,0,0,3,3,0,0,0,0,0,0,0,3.0,3.0,2.0,2.0,49.0,5.0,520.0,2.0,2.0,Bauchi,3,2,0,0,0,0.0,0.6666666666666666,3,3,0,1,0,42,5,9.0,85000.0,7,0,0.0
50166,6,0,0,6,6,0,0,0,0,0,0,0,10.0,10.0,1.0,1.0,51.0,5.0,520.0,2.0,2.0,Bauchi,11,5,0,0,1,10000.0,0.45454545454545453,9,9,0,1,0,42,7,25.0,177800.0,7,0,0.0
50167,4,0,0,4,4,0,0,0,0,0,0,0,8.0,8.0,1.0,1.0,47.0,5.0,520.0,2.0,2.0,Bauchi,8,3,0,0,0,0.0,0.375,7,6,0,1,0,42,5,13.0,158000.0,7,0,0.0
50168,3,0,0,3,3,0,0,0,0,0,0,0,10.0,10.0,1.0,1.0,29.0,5.0,520.0,2.0,2.0,Bauchi,6,2,0,0,2,120000.0,0.3333333333333333,4,4,0,1,0,42,5,16.0,67000.0,7,0,0.0
50169,4,0,0,4,4,0,0,0,0,0,0,0,10.0,10.0,1.0,1.0,45.0,5.0,520.0,2.0,2.0,Bauchi,9,5,0,0,1,4000.0,0.5555555555555556,7,7,0,1,0,42,7,18.0,139500.0,7,0,0.0
50170,2,0,0,2,2,0,0,0,0,0,0,0,6.0,6.0,1.0,1.0,37.0,5.0,520.0,2.0,2.0,Bauchi,5,1,0,0,1,100000.0,0.2,3,3,0,1,0,42,5,11.0,77500.0,7,0,0.0
59002,1,1,1,1,1,1,1,1,1,1,1,1,1.0,1.0,1.0,1.0,103.0,5.0,502.0,2.0,1.0,Bauchi,1,1,0,0,1,50000.0,1.0,1,1,1,1,1,42,12,20.0,354200.0,7,0,0.0
59003,1,0,0,1,1,0,1,1,0,1,1,0,1.0,1.0,202.0,1.0,28.0,5.0,502.0,2.0,1.0,Bauchi,1,1,0,0,1,60000.0,1.0,1,1,1,1,1,42,22,23.0,1204500.0,7,2,150000.0
59004,2,0,0,2,2,0,2,2,0,1,1,0,5.0,5.0,1.0,2.0,35.0,5.0,502.0,2.0,1.0,Bauchi,4,2,0,0,2,90000.0,0.5,2,2,2,1,1,42,11,17.0,692000.0,7,0,0.0
59005,6,2,1,6,6,1,6,6,6,1,1,1,7.0,7.0,3.0,1.0,36.0,5.0,502.0,2.0,1.0,Bauchi,6,6,0,0,6,147000.0,1.0,6,6,6,1,1,42,16,39.0,1831000.0,7,1,200000.0
59006,6,3,0,6,6,1,3,3,0,1,1,0,7.0,7.0,1.0,1.0,60.0,5.0,502.0,2.0,1.0,Bauchi,7,1,0,0,1,10000.0,0.14285714285714285,7,7,3,1,1,42,14,43.0,155800.0,7,0,0.0
59007,6,6,0,6,6,1,6,6,0,1,1,0,6.0,6.0,1.0,1.0,71.0,5.0,502.0,2.0,1.0,Bauchi,6,3,0,0,3,58000.0,0.5,6,6,6,1,1,42,18,35.0,349500.0,7,0,0.0
59009,5,5,4,5,5,1,5,5,4,1,1,1,4.0,4.0,1.0,1.0,53.0,5.0,502.0,2.0,1.0,Bauchi,6,3,0,0,3,750000.0,0.5,6,6,6,1,1,42,25,63.0,2378000.0,7,0,0.0
59010,2,2,1,2,2,1,1,2,1,1,1,1,3.0,3.0,1.0,1.0,65.0,5.0,502.0,2.0,1.0,Bauchi,3,2,0,0,2,58000.0,0.6666666666666666,3,3,2,1,1,42,13,20.0,363000.0,7,1,6000.0
59011,1,1,1,1,1,1,1,1,1,1,1,1,1.0,1.0,1.0,2.0,35.0,5.0,502.0,2.0,1.0,Bauchi,1,1,0,0,1,1500.0,1.0,1,1,1,1,1,42,12,13.0,395500.0,7,0,0.0
59012,4,0,0,4,4,0,0,4,4,0,1,1,4.0,4.0,1.0,1.0,45.0,5.0,502.0,2.0,1.0,Bauchi,4,4,0,0,4,12000.0,1.0,4,4,0,1,0,42,6,15.0,43800.0,7,0,0.0
59013,3,0,0,3,3,0,1,0,0,1,0,0,3.0,3.0,1.0,1.0,36.0,18.0,1807.0,3.0,2.0,Kaduna,6,4,0,0,2,276000.0,0.6666666666666666,5,3,1,1,1,42,5,9.0,65400.0,7,0,0.0
59014,2,1,1,2,2,1,1,1,2,1,1,1,3.0,3.0,1.0,1.0,37.0,5.0,503.0,2.0,2.0,Bauchi,3,3,0,0,3,7000.0,1.0,3,3,0,1,0,42,5,7.0,37500.0,7,0,0.0
59015,5,0,1,5,5,1,0,0,0,0,0,0,3.0,3.0,1.0,1.0,65.0,5.0,503.0,2.0,2.0,Bauchi,5,5,0,0,3,532000.0,1.0,5,5,0,1,0,42,5,15.0,82000.0,7,0,0.0
59016,5,2,1,5,5,1,2,4,3,1,1,1,9.0,9.0,1.0,1.0,54.0,5.0,503.0,2.0,2.0,Bauchi,8,8,0,0,8,182500.0,1.0,8,8,0,1,0,42,11,20.0,582500.0,7,0,0.0
59017,4,0,0,4,4,0,0,1,1,0,1,1,5.0,5.0,2.0,2.0,55.0,5.0,503.0,2.0,2.0,Bauchi,5,4,0,0,4,9500.0,0.8,4,4,0,1,0,42,3,7.0,31000.0,7,0,0.0
59018,2,1,1,2,2,1,1,2,1,1,1,1,9.0,9.0,1.0,1.0,45.0,5.0,503.0,2.0,2.0,Bauchi,6,5,0,0,5,12500.0,0.8333333333333334,3,3,0,1,0,42,6,16.0,99000.0,7,0,0.0
59021,9,1,1,9,9,1,1,8,8,1,1,1,11.0,11.0,2.0,1.0,42.0,5.0,503.0,2.0,2.0,Bauchi,10,8,0,0,8,18000.0,0.8,9,8,0,1,0,42,7,17.0,168800.0,7,0,0.0
59022,7,0,0,7,7,0,0,0,0,0,0,0,8.0,8.0,1.0,2.0,49.0,5.0,503.0,2.0,2.0,Bauchi,9,9,0,0,4,455000.0,1.0,9,4,0,1,0,42,3,11.0,22000.0,7,0,0.0
59023,2,1,0,2,2,1,1,2,1,1,1,1,4.0,4.0,1.0,1.0,47.0,5.0,503.0,2.0,2.0,Bauchi,4,3,0,0,3,10000.0,0.75,3,3,0,1,0,42,4,11.0,103500.0,7,0,0.0
59024,3,0,0,3,3,0,0,1,0,0,1,0,3.0,3.0,2.0,2.0,65.0,5.0,503.0,2.0,2.0,Bauchi,4,4,0,0,1,2500.0,1.0,4,4,1,1,1,42,6,13.0,45000.0,7,0,0.0
59025,9,0,0,9,9,0,0,0,0,0,0,0,12.0,12.0,1.0,1.0,69.0,5.0,504.0,2.0,2.0,Bauchi,11,8,0,0,8,107000.0,0.7272727272727273,10,7,0,1,0,42,4,16.0,41000.0,7,0,0.0
59026,4,0,0,4,4,0,0,0,0,0,0,0,10.0,10.0,1.0,1.0,45.0,5.0,504.0,2.0,2.0,Bauchi,8,4,0,0,0,0.0,0.5,6,6,0,1,0,42,4,12.0,42500.0,7,0,0.0
59027,3,0,0,3,3,0,0,0,0,0,0,0,5.0,5.0,1.0,1.0,34.0,5.0,504.0,2.0,2.0,Bauchi,6,3,0,0,3,60000.0,0.5,5,5,0,1,0,42,3,12.0,35800.0,7,0,0.0
59028,4,0,0,4,4,0,0,0,0,0,0,0,8.0,8.0,1.0,1.0,37.0,5.0,504.0,2.0,2.0,Bauchi,8,3,0,0,3,105000.0,0.375,6,6,0,1,0,42,4,18.0,36800.0,7,0,0.0
59030,5,0,0,5,5,0,0,1,5,0,1,1,10.0,10.0,1.0,1.0,63.0,5.0,504.0,2.0,2.0,Bauchi,10,10,0,0,10,267500.0,1.0,7,7,0,1,0,42,7,21.0,76000.0,7,1,170000.0
59031,5,0,0,5,5,0,3,4,5,1,1,1,9.0,9.0,1.0,1.0,80.0,5.0,504.0,2.0,2.0,Bauchi,8,8,0,0,8,259500.0,1.0,7,7,0,1,0,42,5,15.0,60200.0,7,1,150000.0
59032,8,0,0,8,8,0,0,0,0,0,0,0,21.0,21.0,1.0,1.0,52.0,5.0,504.0,2.0,2.0,Bauchi,16,11,0,0,11,131000.0,0.6875,13,13,0,1,0,42,5,21.0,151000.0,7,0,0.0
59034,7,0,0,7,7,0,0,0,0,0,0,0,18.0,18.0,1.0,1.0,49.0,5.0,504.0,2.0,2.0,Bauchi,15,5,0,0,0,0.0,0.3333333333333333,9,9,0,1,0,42,4,16.0,28500.0,7,0,0.0
59035,5,0,0,5,5,0,0,0,5,0,0,1,12.0,12.0,1.0,1.0,43.0,5.0,504.0,2.0,2.0,Bauchi,11,11,0,0,11,303500.0,1.0,6,6,0,1,0,42,6,13.0,180500.0,7,1,140000.0
59036,5,0,0,5,5,0,0,0,0,0,0,0,8.0,8.0,1.0,1.0,53.0,5.0,504.0,2.0,2.0,Bauchi,8,2,0,0,0,0.0,0.25,6,6,0,1,0,42,2,10.0,5000.0,7,0,0.0
59037,6,0,0,6,6,0,0,0,6,0,0,1,9.0,9.0,1.0,1.0,47.0,5.0,504.0,2.0,2.0,Bauchi,9,9,0,0,9,246000.0,1.0,9,9,0,1,0,42,4,13.0,63000.0,7,1,125000.0
59039,4,0,0,4,4,0,0,0,0,0,0,0,6.0,6.0,1.0,1.0,34.0,5.0,504.0,2.0,2.0,Bauchi,5,3,0,0,0,0.0,0.6,4,4,0,1,0,42,4,8.0,19500.0,7,0,0.0
59040,2,0,0,2,2,0,1,0,2,1,0,1,2.0,2.0,1.0,1.0,37.0,5.0,504.0,2.0,2.0,Bauchi,2,2,0,0,2,263000.0,1.0,2,2,0,1,0,42,5,7.0,111200.0,7,1,170000.0
59041,5,0,0,5,5,0,0,0,0,0,0,0,11.0,11.0,1.0,1.0,52.0,5.0,504.0,2.0,2.0,Bauchi,11,4,0,0,4,80000.0,0.36363636363636365,10,10,0,1,0,42,4,22.0,18800.0,7,0,0.0
59042,5,0,0,5,5,0,0,0,0,0,0,0,9.0,9.0,1.0,1.0,47.0,5.0,504.0,2.0,2.0,Bauchi,9,2,0,0,0,0.0,0.2222222222222222,7,7,0,1,0,42,3,6.0,10500.0,7,0,0.0
59043,2,0,0,2,2,0,1,0,2,1,0,1,3.0,3.0,1.0,1.0,30.0,5.0,504.0,2.0,2.0,Bauchi,3,3,0,0,3,260000.0,1.0,2,2,0,1,0,42,4,7.0,63500.0,7,2,350000.0
59044,3,0,0,3,3,0,0,0,3,0,0,1,4.0,4.0,2.0,2.0,37.0,5.0,504.0,2.0,2.0,Bauchi,4,4,0,0,4,54000.0,1.0,3,3,0,1,0,42,5,9.0,361000.0,7,1,145000.0
59046,4,0,0,4,4,0,0,0,0,0,0,0,4.0,4.0,1.0,1.0,29.0,5.0,504.0,2.0,2.0,Bauchi,4,2,0,0,2,110000.0,0.5,4,4,0,1,0,42,4,13.0,26800.0,7,0,0.0
59047,4,0,0,4,4,0,0,0,0,0,0,0,7.0,7.0,1.0,1.0,55.0,5.0,504.0,2.0,2.0,Bauchi,7,3,0,0,0,0.0,0.42857142857142855,5,5,0,1,0,42,3,14.0,13500.0,7,0,0.0
59048,5,0,0,5,5,0,0,0,0,0,0,0,5.0,5.0,1.0,1.0,70.0,5.0,504.0,2.0,2.0,Bauchi,5,3,0,0,3,24000.0,0.6,5,5,0,1,0,42,5,14.0,31800.0,7,0,0.0
59049,7,0,0,7,7,0,0,0,0,0,0,0,9.0,9.0,1.0,1.0,67.0,5.0,505.0,2.0,2.0,Bauchi,10,5,0,0,5,100000.0,0.5,8,8,0,1,0,42,6,33.0,226500.0,7,0,0.0
59050,15,0,0,15,15,0,0,0,0,0,0,0,20.0,20.0,1.0,1.0,63.0,5.0,505.0,2.0,2.0,Bauchi,21,10,0,0,0,0.0,0.47619047619047616,19,19,0,1,0,42,5,22.0,92000.0,7,0,0.0
59052,3,0,0,3,3,0,0,0,0,0,0,0,8.0,8.0,1.0,1.0,36.0,5.0,505.0,2.0,2.0,Bauchi,8,3,0,0,0,0.0,0.375,6,6,0,1,0,42,4,11.0,85000.0,7,0,0.0
59053,5,0,0,5,5,0,0,0,5,0,0,1,10.0,10.0,2.0,2.0,71.0,5.0,505.0,2.0,2.0,Bauchi,10,10,0,0,10,205000.0,1.0,8,8,0,1,0,42,6,17.0,122000.0,7,1,250000.0
59054,3,0,0,3,3,0,0,0,0,0,0,0,6.0,6.0,1.0,1.0,42.0,5.0,505.0,2.0,2.0,Bauchi,6,3,0,0,3,60000.0,0.5,5,5,0,1,0,42,4,8.0,30500.0,7,0,0.0
59056,5,0,0,5,5,0,0,0,0,0,0,0,5.0,5.0,2.0,2.0,57.0,5.0,505.0,2.0,2.0,Bauchi,5,2,0,0,0,0.0,0.4,5,5,0,1,0,42,3,7.0,61500.0,7,0,0.0
59057,2,0,0,2,2,0,1,0,2,1,0,1,3.0,3.0,1.0,1.0,52.0,5.0,505.0,2.0,2.0,Bauchi,3,3,0,0,3,162000.0,1.0,2,2,0,1,0,42,6,10.0,83000.0,7,1,120000.0
59058,7,0,0,7,7,0,0,0,0,0,0,0,13.0,13.0,1.0,1.0,41.0,5.0,505.0,2.0,2.0,Bauchi,13,6,0,0,0,0.0,0.46153846153846156,10,10,0,1,0,42,4,13.0,56500.0,7,0,0.0
59059,5,0,0,5,5,0,0,0,5,0,0,1,11.0,11.0,1.0,1.0,51.0,5.0,505.0,2.0,2.0,Bauchi,10,10,0,0,10,408000.0,1.0,8,8,0,1,0,42,6,17.0,185700.0,7,1,370000.0
59060,3,0,0,3,3,0,0,0,0,0,0,0,5.0,5.0,1.0,1.0,32.0,5.0,505.0,2.0,2.0,Bauchi,5,1,0,0,1,70000.0,0.2,4,4,0,1,0,42,4,10.0,41000.0,7,0,0.0
59062,2,0,0,2,2,0,1,0,2,1,0,1,3.0,3.0,1.0,1.0,55.0,5.0,505.0,2.0,2.0,Bauchi,3,3,0,0,3,173000.0,1.0,3,3,0,1,0,42,5,8.0,71000.0,7,1,100000.0
59063,7,1,0,7,7,1,1,0,6,1,0,1,11.0,11.0,1.0,1.0,54.0,5.0,505.0,2.0,2.0,Bauchi,10,10,0,0,10,429000.0,1.0,8,8,0,1,0,42,7,20.0,337000.0,7,2,600000.0
59064,6,1,0,6,6,1,1,0,6,1,0,1,9.0,9.0,1301.0,1.0,36.0,5.0,505.0,2.0,2.0,Bauchi,8,8,0,0,8,108500.0,1.0,8,8,0,1,0,42,7,16.0,234500.0,7,1,120000.0
59066,7,0,0,7,7,0,0,0,0,0,0,0,8.0,8.0,1.0,1.0,67.0,5.0,505.0,2.0,2.0,Bauchi,9,4,0,0,4,58000.0,0.4444444444444444,7,7,0,1,0,42,5,17.0,180300.0,7,0,0.0
59067,4,0,0,4,4,0,0,0,0,0,0,0,4.0,4.0,1.0,1.0,67.0,5.0,505.0,2.0,2.0,Bauchi,4,2,0,0,2,55000.0,0.5,4,4,0,1,0,42,4,11.0,42000.0,7,0,0.0
59068,10,0,0,10,10,0,0,0,0,0,0,0,16.0,16.0,1.0,1.0,58.0,5.0,505.0,2.0,2.0,Bauchi,16,6,0,0,6,106000.0,0.375,12,12,0,1,0,42,7,35.0,154000.0,7,0,0.0
59069,4,0,0,4,4,0,0,0,0,0,0,0,10.0,10.0,1.0,1.0,46.0,5.0,505.0,2.0,2.0,Bauchi,9,3,0,0,0,0.0,0.3333333333333333,6,6,0,1,0,42,4,15.0,111500.0,7,0,0.0
59070,3,0,0,3,3,0,0,0,0,0,0,0,11.0,11.0,1.0,1.0,35.0,5.0,505.0,2.0,2.0,Bauchi,8,3,0,0,0,0.0,0.375,5,5,0,1,0,42,4,9.0,34000.0,7,0,0.0
59071,4,0,0,4,4,0,0,0,0,0,0,0,8.0,8.0,1.0,1.0,86.0,5.0,505.0,2.0,2.0,Bauchi,8,5,0,0,0,0.0,0.625,6,6,0,1,0,42,5,13.0,141500.0,7,0,0.0
59072,8,0,0,8,8,0,0,0,0,0,0,0,12.0,12.0,1.0,1.0,52.0,5.0,505.0,2.0,2.0,Bauchi,12,2,0,0,2,53000.0,0.16666666666666666,12,12,0,1,0,42,5,27.0,43000.0,7,0,0.0
59073,6,0,0,6,6,0,0,0,0,0,0,0,12.0,12.0,1.0,1.0,36.0,5.0,506.0,2.0,2.0,Bauchi,8,2,1,0,3,451100.0,0.25,7,6,0,1,0,42,4,16.0,48000.0,7,0,0.0
59075,7,0,4,7,7,1,0,3,0,0,1,0,14.0,14.0,1.0,1.0,60.0,5.0,506.0,2.0,2.0,Bauchi,12,2,0,0,1,8000.0,0.16666666666666666,8,8,3,1,1,42,5,12.0,47600.0,7,1,2500.0
59076,6,0,0,6,6,0,0,3,3,0,1,1,9.0,9.0,1.0,1.0,56.0,5.0,506.0,2.0,2.0,Bauchi,9,5,0,0,5,11500.0,0.5555555555555556,8,8,0,1,0,42,5,13.0,227500.0,7,0,0.0
59077,2,0,0,2,2,0,0,0,0,0,0,0,7.0,7.0,2.0,2.0,33.0,5.0,506.0,2.0,2.0,Bauchi,6,4,0,0,1,250000.0,0.6666666666666666,5,2,0,1,0,42,5,8.0,29000.0,7,0,0.0
59078,6,0,0,6,6,0,0,1,1,0,1,1,7.0,7.0,1.0,1.0,50.0,5.0,506.0,2.0,2.0,Bauchi,7,4,0,0,3,4100.0,0.5714285714285714,6,6,1,1,1,42,3,7.0,14750.0,7,0,0.0
59079,3,0,0,3,3,0,0,1,1,0,1,1,5.0,5.0,1.0,1.0,38.0,5.0,506.0,2.0,2.0,Bauchi,4,3,0,0,3,7000.0,0.75,3,3,0,1,0,42,4,13.0,46000.0,7,0,0.0
59080,4,0,0,4,4,0,0,0,0,0,0,0,7.0,7.0,1.0,1.0,56.0,5.0,506.0,2.0,2.0,Bauchi,6,4,0,0,1,500000.0,0.6666666666666666,4,4,0,1,0,42,5,10.0,34000.0,7,0,0.0
59081,4,0,0,4,4,0,0,3,2,0,1,1,6.0,6.0,1.0,1.0,39.0,5.0,506.0,2.0,2.0,Bauchi,6,5,0,0,5,264000.0,0.8333333333333334,6,6,1,1,1,42,7,9.0,83000.0,7,0,0.0
59083,2,0,0,2,2,0,0,1,1,0,1,1,3.0,3.0,11.0,1.0,36.0,5.0,506.0,2.0,2.0,Bauchi,2,2,0,0,2,7500.0,1.0,2,2,0,1,0,42,4,9.0,40500.0,7,0,0.0
59084,4,0,0,4,4,0,0,1,1,0,1,1,3.0,3.0,1.0,1.0,67.0,5.0,506.0,2.0,2.0,Bauchi,4,3,0,0,3,8500.0,0.75,4,3,0,1,0,42,5,12.0,47500.0,7,0,0.0
59085,3,0,0,3,3,0,0,0,0,0,0,0,5.0,5.0,1.0,1.0,37.0,5.0,507.0,2.0,2.0,Bauchi,5,1,0,0,1,150000.0,0.2,4,4,0,1,0,42,2,3.0,10500.0,7,0,0.0
59086,10,1,1,10,10,1,1,0,1,1,0,1,17.0,17.0,1.0,1.0,56.0,5.0,507.0,2.0,2.0,Bauchi,15,5,0,0,5,208000.0,0.3333333333333333,12,12,0,1,0,42,5,27.0,200000.0,7,0,0.0
59087,4,0,0,4,4,0,0,1,1,0,1,1,9.0,9.0,1.0,1.0,41.0,5.0,507.0,2.0,2.0,Bauchi,7,7,0,0,6,300000.0,1.0,5,5,0,1,0,42,5,10.0,45900.0,7,1,230000.0
59088,9,0,0,9,9,0,0,0,0,0,0,0,9.0,9.0,1.0,1.0,27.0,5.0,507.0,2.0,2.0,Bauchi,11,5,0,0,5,120000.0,0.45454545454545453,10,10,0,1,0,42,3,11.0,25800.0,7,0,0.0
59089,6,0,0,6,6,0,0,0,0,0,0,0,4.0,4.0,1.0,1.0,67.0,5.0,507.0,2.0,2.0,Bauchi,6,4,0,0,4,180000.0,0.6666666666666666,6,6,0,1,0,42,4,12.0,60800.0,7,0,0.0
59090,7,0,0,7,7,0,0,0,0,0,0,0,7.0,7.0,1.0,1.0,62.0,5.0,507.0,2.0,2.0,Bauchi,7,4,0,0,4,670000.0,0.5714285714285714,7,7,0,1,0,42,2,7.0,13000.0,7,0,0.0
59092,2,0,0,2,2,0,0,0,0,0,0,0,4.0,4.0,1.0,1.0,39.0,5.0,507.0,2.0,2.0,Bauchi,4,3,0,0,3,100000.0,0.75,4,2,0,1,0,42,4,12.0,32000.0,7,0,0.0
59093,7,0,0,7,7,0,0,3,3,0,1,1,10.0,10.0,1.0,1.0,45.0,5.0,507.0,2.0,2.0,Bauchi,8,8,0,0,8,0.0,1.0,8,8,0,1,0,42,4,13.0,236000.0,7,1,250000.0
59094,2,0,0,2,2,0,0,0,0,0,0,0,3.0,3.0,2.0,2.0,55.0,5.0,507.0,2.0,2.0,Bauchi,3,3,0,0,3,0.0,1.0,3,3,0,1,0,42,3,6.0,22400.0,7,1,150000.0
59095,5,0,0,5,5,0,0,0,0,0,0,0,13.0,13.0,1.0,1.0,67.0,5.0,507.0,2.0,2.0,Bauchi,11,4,0,0,3,500000.0,0.36363636363636365,7,7,0,1,0,42,2,6.0,20000.0,7,0,0.0
59097,3,0,0,3,3,0,0,0,0,0,0,0,7.0,7.0,1.0,1.0,39.0,5.0,508.0,2.0,2.0,Bauchi,4,2,0,0,0,0.0,0.5,3,3,0,1,0,42,6,11.0,739500.0,7,0,0.0
59098,4,0,0,4,4,0,0,0,0,0,0,0,5.0,5.0,1.0,1.0,41.0,5.0,508.0,2.0,2.0,Bauchi,5,3,0,0,1,80000.0,0.6,5,5,1,1,1,42,5,5.0,113000.0,7,0,0.0
59099,4,0,0,4,4,0,0,0,0,0,0,0,14.0,14.0,1.0,1.0,44.0,5.0,508.0,2.0,2.0,Bauchi,13,2,0,0,2,75000.0,0.15384615384615385,7,7,0,1,0,42,5,21.0,40700.0,7,0,0.0
59101,3,0,0,3,3,0,1,0,3,1,0,1,4.0,4.0,1.0,1.0,30.0,5.0,508.0,2.0,2.0,Bauchi,3,3,0,0,3,254000.0,1.0,3,3,0,1,0,42,6,12.0,78500.0,7,1,165000.0
59102,4,0,0,4,4,0,1,1,4,1,1,1,7.0,7.0,1.0,1.0,31.0,5.0,508.0,2.0,2.0,Bauchi,7,7,0,0,7,287000.0,1.0,4,4,0,1,0,42,5,15.0,71000.0,7,1,150000.0
59103,5,0,0,5,5,0,1,1,0,1,1,0,8.0,8.0,1.0,1.0,46.0,5.0,508.0,2.0,2.0,Bauchi,8,4,0,0,1,50000.0,0.5,7,7,7,1,1,42,5,7.0,71000.0,7,0,0.0
59104,4,0,0,4,4,0,0,0,0,0,0,0,8.0,8.0,1.0,1.0,33.0,5.0,508.0,2.0,2.0,Bauchi,7,4,0,0,4,88500.0,0.5714285714285714,4,4,0,1,0,42,6,17.0,71500.0,7,0,0.0
59105,4,0,0,4,4,0,0,0,0,0,0,0,7.0,7.0,1.0,1.0,35.0,5.0,508.0,2.0,2.0,Bauchi,6,3,0,0,3,63000.0,0.5,5,5,0,1,0,42,6,17.0,182800.0,7,0,0.0
59106,8,0,0,8,8,0,0,0,0,0,0,0,8.0,8.0,1.0,1.0,71.0,5.0,508.0,2.0,2.0,Bauchi,8,4,0,0,0,0.0,0.5,8,8,0,1,0,42,4,7.0,21500.0,7,0,0.0
59108,2,0,0,2,2,0,1,0,2,1,0,1,5.0,5.0,1.0,1.0,40.0,5.0,508.0,2.0,2.0,Bauchi,4,4,0,0,4,217000.0,1.0,2,2,0,1,0,42,5,10.0,166300.0,7,1,180000.0
59110,2,0,0,2,2,0,0,0,2,0,0,1,7.0,7.0,1.0,1.0,39.0,5.0,509.0,2.0,2.0,Bauchi,5,5,0,0,5,255000.0,1.0,4,4,0,1,0,42,5,8.0,89500.0,7,1,250000.0
59111,2,0,0,2,2,0,0,0,0,0,0,0,6.0,6.0,1.0,1.0,47.0,5.0,509.0,2.0,2.0,Bauchi,6,1,0,0,0,0.0,0.16666666666666666,4,4,0,1,0,42,4,10.0,52000.0,7,0,0.0
59112,4,0,0,4,4,0,0,0,0,0,0,0,8.0,8.0,1.0,1.0,37.0,5.0,509.0,2.0,2.0,Bauchi,8,1,0,0,1,30000.0,0.125,5,5,0,1,0,42,4,10.0,36800.0,7,0,0.0
59113,3,0,0,3,3,0,1,0,3,1,0,1,8.0,8.0,1.0,1.0,36.0,5.0,509.0,2.0,2.0,Bauchi,5,5,0,0,5,286000.0,1.0,3,3,0,1,0,42,6,13.0,192200.0,7,1,260000.0
59115,8,0,0,8,8,0,0,0,0,0,0,0,14.0,14.0,1.0,1.0,58.0,5.0,509.0,2.0,2.0,Bauchi,13,5,0,0,0,0.0,0.38461538461538464,9,9,0,1,0,42,5,10.0,48500.0,7,0,0.0
59116,3,0,0,3,3,0,0,0,3,0,0,1,4.0,4.0,1.0,1.0,42.0,5.0,509.0,2.0,2.0,Bauchi,3,3,0,0,3,276000.0,1.0,3,3,0,1,0,42,4,9.0,76000.0,7,1,145000.0
59117,2,0,0,2,2,0,0,0,2,0,0,1,6.0,6.0,1.0,1.0,31.0,5.0,509.0,2.0,2.0,Bauchi,4,4,0,0,4,178500.0,1.0,2,2,0,1,0,42,3,8.0,68000.0,7,1,2000000.0
59118,7,0,0,7,7,0,0,0,0,0,0,0,9.0,9.0,1.0,1.0,54.0,5.0,509.0,2.0,2.0,Bauchi,10,5,0,0,5,58000.0,0.5,10,10,0,1,0,42,5,23.0,53300.0,7,0,0.0
59119,6,0,0,6,6,0,0,0,3,0,0,1,10.0,10.0,1.0,1.0,56.0,5.0,509.0,2.0,2.0,Bauchi,9,2,0,0,0,0.0,0.2222222222222222,7,5,0,1,0,42,6,14.0,250000.0,7,0,0.0
59120,3,0,0,3,3,0,0,0,0,0,0,0,7.0,7.0,1.0,1.0,40.0,5.0,509.0,2.0,2.0,Bauchi,7,1,0,0,1,40000.0,0.14285714285714285,5,5,0,1,0,42,5,17.0,43000.0,7,0,0.0
59121,8,0,0,8,8,0,0,0,0,0,0,0,13.0,13.0,1.0,1.0,67.0,5.0,511.0,2.0,2.0,Bauchi,13,6,0,0,0,0.0,0.46153846153846156,12,12,0,1,0,42,2,8.0,6700.0,7,0,0.0
59122,8,2,0,8,8,1,2,8,8,1,1,1,9.0,9.0,1.0,1.0,73.0,5.0,511.0,2.0,2.0,Bauchi,9,9,0,0,9,250000.0,1.0,9,9,0,1,0,42,7,20.0,151500.0,7,1,135000.0
59124,7,0,0,7,7,0,0,0,0,0,0,0,11.0,11.0,1.0,1.0,59.0,5.0,511.0,2.0,2.0,Bauchi,11,6,0,0,0,0.0,0.5454545454545454,10,10,0,1,0,42,2,6.0,12000.0,7,0,0.0
59125,6,1,0,6,6,1,1,3,3,1,1,1,13.0,13.0,1.0,1.0,49.0,5.0,511.0,2.0,2.0,Bauchi,11,10,0,0,10,100000.0,0.9090909090909091,8,8,0,1,0,42,6,15.0,158500.0,7,1,250000.0
59127,7,0,0,7,7,0,0,0,0,0,0,0,9.0,9.0,1.0,1.0,52.0,5.0,511.0,2.0,2.0,Bauchi,9,3,0,0,0,0.0,0.3333333333333333,8,8,0,1,0,42,4,10.0,19000.0,7,0,0.0
59128,8,1,0,8,8,1,1,4,5,1,1,1,9.0,9.0,1.0,1.0,57.0,5.0,511.0,2.0,2.0,Bauchi,10,9,0,0,9,200000.0,0.9,10,10,0,1,0,42,6,16.0,126900.0,7,1,170000.0
59129,6,0,0,6,6,0,0,0,0,0,0,0,6.0,6.0,1.0,1.0,52.0,5.0,511.0,2.0,2.0,Bauchi,7,2,0,0,2,158000.0,0.2857142857142857,7,7,0,1,0,42,4,16.0,46000.0,7,0,0.0
59130,3,0,0,3,3,0,0,0,0,0,0,0,3.0,3.0,1.0,1.0,82.0,5.0,511.0,2.0,2.0,Bauchi,4,2,0,0,0,0.0,0.5,4,4,0,1,0,42,3,8.0,11000.0,7,0,0.0
59132,12,0,0,12,12,0,0,0,0,0,0,0,23.0,23.0,1.0,1.0,70.0,5.0,511.0,2.0,2.0,Bauchi,23,7,0,0,7,254000.0,0.30434782608695654,15,15,0,1,0,42,4,37.0,36800.0,7,0,0.0
59133,4,0,0,4,4,0,0,0,0,0,0,0,9.0,9.0,1.0,1.0,41.0,5.0,514.0,2.0,2.0,Bauchi,8,4,0,0,0,0.0,0.5,6,6,0,1,0,42,5,13.0,94500.0,7,0,0.0
59135,5,2,2,5,5,1,2,3,2,1,1,1,4.0,4.0,2.0,2.0,55.0,18.0,1806.0,3.0,2.0,Kaduna,5,2,1,0,3,82000.0,0.4,5,3,0,1,0,42,10,28.0,128100.0,7,0,0.0
59136,4,0,0,4,4,0,0,1,0,0,1,0,9.0,9.0,1.0,1.0,38.0,5.0,514.0,2.0,2.0,Bauchi,9,1,0,0,1,240000.0,0.1111111111111111,7,6,0,1,0,42,4,7.0,37200.0,7,0,0.0
59137,5,0,0,5,5,0,0,0,0,0,0,0,10.0,10.0,1.0,1.0,54.0,5.0,514.0,2.0,2.0,Bauchi,9,5,0,0,5,73000.0,0.5555555555555556,8,6,0,1,0,42,3,8.0,36000.0,7,0,0.0
59138,2,0,0,2,2,0,0,0,0,0,0,0,8.0,8.0,1.0,1.0,40.0,2.0,215.0,2.0,2.0,Adamawa,7,4,0,0,1,0.0,0.5714285714285714,5,4,0,1,0,42,5,9.0,85800.0,7,1,16000.0
59140,2,0,0,2,2,0,1,1,2,1,1,1,7.0,7.0,1.0,1.0,46.0,5.0,514.0,2.0,2.0,Bauchi,6,6,0,0,6,99000.0,1.0,5,5,1,1,1,42,8,13.0,184000.0,7,2,180000.0
59142,4,1,1,4,4,1,1,1,1,1,1,1,7.0,7.0,1.0,1.0,54.0,5.0,514.0,2.0,2.0,Bauchi,7,3,0,0,3,47000.0,0.42857142857142855,6,5,1,1,1,42,11,35.0,261500.0,7,0,0.0
59143,3,1,0,3,3,1,1,0,3,1,0,1,9.0,9.0,1.0,1.0,56.0,5.0,514.0,2.0,2.0,Bauchi,8,8,0,0,8,110500.0,1.0,5,5,0,1,0,42,4,9.0,61500.0,7,1,120000.0
59144,8,0,0,8,8,0,0,0,0,0,0,0,10.0,10.0,1.0,1.0,41.0,5.0,514.0,2.0,2.0,Bauchi,10,5,0,0,5,85000.0,0.5,9,9,0,1,0,42,6,21.0,36500.0,7,0,0.0
59145,11,0,0,11,11,0,6,3,11,1,1,1,14.0,14.0,1.0,1.0,58.0,5.0,516.0,2.0,2.0,Bauchi,14,14,0,0,14,178900.0,1.0,13,13,4,1,1,42,7,19.0,181500.0,7,1,240000.0
59147,2,0,0,2,2,0,0,0,0,0,0,0,7.0,7.0,1.0,1.0,35.0,5.0,516.0,2.0,2.0,Bauchi,6,1,0,0,0,0.0,0.16666666666666666,4,4,0,1,0,42,4,8.0,57500.0,7,0,0.0
59148,2,0,0,2,2,0,0,0,0,0,0,0,4.0,4.0,1.0,1.0,34.0,5.0,516.0,2.0,2.0,Bauchi,4,1,0,0,1,40000.0,0.25,2,2,0,1,0,42,6,13.0,42000.0,7,0,0.0
59149,11,0,0,11,11,0,6,0,11,1,0,1,17.0,17.0,101.0,1.0,31.0,5.0,516.0,2.0,2.0,Bauchi,16,16,0,0,16,508500.0,1.0,12,12,0,1,0,42,5,23.0,88700.0,7,1,200000.0
59150,4,0,0,4,4,0,0,0,0,0,0,0,8.0,8.0,1.0,1.0,52.0,5.0,516.0,2.0,2.0,Bauchi,7,4,0,0,4,98000.0,0.5714285714285714,5,5,0,1,0,42,4,12.0,46000.0,7,0,0.0
59151,6,0,0,6,6,0,0,0,0,0,0,0,10.0,10.0,1.0,1.0,44.0,5.0,516.0,2.0,2.0,Bauchi,8,3,0,0,3,73000.0,0.375,7,7,0,1,0,42,5,17.0,36000.0,7,0,0.0
59153,9,0,0,9,9,0,0,0,0,0,0,0,13.0,13.0,1.0,1.0,72.0,5.0,516.0,2.0,2.0,Bauchi,12,6,0,0,1,300000.0,0.5,11,11,0,1,0,42,4,19.0,130500.0,7,0,0.0
59154,2,0,0,2,2,0,0,0,0,0,0,0,4.0,4.0,1.0,1.0,31.0,5.0,516.0,2.0,2.0,Bauchi,4,1,0,0,1,300000.0,0.25,2,1,1,1,1,42,4,8.0,353000.0,7,0,0.0
59155,7,1,0,7,7,1,5,0,7,1,0,1,9.0,9.0,2.0,2.0,64.0,5.0,516.0,2.0,2.0,Bauchi,9,9,0,0,9,338500.0,1.0,7,7,0,1,0,42,6,18.0,177000.0,7,1,500000.0
59156,2,0,0,2,2,0,0,0,0,0,0,0,5.0,5.0,1.0,1.0,44.0,5.0,516.0,2.0,2.0,Bauchi,4,1,0,0,1,50000.0,0.25,4,4,0,1,0,42,4,8.0,40000.0,7,0,0.0
59157,2,0,2,2,2,1,0,1,2,0,1,1,7.0,7.0,1.0,1.0,56.0,5.0,517.0,2.0,2.0,Bauchi,4,1,1,0,2,4900.0,0.25,4,3,1,1,1,42,7,15.0,333550.0,7,0,0.0
59158,2,1,0,2,2,1,1,2,2,1,1,1,5.0,5.0,1.0,1.0,39.0,5.0,517.0,2.0,2.0,Bauchi,5,1,0,0,1,130000.0,0.2,4,4,3,1,1,42,13,15.0,203300.0,7,0,0.0
59159,3,1,2,3,3,1,1,1,1,1,1,1,9.0,9.0,1.0,1.0,36.0,5.0,517.0,2.0,2.0,Bauchi,6,4,0,0,4,903200.0,0.6666666666666666,5,4,1,1,1,42,10,31.0,295000.0,7,1,7000.0
59160,9,1,4,9,9,1,1,1,7,1,1,1,20.0,20.0,1.0,1.0,55.0,5.0,517.0,2.0,2.0,Bauchi,19,6,2,0,4,254400.0,0.3157894736842105,15,15,9,1,1,42,9,31.0,516100.0,7,0,0.0
59161,10,2,7,10,10,1,5,4,2,1,1,1,14.0,14.0,1.0,1.0,34.0,5.0,517.0,2.0,2.0,Bauchi,13,9,0,0,9,17900.0,0.6923076923076923,10,9,3,1,1,42,9,39.0,228500.0,7,0,0.0
59162,4,0,0,4,4,0,0,2,2,0,1,1,6.0,6.0,1.0,1.0,67.0,5.0,517.0,2.0,2.0,Bauchi,6,4,0,0,4,11500.0,0.6666666666666666,5,5,0,1,0,42,5,15.0,51200.0,7,0,0.0
59163,7,1,4,7,7,1,1,0,0,1,0,0,16.0,16.0,1.0,1.0,56.0,5.0,517.0,2.0,2.0,Bauchi,14,11,0,0,8,1556000.0,0.7857142857142857,14,13,0,1,0,42,11,43.0,299800.0,7,0,0.0
59164,8,0,0,8,8,0,0,5,5,0,1,1,15.0,15.0,1.0,1.0,60.0,5.0,517.0,2.0,2.0,Bauchi,13,6,0,0,6,15100.0,0.46153846153846156,12,12,0,1,0,42,6,20.0,35100.0,7,0,0.0
59165,5,0,0,5,5,0,0,1,1,0,1,1,8.0,8.0,1.0,1.0,53.0,5.0,517.0,2.0,2.0,Bauchi,8,4,0,0,4,9000.0,0.5,7,7,0,1,0,42,5,17.0,30000.0,7,0,0.0
59168,3,0,0,3,3,0,0,0,0,0,0,0,11.0,11.0,1.0,1.0,41.0,5.0,517.0,2.0,2.0,Bauchi,10,10,0,0,3,1081500.0,1.0,8,7,0,1,0,42,7,26.0,206000.0,7,1,8500.0
59169,5,0,0,5,5,0,1,2,5,1,1,1,1.0,1.0,1.0,1.0,92.0,5.0,518.0,2.0,2.0,Bauchi,7,0,2,0,1,700.0,0.0,6,6,2,1,1,42,6,10.0,53500.0,7,0,0.0
59170,3,0,0,3,3,0,0,0,1,0,0,1,6.0,6.0,1.0,1.0,40.0,5.0,518.0,2.0,2.0,Bauchi,6,5,0,0,5,12500.0,0.8333333333333334,5,5,0,1,0,42,4,6.0,39000.0,7,0,0.0
59171,6,1,4,6,6,1,1,5,6,1,1,1,5.0,5.0,1.0,1.0,37.0,5.0,518.0,2.0,2.0,Bauchi,6,1,1,0,2,4700.0,0.16666666666666666,6,6,4,1,1,42,9,14.0,596800.0,7,0,0.0
59172,3,0,0,3,3,0,0,1,1,0,1,1,2.0,2.0,1.0,1.0,30.0,5.0,518.0,2.0,2.0,Bauchi,3,1,0,0,1,4000.0,0.3333333333333333,3,3,0,1,0,42,4,6.0,39400.0,7,0,0.0
59173,3,0,2,3,3,1,0,0,1,0,0,1,6.0,6.0,1.0,1.0,45.0,5.0,518.0,2.0,2.0,Bauchi,5,4,0,0,2,860000.0,0.8,4,3,0,1,0,42,9,20.0,220800.0,7,0,0.0
59174,6,0,0,6,6,0,0,1,1,0,1,1,14.0,14.0,1.0,1.0,47.0,5.0,518.0,2.0,2.0,Bauchi,12,5,0,0,5,13000.0,0.4166666666666667,10,10,0,1,0,42,4,13.0,28000.0,7,0,0.0
59175,6,0,0,6,6,0,0,0,0,0,0,0,9.0,9.0,1.0,1.0,60.0,5.0,518.0,2.0,2.0,Bauchi,9,9,0,0,6,2180000.0,1.0,9,9,0,1,0,42,6,26.0,39000.0,7,0,0.0
59176,4,0,2,4,4,1,0,2,1,0,1,1,6.0,6.0,1.0,1.0,35.0,5.0,518.0,2.0,2.0,Bauchi,6,1,0,0,1,25000.0,0.16666666666666666,5,5,3,1,1,42,6,11.0,185350.0,7,0,0.0
59179,3,0,0,3,3,0,0,1,1,0,1,1,8.0,8.0,1.0,1.0,34.0,5.0,518.0,2.0,2.0,Bauchi,8,5,0,0,5,11500.0,0.625,6,4,0,1,0,42,5,10.0,167300.0,7,0,0.0
59180,3,0,1,3,3,1,0,0,0,0,0,0,4.0,4.0,1.0,1.0,42.0,5.0,518.0,2.0,2.0,Bauchi,4,3,0,0,3,845000.0,0.75,3,3,0,1,0,42,8,20.0,229800.0,7,1,6500.0
59182,2,0,0,2,2,0,0,0,0,0,0,0,3.0,3.0,1.0,1.0,38.0,5.0,518.0,2.0,2.0,Bauchi,3,1,0,0,0,0.0,0.3333333333333333,2,2,0,1,0,42,4,6.0,80000.0,7,0,0.0
59184,7,0,0,7,7,0,0,2,2,0,1,1,11.0,11.0,1.0,1.0,54.0,5.0,518.0,2.0,2.0,Bauchi,10,5,0,0,5,108500.0,0.5,8,7,0,1,0,42,4,13.0,36500.0,7,0,0.0
59185,4,0,0,4,4,0,2,2,1,1,1,1,10.0,10.0,1.0,1.0,39.0,5.0,518.0,2.0,2.0,Bauchi,8,1,0,0,1,30000.0,0.125,5,5,0,1,0,42,6,18.0,212200.0,7,0,0.0
59186,2,1,1,2,2,1,1,1,1,1,1,1,6.0,6.0,1.0,1.0,43.0,5.0,518.0,2.0,2.0,Bauchi,6,3,0,0,2,800600.0,0.5,4,4,1,1,1,42,8,14.0,166800.0,7,0,0.0
59187,3,1,1,3,3,1,1,1,1,1,1,1,3.0,3.0,1.0,1.0,79.0,5.0,518.0,2.0,2.0,Bauchi,3,3,0,0,3,620000.0,1.0,3,3,1,1,1,42,6,13.0,30200.0,7,0,0.0
59188,3,0,0,3,3,0,1,0,1,1,0,1,3.0,3.0,1.0,1.0,62.0,5.0,518.0,2.0,2.0,Bauchi,3,3,0,0,3,403000.0,1.0,3,3,1,1,1,42,7,18.0,173500.0,7,0,0.0
59189,4,2,3,4,4,1,2,2,2,1,1,1,8.0,8.0,1.0,1.0,44.0,5.0,518.0,2.0,2.0,Bauchi,8,2,0,0,2,255000.0,0.25,7,5,2,1,1,42,13,26.0,1116800.0,7,0,0.0
59190,3,1,1,3,3,1,2,2,1,1,1,1,7.0,7.0,1.0,1.0,42.0,5.0,518.0,2.0,2.0,Bauchi,5,4,0,0,4,12500.0,0.8,5,5,1,1,1,42,8,15.0,271500.0,7,0,0.0
59191,8,2,2,8,8,1,2,8,7,1,1,1,11.0,11.0,1.0,1.0,52.0,5.0,518.0,2.0,2.0,Bauchi,10,6,0,0,6,13500.0,0.6,10,10,5,1,1,42,7,21.0,305500.0,7,0,0.0
59192,5,1,1,5,5,1,1,5,5,1,1,1,5.0,5.0,2.0,2.0,55.0,5.0,518.0,2.0,2.0,Bauchi,5,5,0,0,5,12500.0,1.0,5,5,0,1,0,42,4,11.0,26500.0,7,0,0.0
59212,3,0,0,3,3,0,0,0,0,0,0,0,7.0,7.0,1.0,1.0,30.0,5.0,511.0,2.0,2.0,Bauchi,7,2,0,0,2,100000.0,0.2857142857142857,3,3,0,1,0,42,4,13.0,41000.0,7,0,0.0
59214,3,0,0,3,3,0,0,0,3,0,0,1,5.0,5.0,1.0,1.0,60.0,5.0,514.0,2.0,2.0,Bauchi,3,3,0,0,3,135000.0,1.0,3,3,0,1,0,42,4,7.0,66000.0,7,2,170000.0
60001,2,0,0,2,2,0,1,0,0,1,0,0,1.0,1.0,1.0,1.0,40.0,6.0,602.0,5.0,2.0,Bayelsa,2,1,0,0,1,70000.0,0.5,2,1,0,1,0,42,6,7.0,37000.0,7,0,0.0
60002,2,0,0,2,2,0,1,1,2,1,1,1,5.0,5.0,1.0,1.0,38.0,6.0,602.0,5.0,2.0,Bayelsa,5,1,0,0,0,0.0,0.2,3,1,0,1,0,42,7,9.0,51500.0,7,0,0.0
60004,1,0,0,1,1,0,0,0,1,0,0,1,1.0,1.0,1.0,2.0,61.0,6.0,602.0,5.0,2.0,Bayelsa,1,1,0,0,0,0.0,1.0,1,0,0,0,0,42,2,2.0,2500.0,7,0,0.0
60005,1,1,1,1,1,1,1,0,0,1,0,0,1.0,1.0,6.0,2.0,27.0,6.0,602.0,5.0,2.0,Bayelsa,1,1,0,0,1,60000.0,1.0,1,1,0,1,0,42,12,12.0,283000.0,7,0,0.0
60006,3,0,3,3,3,1,0,0,0,0,0,0,2.0,2.0,2.0,2.0,59.0,6.0,602.0,5.0,2.0,Bayelsa,3,3,0,0,2,97000.0,1.0,3,3,0,1,0,42,3,5.0,23000.0,7,0,0.0
60008,1,0,0,1,1,0,0,0,0,0,0,0,1.0,1.0,2.0,2.0,65.0,6.0,602.0,5.0,2.0,Bayelsa,1,0,0,0,0,0.0,0.0,1,0,0,0,0,42,4,5.0,157000.0,7,0,0.0
60009,3,0,0,3,3,0,0,1,0,0,1,0,3.0,3.0,1.0,1.0,64.0,6.0,602.0,5.0,2.0,Bayelsa,3,3,0,0,0,0.0,1.0,3,3,0,1,0,42,4,5.0,15500.0,7,0,0.0
60010,6,0,1,6,6,1,1,0,1,1,0,1,3.0,3.0,2.0,2.0,56.0,6.0,602.0,5.0,2.0,Bayelsa,6,4,0,0,0,0.0,0.6666666666666666,6,6,0,1,0,42,3,4.0,41500.0,7,0,0.0
60031,4,0,1,4,4,1,1,0,0,1,0,0,8.0,8.0,2.0,2.0,43.0,6.0,607.0,5.0,2.0,Bayelsa,8,8,0,0,0,0.0,1.0,7,1,0,1,0,42,6,10.0,28000.0,7,0,0.0
60032,4,0,0,4,4,0,2,0,2,1,0,1,2.0,2.0,4.0,1.0,37.0,6.0,608.0,5.0,1.0,Bayelsa,4,0,1,0,2,95000.0,0.0,4,4,3,1,1,42,9,15.0,171600.0,7,0,0.0
60033,7,3,0,7,7,1,3,0,2,1,0,1,7.0,7.0,1.0,1.0,54.0,6.0,608.0,5.0,1.0,Bayelsa,8,3,0,0,3,1040000.0,0.375,7,7,4,1,1,42,14,34.0,808500.0,7,0,0.0
60034,6,2,0,6,6,1,3,3,1,1,1,1,10.0,10.0,1.0,1.0,47.0,6.0,607.0,5.0,2.0,Bayelsa,10,6,0,0,6,1050000.0,0.6,8,3,4,1,1,42,18,32.0,530000.0,7,0,0.0
60035,8,0,0,8,8,0,2,1,1,1,1,1,11.0,11.0,1.0,1.0,52.0,6.0,607.0,5.0,2.0,Bayelsa,11,3,0,0,3,200000.0,0.2727272727272727,9,9,5,1,1,42,15,28.0,184300.0,7,0,0.0
60037,7,1,1,7,7,1,7,1,0,1,1,0,7.0,7.0,1.0,1.0,56.0,6.0,607.0,5.0,2.0,Bayelsa,7,2,0,0,2,94000.0,0.2857142857142857,7,7,7,1,1,42,16,52.0,215400.0,7,0,0.0
60038,6,1,1,6,6,1,4,2,5,1,1,1,6.0,6.0,1.0,1.0,56.0,6.0,607.0,5.0,2.0,Bayelsa,6,4,0,0,2,5500.0,0.6666666666666666,6,5,3,1,1,42,11,23.0,315500.0,7,0,0.0
60039,4,1,0,4,4,1,3,3,1,1,1,1,2.0,2.0,5101.0,1.0,36.0,6.0,607.0,5.0,2.0,Bayelsa,5,1,0,0,0,0.0,0.2,4,4,3,1,1,42,9,17.0,94500.0,7,0,0.0
60040,6,0,0,6,6,0,6,3,2,1,1,1,8.0,8.0,1.0,1.0,81.0,6.0,607.0,5.0,2.0,Bayelsa,8,0,0,0,0,0.0,0.0,7,5,4,1,1,42,6,13.0,65200.0,7,0,0.0
60041,2,1,1,2,2,1,1,1,1,1,1,1,4.0,4.0,1.0,1.0,60.0,6.0,601.0,5.0,2.0,Bayelsa,4,1,0,0,0,0.0,0.25,2,1,1,1,1,42,20,36.0,618000.0,7,2,1080000.0
60042,3,1,1,3,3,1,1,0,0,1,0,0,,,,,,,,,,,5,0,0,0,1,30000.0,0.0,4,1,0,1,0,42,12,18.0,229000.0,7,0,0.0
60043,6,0,0,6,6,0,2,0,0,1,0,0,4.0,4.0,1.0,1.0,45.0,6.0,601.0,5.0,2.0,Bayelsa,8,2,0,0,2,147000.0,0.25,7,7,5,1,1,42,10,16.0,71800.0,7,0,0.0
60044,5,0,0,5,5,0,2,0,0,1,0,0,5.0,5.0,1.0,1.0,47.0,6.0,601.0,5.0,2.0,Bayelsa,6,3,0,0,3,95000.0,0.5,5,5,4,1,1,42,12,21.0,177300.0,7,0,0.0
60045,1,0,0,1,1,0,1,0,0,1,0,0,1.0,1.0,1.0,1.0,63.0,6.0,601.0,5.0,2.0,Bayelsa,1,1,0,0,1,5000.0,1.0,1,1,0,1,0,42,9,10.0,81000.0,7,0,0.0
60047,6,0,0,6,6,0,1,0,0,1,0,0,5.0,5.0,2.0,2.0,54.0,6.0,601.0,5.0,2.0,Bayelsa,7,1,0,0,1,45000.0,0.14285714285714285,7,7,3,1,1,42,8,12.0,75200.0,7,0,0.0
60048,4,0,0,4,4,0,1,0,3,1,0,1,6.0,6.0,5102.0,1.0,46.0,6.0,601.0,5.0,2.0,Bayelsa,6,3,0,0,1,5000.0,0.5,5,2,1,1,1,42,13,18.0,175500.0,7,1,2000.0
60049,6,2,0,6,6,1,3,1,3,1,1,1,8.0,8.0,1.0,1.0,50.0,6.0,601.0,5.0,2.0,Bayelsa,8,6,0,0,6,4800.0,0.75,7,6,4,1,1,42,16,27.0,348500.0,7,0,0.0
60050,3,0,0,3,3,0,0,0,1,0,0,1,7.0,7.0,1.0,2.0,56.0,6.0,601.0,5.0,2.0,Bayelsa,6,3,0,0,0,0.0,0.5,5,2,0,1,0,42,6,11.0,56500.0,7,1,5000.0
60051,3,2,1,3,3,1,3,3,1,1,1,1,4.0,4.0,1.0,1.0,53.0,6.0,605.0,5.0,2.0,Bayelsa,4,1,2,0,3,270000.0,0.25,4,4,4,1,1,42,15,24.0,500000.0,7,1,50000.0
60052,5,0,0,5,5,0,4,2,1,1,1,1,5.0,5.0,2.0,2.0,48.0,6.0,605.0,5.0,2.0,Bayelsa,7,3,0,0,1,35000.0,0.42857142857142855,6,6,5,1,1,42,14,31.0,734000.0,7,0,0.0
60053,2,1,1,2,2,1,1,0,0,1,0,0,3.0,3.0,2.0,2.0,35.0,3.0,324.0,5.0,2.0,Akwa Ibom,5,0,0,0,0,0.0,0.0,3,2,0,1,0,42,11,16.0,137250.0,7,0,0.0
60054,2,0,0,2,2,0,2,0,2,1,0,1,2.0,2.0,9.0,1.0,16.0,3.0,313.0,5.0,2.0,Akwa Ibom,2,2,0,0,1,1000.0,1.0,2,2,1,1,1,42,6,8.0,80500.0,7,0,0.0
60055,2,1,0,2,2,1,2,0,0,1,0,0,4.0,4.0,1.0,1.0,52.0,6.0,605.0,5.0,2.0,Bayelsa,4,2,1,0,4,63000.0,0.5,4,3,3,1,1,42,17,24.0,326500.0,7,1,5000.0
60056,1,0,0,1,1,0,1,0,0,1,0,0,2.0,2.0,1.0,2.0,56.0,6.0,605.0,5.0,2.0,Bayelsa,2,1,0,0,1,200000.0,0.5,1,1,1,1,1,42,10,14.0,158000.0,7,1,36000.0
60057,8,4,0,8,8,1,8,0,8,1,0,1,8.0,8.0,1.0,1.0,62.0,6.0,605.0,5.0,2.0,Bayelsa,8,0,2,0,2,165000.0,0.0,8,8,8,1,1,42,9,25.0,197000.0,7,0,0.0
60058,5,0,0,5,5,0,3,3,0,1,1,0,8.0,8.0,1.0,1.0,53.0,6.0,605.0,5.0,2.0,Bayelsa,7,3,0,0,3,203000.0,0.42857142857142855,7,4,3,1,1,42,7,12.0,125000.0,7,0,0.0
60059,2,0,0,2,2,0,1,0,0,1,0,0,2.0,2.0,1.0,2.0,64.0,6.0,605.0,5.0,2.0,Bayelsa,2,0,0,0,0,0.0,0.0,2,1,0,1,0,42,12,16.0,239000.0,7,2,620000.0
60060,4,4,4,4,4,1,4,4,4,1,1,1,4.0,4.0,2.0,2.0,55.0,6.0,608.0,5.0,1.0,Bayelsa,4,0,1,0,1,120000.0,0.0,4,4,4,1,1,42,11,17.0,645000.0,7,0,0.0
69001,1,0,0,1,1,0,0,0,0,0,0,0,3.0,3.0,1.0,2.0,36.0,6.0,601.0,5.0,2.0,Bayelsa,3,1,0,0,1,30000.0,0.3333333333333333,2,2,1,1,1,42,8,13.0,87000.0,7,0,0.0
69004,5,0,1,5,5,1,3,0,1,1,0,1,3.0,3.0,2.0,2.0,42.0,6.0,601.0,5.0,2.0,Bayelsa,7,1,0,1,2,30000.0,0.14285714285714285,6,5,3,1,1,42,13,21.0,142000.0,7,2,70000.0
69005,3,0,0,3,3,0,3,1,2,1,1,1,6.0,6.0,1.0,1.0,58.0,6.0,601.0,5.0,2.0,Bayelsa,6,1,0,0,1,5000.0,0.16666666666666666,5,3,3,1,1,42,13,25.0,214500.0,7,0,0.0
69006,4,2,2,4,4,1,0,0,0,0,0,0,7.0,7.0,1.0,1.0,55.0,6.0,601.0,5.0,2.0,Bayelsa,7,2,0,0,1,38000.0,0.2857142857142857,6,6,0,1,0,42,11,13.0,159500.0,7,0,0.0
69007,2,1,0,2,2,1,1,1,2,1,1,1,4.0,4.0,5101.0,1.0,28.0,6.0,601.0,5.0,2.0,Bayelsa,5,2,0,0,1,10000.0,0.4,3,2,1,1,1,42,10,12.0,123500.0,7,0,0.0
69009,1,1,1,1,1,1,0,0,0,0,0,0,1.0,1.0,1.0,2.0,54.0,6.0,601.0,5.0,2.0,Bayelsa,1,1,0,0,0,0.0,1.0,1,1,0,1,0,42,3,3.0,17200.0,7,0,0.0
69010,1,0,0,1,1,0,1,0,1,1,0,1,1.0,1.0,1.0,1.0,60.0,6.0,601.0,5.0,2.0,Bayelsa,1,0,1,0,1,3000.0,0.0,1,1,1,1,1,42,10,11.0,106500.0,7,0,0.0
69012,1,0,0,1,1,0,0,0,0,0,0,0,1.0,1.0,1.0,1.0,64.0,6.0,601.0,5.0,2.0,Bayelsa,1,1,0,0,1,30000.0,1.0,1,0,0,0,0,42,5,6.0,47000.0,7,0,0.0
69013,2,0,0,2,2,0,0,0,0,0,0,0,3.0,3.0,1.0,2.0,69.0,6.0,604.0,5.0,1.0,Bayelsa,3,0,0,0,0,0.0,0.0,3,0,0,0,0,42,11,13.0,141500.0,7,0,0.0
69014,1,1,0,1,1,1,1,0,0,1,0,0,1.0,1.0,1.0,1.0,59.0,6.0,604.0,5.0,1.0,Bayelsa,1,1,0,0,1,5000.0,1.0,1,1,0,1,0,42,8,12.0,60000.0,7,0,0.0
69016,6,2,1,6,6,1,4,1,1,1,1,1,8.0,8.0,1301.0,1.0,42.0,6.0,604.0,5.0,1.0,Bayelsa,7,2,0,0,2,220000.0,0.2857142857142857,7,4,4,1,1,42,14,24.0,318000.0,7,0,0.0
69017,2,0,0,2,2,0,2,1,1,1,1,1,4.0,4.0,5101.0,2.0,42.0,6.0,604.0,5.0,1.0,Bayelsa,5,1,0,0,1,45000.0,0.2,4,4,2,1,1,42,10,28.0,224500.0,7,0,0.0
69020,2,0,0,2,2,0,1,1,1,1,1,1,5.0,5.0,1.0,1.0,38.0,6.0,604.0,5.0,1.0,Bayelsa,3,2,0,0,2,41000.0,0.6666666666666666,2,2,1,1,1,42,10,13.0,209800.0,7,0,0.0
69021,3,0,0,3,3,0,1,0,0,1,0,0,7.0,7.0,1.0,1.0,51.0,6.0,604.0,5.0,1.0,Bayelsa,7,1,0,0,1,15000.0,0.14285714285714285,5,3,0,1,0,42,2,4.0,26200.0,7,0,0.0
69022,5,0,0,5,5,0,2,0,0,1,0,0,1.0,1.0,1.0,2.0,54.0,6.0,604.0,5.0,1.0,Bayelsa,5,1,1,0,2,59000.0,0.2,5,5,4,1,1,42,12,29.0,233700.0,7,0,0.0
69023,1,1,1,1,1,1,1,1,0,1,1,0,2.0,2.0,1.0,2.0,31.0,6.0,604.0,5.0,1.0,Bayelsa,3,1,0,0,1,20000.0,0.3333333333333333,3,1,1,1,1,42,10,13.0,205000.0,7,0,0.0
69025,4,2,2,4,4,1,2,1,0,1,1,0,4.0,4.0,1.0,2.0,64.0,6.0,606.0,5.0,2.0,Bayelsa,4,4,0,0,4,700000.0,1.0,4,2,2,1,1,42,12,23.0,414000.0,7,1,700000.0
69026,4,0,0,4,4,0,1,0,0,1,0,0,9.0,9.0,1.0,1.0,44.0,6.0,606.0,5.0,2.0,Bayelsa,9,4,0,0,4,350000.0,0.4444444444444444,7,3,0,1,0,42,8,18.0,46000.0,7,0,0.0
69027,5,0,0,5,5,0,2,0,0,1,0,0,8.0,8.0,1.0,1.0,53.0,6.0,606.0,5.0,2.0,Bayelsa,8,3,0,0,1,35000.0,0.375,6,6,1,1,1,42,6,16.0,206000.0,7,0,0.0
69028,2,0,0,2,2,0,1,0,0,1,0,0,5.0,5.0,1.0,1.0,37.0,6.0,606.0,5.0,2.0,Bayelsa,4,2,0,0,2,300000.0,0.5,3,2,1,1,1,42,6,12.0,46000.0,7,0,0.0
69029,4,0,0,4,4,0,1,0,0,1,0,0,5.0,5.0,1.0,1.0,43.0,6.0,606.0,5.0,2.0,Bayelsa,5,4,0,0,1,50000.0,0.8,5,4,1,1,1,42,9,23.0,336500.0,7,0,0.0
69030,5,0,0,5,5,0,0,0,2,0,0,1,8.0,8.0,2.0,2.0,50.0,6.0,606.0,5.0,2.0,Bayelsa,8,8,0,0,8,4000.0,1.0,7,1,0,1,0,42,4,5.0,19300.0,7,0,0.0
69031,3,1,0,3,3,1,2,1,1,1,1,1,8.0,8.0,1.0,1.0,41.0,6.0,606.0,5.0,2.0,Bayelsa,7,5,0,0,0,0.0,0.7142857142857143,5,2,1,1,1,42,5,10.0,104000.0,7,0,0.0
69033,4,0,0,4,4,0,0,0,2,0,0,1,6.0,6.0,1.0,1.0,44.0,6.0,606.0,5.0,2.0,Bayelsa,6,6,0,0,0,0.0,1.0,6,2,1,1,1,42,4,4.0,28500.0,7,0,0.0
69034,6,0,0,6,6,0,2,1,2,1,1,1,9.0,9.0,1.0,1.0,49.0,6.0,606.0,5.0,2.0,Bayelsa,9,7,0,0,3,4000.0,0.7777777777777778,7,2,1,1,1,42,7,15.0,102000.0,7,0,0.0
69036,5,0,0,5,5,0,0,0,0,0,0,0,9.0,9.0,1.0,1.0,45.0,6.0,606.0,5.0,2.0,Bayelsa,9,5,0,0,0,0.0,0.5555555555555556,8,8,1,1,1,42,6,10.0,174000.0,7,0,0.0
69037,8,2,1,8,8,1,6,0,2,1,0,1,11.0,11.0,1.0,1.0,63.0,6.0,608.0,5.0,2.0,Bayelsa,11,5,0,0,1,50000.0,0.45454545454545453,10,7,3,1,1,42,14,26.0,321000.0,7,1,20000.0
69038,7,3,3,7,7,1,3,2,2,1,1,1,10.0,10.0,1.0,1.0,45.0,6.0,608.0,5.0,2.0,Bayelsa,10,0,0,0,0,0.0,0.0,8,8,4,1,1,42,8,13.0,336000.0,7,0,0.0
69040,2,0,1,2,2,1,2,0,2,1,0,1,6.0,6.0,1.0,1.0,40.0,6.0,608.0,5.0,2.0,Bayelsa,5,2,0,0,1,5000.0,0.4,4,3,1,1,1,42,14,22.0,322000.0,7,0,0.0
69041,1,1,0,1,1,1,1,0,0,1,0,0,1.0,1.0,1.0,1.0,51.0,6.0,608.0,5.0,2.0,Bayelsa,1,1,0,0,0,0.0,1.0,1,1,0,1,0,42,8,10.0,252000.0,7,0,0.0
69042,4,0,0,4,4,0,1,0,1,1,0,1,6.0,6.0,1.0,1.0,62.0,6.0,608.0,5.0,2.0,Bayelsa,7,5,0,0,2,20000.0,0.7142857142857143,6,3,1,1,1,42,11,13.0,188000.0,7,1,100000.0
69043,2,2,2,2,2,1,2,1,1,1,1,1,1.0,1.0,2.0,1.0,37.0,6.0,603.0,5.0,2.0,Bayelsa,2,0,0,0,0,0.0,0.0,2,2,2,1,1,42,8,15.0,240000.0,7,0,0.0
69045,3,0,0,3,3,0,0,0,1,0,0,1,1.0,1.0,1.0,2.0,67.0,6.0,608.0,5.0,2.0,Bayelsa,3,2,0,0,0,0.0,0.6666666666666666,3,2,2,1,1,42,4,10.0,156000.0,7,0,0.0
69046,3,0,0,3,3,0,2,2,2,1,1,1,2.0,2.0,1.0,2.0,75.0,6.0,608.0,5.0,2.0,Bayelsa,5,2,0,1,2,5000.0,0.4,4,2,2,1,1,42,10,14.0,75000.0,7,0,0.0
69047,3,2,3,3,3,1,2,2,2,1,1,1,8.0,8.0,1.0,1.0,41.0,6.0,608.0,5.0,2.0,Bayelsa,8,6,0,1,0,0.0,0.75,6,4,3,1,1,42,8,13.0,229500.0,7,0,0.0
69048,5,0,0,5,5,0,1,0,2,1,0,1,6.0,6.0,10.0,1.0,58.0,6.0,608.0,5.0,2.0,Bayelsa,6,5,0,0,4,3000.0,0.8333333333333334,6,0,0,0,0,42,3,6.0,13200.0,7,0,0.0
69049,1,0,0,1,1,0,0,0,0,0,0,0,1.0,1.0,1.0,1.0,59.0,6.0,601.0,5.0,2.0,Bayelsa,1,0,0,0,1,30000.0,0.0,1,1,0,1,0,42,6,7.0,107000.0,7,0,0.0
69050,5,0,0,5,5,0,2,0,0,1,0,0,6.0,6.0,1.0,1.0,48.0,6.0,601.0,5.0,2.0,Bayelsa,6,2,0,0,2,76000.0,0.3333333333333333,5,5,1,1,1,42,8,13.0,133000.0,7,0,0.0
69051,10,0,0,10,10,0,9,7,4,1,1,1,9.0,9.0,1.0,1.0,47.0,6.0,604.0,5.0,1.0,Bayelsa,10,1,0,0,1,2500.0,0.1,10,10,8,1,1,42,10,120020.0,292500.0,7,0,0.0
69052,2,0,0,2,2,0,1,0,2,1,0,1,5.0,5.0,1.0,2.0,34.0,6.0,604.0,5.0,1.0,Bayelsa,5,0,2,0,2,3200.0,0.0,3,1,0,1,0,42,5,10.0,111000.0,7,0,0.0
70011,2,2,0,2,2,1,2,0,2,1,0,1,3.0,3.0,1.0,1.0,62.0,7.0,708.0,1.0,2.0,Benue,3,1,0,0,1,150000.0,0.3333333333333333,3,3,1,1,1,42,6,11.0,47500.0,7,1,50000.0
70012,2,0,1,2,2,1,0,0,2,0,0,1,2.0,2.0,1.0,1.0,50.0,7.0,708.0,1.0,2.0,Benue,2,2,0,0,2,200000.0,1.0,2,2,0,1,0,42,4,6.0,173500.0,7,0,0.0
70013,3,0,1,3,3,1,1,0,3,1,0,1,4.0,4.0,1.0,1.0,45.0,7.0,708.0,1.0,2.0,Benue,5,3,0,0,3,550000.0,0.6,4,4,0,1,0,42,5,10.0,55500.0,7,0,0.0
70015,3,3,0,3,3,1,1,0,3,1,0,1,8.0,8.0,1.0,1.0,44.0,7.0,708.0,1.0,2.0,Benue,7,4,0,0,4,950000.0,0.5714285714285714,4,4,0,1,0,42,4,18.0,40500.0,7,0,0.0
70016,2,0,0,2,2,0,0,0,0,0,0,0,4.0,4.0,2.0,1.0,41.0,7.0,708.0,1.0,2.0,Benue,4,3,0,0,3,700000.0,0.75,4,2,0,1,0,42,6,9.0,33900.0,7,0,0.0
70017,1,0,0,1,1,0,0,0,0,0,0,0,1.0,1.0,1.0,2.0,74.0,7.0,708.0,1.0,2.0,Benue,1,1,0,0,1,650000.0,1.0,1,0,0,0,0,42,3,4.0,23600.0,7,0,0.0
70018,5,1,1,5,5,1,3,1,1,1,1,1,6.0,6.0,8.0,1.0,51.0,7.0,707.0,1.0,2.0,Benue,6,3,0,0,3,35000.0,0.5,6,5,2,1,1,42,6,13.0,400200.0,7,0,0.0
70019,3,0,0,3,3,0,0,0,0,0,0,0,3.0,3.0,1.0,1.0,68.0,7.0,708.0,1.0,2.0,Benue,3,3,0,0,3,850000.0,1.0,3,0,0,0,0,42,5,11.0,29550.0,7,0,0.0
70020,3,0,1,3,3,1,1,0,3,1,0,1,6.0,6.0,1.0,1.0,60.0,7.0,708.0,1.0,2.0,Benue,6,4,0,0,4,420000.0,0.6666666666666666,4,1,0,1,0,42,2,6.0,24000.0,7,0,0.0
70062,4,1,1,4,4,1,1,0,4,1,0,1,9.0,9.0,2.0,2.0,60.0,7.0,711.0,1.0,2.0,Benue,8,8,0,0,8,350000.0,1.0,8,1,0,1,0,42,4,8.0,26500.0,7,0,0.0
70063,3,2,3,3,3,1,2,0,3,1,0,1,8.0,8.0,3.0,1.0,40.0,7.0,711.0,1.0,2.0,Benue,6,5,0,0,5,350000.0,0.8333333333333334,4,3,0,1,0,42,6,17.0,165800.0,7,0,0.0
70064,2,0,1,2,2,1,0,0,2,0,0,1,5.0,5.0,1.0,2.0,38.0,7.0,711.0,1.0,2.0,Benue,5,3,0,0,3,200000.0,0.6,3,1,0,1,0,42,3,5.0,19000.0,7,0,0.0
70066,3,0,0,3,3,0,0,0,0,0,0,0,4.0,4.0,1.0,1.0,52.0,7.0,711.0,1.0,2.0,Benue,4,3,0,0,3,1250000.0,0.75,4,2,1,1,1,42,3,6.0,35000.0,7,0,0.0
70067,4,0,0,4,4,0,0,1,0,0,1,0,7.0,7.0,1.0,1.0,44.0,7.0,711.0,1.0,2.0,Benue,7,3,0,0,3,1340000.0,0.42857142857142855,6,1,0,1,0,42,6,15.0,48900.0,7,0,0.0
70068,5,0,3,5,5,1,0,0,0,0,0,0,6.0,6.0,1.0,1.0,76.0,7.0,711.0,1.0,2.0,Benue,6,6,0,0,6,2830000.0,1.0,6,5,3,1,1,42,6,23.0,403200.0,7,0,0.0
70069,2,1,0,2,2,1,0,0,1,0,0,1,3.0,3.0,1.0,2.0,61.0,7.0,711.0,1.0,2.0,Benue,3,3,0,0,3,80000.0,1.0,2,2,0,1,0,42,4,5.0,51500.0,7,0,0.0
70070,3,0,1,3,3,1,1,0,1,1,0,1,5.0,5.0,1.0,2.0,52.0,7.0,711.0,1.0,2.0,Benue,5,5,0,0,5,85000.0,1.0,5,4,0,1,0,42,4,9.0,33000.0,7,0,0.0
70071,6,0,0,6,6,0,0,0,4,0,0,1,6.0,6.0,1.0,1.0,51.0,7.0,709.0,1.0,2.0,Benue,6,6,0,0,6,245000.0,1.0,6,6,0,1,0,42,3,5.0,27000.0,7,0,0.0
70072,3,0,0,3,3,0,0,0,2,0,0,1,3.0,3.0,1.0,1.0,38.0,7.0,709.0,1.0,2.0,Benue,3,3,0,0,3,100000.0,1.0,3,3,0,1,0,42,3,4.0,37000.0,7,0,0.0
70073,3,0,0,3,3,0,1,0,0,1,0,0,3.0,3.0,1.0,1.0,77.0,7.0,709.0,1.0,2.0,Benue,3,3,0,0,3,750000.0,1.0,3,0,0,0,0,42,3,5.0,118000.0,7,0,0.0
70074,2,0,2,2,2,1,0,0,2,0,0,1,2.0,2.0,2.0,2.0,64.0,7.0,709.0,1.0,2.0,Benue,2,2,0,0,2,220000.0,1.0,2,1,0,1,0,42,1,1.0,40000.0,7,0,0.0
70075,2,0,0,2,2,0,0,0,2,0,0,1,2.0,2.0,2.0,2.0,64.0,7.0,709.0,1.0,2.0,Benue,2,2,0,0,2,200000.0,1.0,2,2,0,1,0,42,3,5.0,30000.0,7,0,0.0
70076,1,0,1,1,1,1,0,0,0,0,0,0,1.0,1.0,2.0,2.0,64.0,7.0,709.0,1.0,2.0,Benue,1,1,0,0,1,400000.0,1.0,1,0,0,0,0,42,3,7.0,23700.0,7,0,0.0
70077,3,0,3,3,3,1,1,0,3,1,0,1,3.0,3.0,1.0,1.0,62.0,7.0,709.0,1.0,2.0,Benue,3,3,0,0,3,330000.0,1.0,3,0,0,0,0,42,1,2.0,1500.0,7,0,0.0
70078,3,0,0,3,3,0,0,0,2,0,0,1,7.0,7.0,1.0,1.0,48.0,7.0,709.0,1.0,2.0,Benue,7,5,0,0,5,100000.0,0.7142857142857143,6,6,0,1,0,42,3,7.0,38500.0,7,0,0.0
70079,2,0,2,2,2,1,0,0,2,0,0,1,4.0,4.0,1.0,1.0,36.0,7.0,709.0,1.0,2.0,Benue,3,2,0,0,2,190000.0,0.6666666666666666,3,1,0,1,0,42,3,3.0,28200.0,7,0,0.0
70080,2,0,0,2,2,0,1,1,0,1,1,0,2.0,2.0,3.0,1.0,25.0,7.0,709.0,1.0,2.0,Benue,2,2,0,0,2,580000.0,1.0,2,2,0,1,0,42,3,6.0,31000.0,7,0,0.0
70121,6,0,3,6,6,1,0,1,0,0,1,0,6.0,6.0,1.0,1.0,62.0,7.0,718.0,1.0,2.0,Benue,6,4,0,0,0,0.0,0.6666666666666666,6,1,0,1,0,42,3,14.0,63000.0,7,0,0.0
70122,2,0,1,2,2,1,0,0,1,0,0,1,1.0,1.0,2.0,2.0,60.0,7.0,718.0,1.0,2.0,Benue,4,2,0,0,0,0.0,0.5,3,0,0,0,0,42,3,4.0,11500.0,7,0,0.0
70123,1,0,1,1,1,1,1,0,0,1,0,0,1.0,1.0,3.0,1.0,26.0,7.0,718.0,1.0,2.0,Benue,1,1,0,0,0,0.0,1.0,1,1,1,1,1,42,4,4.0,69000.0,7,0,0.0
70124,3,0,2,3,3,1,1,0,0,1,0,0,6.0,6.0,1.0,1.0,57.0,7.0,718.0,1.0,2.0,Benue,6,6,0,0,0,0.0,1.0,5,2,0,1,0,42,8,16.0,2138000.0,7,0,0.0
70125,5,0,2,5,5,1,0,2,0,0,1,0,7.0,7.0,1.0,1.0,59.0,7.0,718.0,1.0,2.0,Benue,7,3,0,0,0,0.0,0.42857142857142855,7,2,0,1,0,42,6,25.0,340500.0,7,0,0.0
70126,5,0,3,5,5,1,1,0,3,1,0,1,6.0,6.0,2.0,2.0,35.0,7.0,718.0,1.0,2.0,Benue,7,6,0,0,0,0.0,0.8571428571428571,6,5,4,1,1,42,5,14.0,217000.0,7,0,0.0
70127,3,0,2,3,3,1,1,0,0,1,0,0,6.0,6.0,2.0,2.0,47.0,7.0,718.0,1.0,2.0,Benue,6,6,0,0,0,0.0,1.0,5,1,0,1,0,42,4,7.0,57000.0,7,0,0.0
70128,2,0,1,2,2,1,0,1,0,0,1,0,2.0,2.0,1.0,2.0,52.0,7.0,718.0,1.0,2.0,Benue,2,1,0,0,0,0.0,0.5,2,1,0,1,0,42,5,12.0,82000.0,7,0,0.0
70129,2,0,0,2,2,0,1,1,1,1,1,1,1.0,1.0,3.0,1.0,23.0,7.0,718.0,1.0,2.0,Benue,2,1,0,0,0,0.0,0.5,2,2,1,1,1,42,6,11.0,52800.0,7,0,0.0
70130,3,0,2,3,3,1,0,1,0,0,1,0,7.0,7.0,10.0,1.0,42.0,7.0,718.0,1.0,2.0,Benue,5,4,0,0,2,400000.0,0.8,3,1,0,1,0,42,7,16.0,366000.0,7,0,0.0
70131,2,0,1,2,2,1,0,0,0,0,0,0,4.0,4.0,1.0,1.0,59.0,7.0,715.0,1.0,2.0,Benue,4,2,0,0,0,0.0,0.5,2,0,0,0,0,42,5,13.0,72500.0,7,0,0.0
70132,4,0,1,4,4,1,0,0,0,0,0,0,8.0,8.0,2.0,1.0,63.0,7.0,715.0,1.0,2.0,Benue,7,3,0,0,1,150000.0,0.42857142857142855,6,2,0,1,0,42,4,11.0,83500.0,7,0,0.0
70133,2,0,2,2,2,1,0,0,0,0,0,0,2.0,2.0,1.0,1.0,80.0,7.0,715.0,1.0,2.0,Benue,2,0,0,0,0,0.0,0.0,2,1,0,1,0,42,3,9.0,67000.0,7,0,0.0
70134,2,0,0,2,2,0,1,0,0,1,0,0,2.0,2.0,1.0,1.0,79.0,7.0,715.0,1.0,2.0,Benue,3,3,0,0,0,0.0,1.0,3,1,0,1,0,42,5,16.0,39000.0,7,0,0.0
70135,1,0,0,1,1,0,0,0,0,0,0,0,1.0,1.0,1.0,2.0,73.0,7.0,715.0,1.0,2.0,Benue,1,0,0,0,0,0.0,0.0,1,0,0,0,0,42,3,5.0,26500.0,7,0,0.0
70136,2,0,2,2,2,1,1,0,1,1,0,1,1.0,1.0,3.0,1.0,27.0,7.0,715.0,1.0,2.0,Benue,2,2,0,0,0,0.0,1.0,2,2,0,1,0,42,12,23.0,354500.0,7,0,0.0
70137,2,1,2,2,2,1,2,1,1,1,1,1,6.0,6.0,1.0,1.0,37.0,7.0,715.0,1.0,2.0,Benue,5,2,0,0,2,155000.0,0.4,3,3,3,1,1,42,0,0.0,0.0,7,0,0.0
70139,4,0,2,4,4,1,2,0,1,1,0,1,5.0,5.0,1.0,1.0,47.0,7.0,715.0,1.0,2.0,Benue,6,4,0,0,3,30000.0,0.6666666666666666,4,3,0,1,0,42,6,13.0,161000.0,7,0,0.0
70140,2,0,1,2,2,1,1,0,0,1,0,0,2.0,2.0,1.0,1.0,49.0,7.0,715.0,1.0,2.0,Benue,2,1,0,0,1,22500.0,0.5,2,2,0,1,0,42,7,9.0,147500.0,7,0,0.0
70151,1,0,0,1,1,0,0,0,1,0,0,1,1.0,1.0,7.0,2.0,68.0,7.0,713.0,1.0,2.0,Benue,1,0,0,0,0,0.0,0.0,1,0,0,0,0,42,3,5.0,34000.0,7,0,0.0
70152,5,0,0,5,5,0,1,0,0,1,0,0,3.0,3.0,1.0,1.0,53.0,25.0,2503.0,1.0,2.0,Nasarawa,6,5,0,0,0,0.0,0.8333333333333334,5,2,0,1,0,42,2,4.0,14000.0,7,0,0.0
70153,3,3,3,3,3,1,1,0,2,1,0,1,8.0,8.0,1.0,1.0,44.0,7.0,713.0,1.0,2.0,Benue,8,3,0,0,3,406500.0,0.375,6,6,1,1,1,42,12,22.0,205500.0,7,0,0.0
70154,2,0,0,2,2,0,0,0,0,0,0,0,3.0,3.0,1.0,2.0,83.0,7.0,713.0,1.0,2.0,Benue,6,5,0,0,5,210000.0,0.8333333333333334,4,0,0,0,0,42,1,2.0,25000.0,7,0,0.0
70155,4,3,1,4,4,1,3,3,3,1,1,1,8.0,8.0,1.0,1.0,38.0,7.0,713.0,1.0,2.0,Benue,7,3,0,0,3,90000.0,0.42857142857142855,6,4,2,1,1,42,11,22.0,167500.0,7,0,0.0
70156,3,0,1,3,3,1,3,2,3,1,1,1,3.0,3.0,1.0,2.0,81.0,7.0,713.0,1.0,2.0,Benue,3,3,0,0,3,25000.0,1.0,3,2,1,1,1,42,11,17.0,278500.0,7,0,0.0
70157,7,4,4,7,7,1,4,1,0,1,1,0,7.0,7.0,1.0,1.0,61.0,7.0,713.0,1.0,2.0,Benue,7,3,0,0,3,0.0,0.42857142857142855,7,7,2,1,1,42,13,31.0,131500.0,7,0,0.0
70158,1,0,1,1,1,1,0,1,1,0,1,1,2.0,2.0,3.0,2.0,37.0,7.0,713.0,1.0,2.0,Benue,2,0,1,0,1,50000.0,0.0,2,2,0,1,0,42,1,2.0,8000.0,7,0,0.0
70159,3,1,0,3,3,1,1,1,0,1,1,0,3.0,3.0,201.0,1.0,43.0,7.0,713.0,1.0,2.0,Benue,3,3,0,0,3,415000.0,1.0,3,1,3,1,1,42,3,7.0,75000.0,7,0,0.0
70160,8,3,6,8,8,1,4,0,6,1,0,1,10.0,10.0,2.0,2.0,73.0,7.0,713.0,1.0,2.0,Benue,10,6,0,0,6,588000.0,0.6,10,6,3,1,1,42,17,48.0,431000.0,7,0,0.0
79002,3,0,2,3,3,1,1,0,1,1,0,1,4.0,4.0,1.0,1.0,73.0,7.0,701.0,1.0,2.0,Benue,4,4,0,0,1,30000.0,1.0,4,1,0,1,0,42,8,15.0,108000.0,7,1,564000.0
79004,2,0,1,2,2,1,0,0,0,0,0,0,2.0,2.0,1.0,1.0,46.0,7.0,701.0,1.0,2.0,Benue,2,1,0,0,0,0.0,0.5,2,0,0,0,0,42,4,9.0,67500.0,7,0,0.0
79005,5,0,2,5,5,1,2,1,1,1,1,1,4.0,4.0,1.0,1.0,46.0,7.0,701.0,1.0,2.0,Benue,5,3,0,0,3,150000.0,0.6,5,3,0,1,0,42,6,17.0,82000.0,7,1,5000.0
79006,4,0,2,4,4,1,1,0,0,1,0,0,6.0,6.0,1.0,1.0,75.0,7.0,701.0,1.0,2.0,Benue,6,5,0,0,0,0.0,0.8333333333333334,5,2,1,1,1,42,4,9.0,31500.0,7,0,0.0
79007,2,0,1,2,2,1,0,0,0,0,0,0,5.0,5.0,1.0,1.0,42.0,7.0,701.0,1.0,2.0,Benue,5,2,0,0,0,0.0,0.4,4,1,0,1,0,42,3,10.0,73500.0,7,0,0.0
79009,1,1,1,1,1,1,0,0,1,0,0,1,1.0,1.0,1.0,2.0,69.0,7.0,701.0,1.0,2.0,Benue,2,1,0,0,1,0.0,0.5,1,1,0,1,0,42,4,7.0,21500.0,7,1,60000.0
79010,8,0,2,8,8,1,2,1,2,1,1,1,11.0,11.0,1.0,1.0,68.0,7.0,701.0,1.0,2.0,Benue,11,4,0,0,4,70000.0,0.36363636363636365,10,4,1,1,1,42,8,22.0,178000.0,7,0,0.0
79011,4,0,1,4,4,1,1,0,0,1,0,0,10.0,10.0,1.0,1.0,57.0,7.0,701.0,1.0,2.0,Benue,9,7,0,0,0,0.0,0.7777777777777778,5,3,2,1,1,42,5,13.0,254500.0,7,0,0.0
79012,2,0,1,2,2,1,0,0,0,0,0,0,5.0,5.0,1.0,1.0,34.0,7.0,701.0,1.0,2.0,Benue,4,2,0,0,0,0.0,0.5,3,1,0,1,0,42,4,11.0,79000.0,7,0,0.0
79014,2,0,1,2,2,1,1,1,0,1,1,0,2.0,2.0,1.0,1.0,63.0,7.0,702.0,1.0,2.0,Benue,2,2,0,0,2,350000.0,1.0,2,1,0,1,0,42,8,23.0,305500.0,7,1,25000.0
79015,2,0,0,2,2,0,0,0,0,0,0,0,2.0,2.0,1.0,1.0,59.0,7.0,702.0,1.0,2.0,Benue,2,1,0,0,1,350000.0,0.5,2,0,0,0,0,42,4,12.0,83500.0,7,0,0.0
79016,2,0,2,2,2,1,1,0,0,1,0,0,5.0,5.0,1.0,1.0,28.0,7.0,702.0,1.0,2.0,Benue,4,1,0,0,0,0.0,0.25,2,1,0,1,0,42,6,18.0,72000.0,7,0,0.0
79017,8,0,4,8,8,1,0,0,0,0,0,0,6.0,6.0,1.0,1.0,54.0,7.0,702.0,1.0,2.0,Benue,8,4,0,0,0,0.0,0.5,8,5,0,1,0,42,4,13.0,173000.0,7,0,0.0
79018,2,0,1,2,2,1,1,1,1,1,1,1,3.0,3.0,1.0,1.0,56.0,7.0,702.0,1.0,2.0,Benue,3,3,0,0,0,0.0,1.0,3,1,0,1,0,42,6,20.0,482000.0,7,1,30000.0
79019,1,0,1,1,1,1,0,0,0,0,0,0,2.0,2.0,2.0,2.0,52.0,7.0,702.0,1.0,2.0,Benue,2,1,0,0,1,200000.0,0.5,2,0,0,0,0,42,4,9.0,82500.0,7,0,0.0
79020,2,0,2,2,2,1,0,1,0,0,1,0,3.0,3.0,1.0,1.0,54.0,7.0,702.0,1.0,2.0,Benue,2,2,0,0,0,0.0,1.0,2,1,0,1,0,42,4,6.0,39500.0,7,0,0.0
79021,3,0,1,3,3,1,0,1,0,0,1,0,4.0,4.0,1.0,1.0,51.0,7.0,702.0,1.0,2.0,Benue,4,3,0,0,1,200000.0,0.75,3,3,0,1,0,42,4,10.0,275000.0,7,0,0.0
79023,5,0,4,5,5,1,2,0,1,1,0,1,10.0,10.0,1.0,1.0,46.0,7.0,702.0,1.0,2.0,Benue,9,8,0,0,0,0.0,0.8888888888888888,7,2,0,1,0,42,4,10.0,197500.0,7,0,0.0
79024,1,0,1,1,1,1,0,0,0,0,0,0,2.0,2.0,2.0,2.0,35.0,7.0,702.0,1.0,2.0,Benue,2,1,0,0,0,0.0,0.5,1,0,0,0,0,42,3,4.0,32000.0,7,0,0.0
79025,6,1,2,6,6,1,3,1,4,1,1,1,8.0,8.0,1.0,1.0,58.0,7.0,704.0,1.0,2.0,Benue,8,4,0,0,4,350000.0,0.5,6,1,0,1,0,42,2,5.0,25500.0,7,1,110000.0
79026,2,0,2,2,2,1,0,0,0,0,0,0,2.0,2.0,1.0,1.0,33.0,7.0,704.0,1.0,2.0,Benue,3,2,0,0,2,775000.0,0.6666666666666666,2,2,0,1,0,42,3,3.0,31500.0,7,0,0.0
79028,6,2,4,6,6,1,1,0,1,1,0,1,7.0,7.0,1.0,1.0,56.0,7.0,704.0,1.0,2.0,Benue,7,6,0,0,6,1000000.0,0.8571428571428571,7,6,0,1,0,42,5,9.0,35000.0,7,0,0.0
79029,4,1,0,4,4,1,1,0,0,1,0,0,4.0,4.0,1.0,2.0,60.0,7.0,704.0,1.0,2.0,Benue,4,4,0,0,4,1350000.0,1.0,4,2,0,1,0,42,5,10.0,207000.0,7,0,0.0
79030,4,1,3,4,4,1,1,0,3,1,0,1,6.0,6.0,1.0,1.0,66.0,7.0,704.0,1.0,2.0,Benue,6,4,0,0,4,420000.0,0.6666666666666666,5,1,0,1,0,42,5,15.0,287000.0,7,0,0.0
79032,4,0,2,4,4,1,0,0,0,0,0,0,9.0,9.0,1.0,1.0,41.0,7.0,704.0,1.0,2.0,Benue,8,4,0,0,4,950000.0,0.5,4,1,0,1,0,42,3,10.0,39000.0,7,0,0.0
79033,2,0,2,2,2,1,0,0,2,0,0,1,2.0,2.0,1.0,1.0,58.0,7.0,704.0,1.0,2.0,Benue,2,2,0,0,2,300000.0,1.0,2,1,0,1,0,42,1,2.0,15000.0,7,0,0.0
79034,2,0,2,2,2,1,1,1,1,1,1,1,3.0,3.0,1.0,1.0,31.0,7.0,704.0,1.0,2.0,Benue,2,2,0,0,2,200000.0,1.0,2,2,1,1,1,42,3,3.0,365000.0,7,0,0.0
79035,5,0,2,5,5,1,0,0,0,0,0,0,5.0,5.0,1.0,1.0,52.0,7.0,704.0,1.0,2.0,Benue,5,5,0,0,5,1680000.0,1.0,5,1,0,1,0,42,9,17.0,667000.0,7,1,80000.0
79036,5,0,0,5,5,0,0,0,0,0,0,0,4.0,4.0,1.0,1.0,39.0,7.0,704.0,1.0,2.0,Benue,5,5,0,0,5,1400000.0,1.0,5,0,0,0,0,42,2,4.0,62000.0,7,1,15000.0
79038,5,1,0,5,5,1,5,3,5,1,1,1,8.0,8.0,1.0,1.0,38.0,7.0,705.0,1.0,1.0,Benue,6,5,0,0,5,150000.0,0.8333333333333334,6,5,5,1,1,42,11,31.0,1616000.0,7,0,0.0
79039,6,0,0,6,6,0,2,2,1,1,1,1,10.0,10.0,1.0,1.0,54.0,7.0,705.0,1.0,1.0,Benue,10,3,0,0,3,700000.0,0.3,9,3,1,1,1,42,6,13.0,212000.0,7,0,0.0
79040,2,0,2,2,2,1,1,0,1,1,0,1,4.0,4.0,1.0,2.0,51.0,7.0,705.0,1.0,1.0,Benue,4,2,0,0,2,5000.0,0.5,2,2,0,1,0,42,9,12.0,57000.0,7,0,0.0
79041,1,1,0,1,1,1,1,0,1,1,0,1,1.0,1.0,1.0,1.0,71.0,7.0,705.0,1.0,1.0,Benue,1,0,0,0,0,0.0,0.0,1,1,0,1,0,42,4,4.0,114000.0,7,0,0.0
79042,2,1,1,2,2,1,1,1,2,1,1,1,5.0,5.0,1.0,1.0,38.0,7.0,705.0,1.0,1.0,Benue,6,1,0,0,1,200000.0,0.16666666666666666,4,1,0,1,0,42,11,20.0,359700.0,7,0,0.0
79043,4,1,1,4,4,1,0,2,0,0,1,0,3.0,3.0,1.0,1.0,55.0,7.0,705.0,1.0,1.0,Benue,5,4,0,0,4,27000.0,0.8,5,2,0,1,0,42,7,12.0,1064000.0,7,0,0.0
79045,2,0,2,2,2,1,0,0,0,0,0,0,2.0,2.0,1.0,1.0,38.0,7.0,705.0,1.0,2.0,Benue,5,2,0,0,2,450000.0,0.4,2,2,0,1,0,42,3,5.0,42000.0,7,0,0.0
79046,1,0,1,1,1,1,0,0,1,0,0,1,1.0,1.0,1.0,1.0,32.0,7.0,705.0,1.0,1.0,Benue,1,1,0,0,1,3000.0,1.0,1,1,0,1,0,42,6,6.0,81000.0,7,0,0.0
79047,5,3,3,5,5,1,4,4,5,1,1,1,10.0,10.0,1.0,1.0,54.0,7.0,705.0,1.0,1.0,Benue,8,3,0,0,3,243000.0,0.375,7,6,2,1,1,42,10,17.0,317500.0,7,0,0.0
79051,3,0,0,3,3,0,2,0,0,1,0,0,6.0,6.0,1.0,1.0,43.0,24.0,2408.0,6.0,1.0,Lagos,6,2,0,0,2,100000.0,0.3333333333333333,4,3,2,1,1,42,11,17.0,195000.0,7,0,0.0
79052,2,1,0,2,2,1,1,2,1,1,1,1,4.0,4.0,1.0,1.0,45.0,22.0,2207.0,1.0,1.0,Kogi,4,1,0,0,1,30000.0,0.25,2,2,2,1,1,42,12,16.0,931900.0,7,0,0.0
79053,4,2,2,4,4,1,4,4,0,1,1,0,6.0,6.0,1.0,1.0,41.0,7.0,713.0,1.0,1.0,Benue,5,4,0,0,4,90000.0,0.8,5,5,4,1,1,42,15,30.0,764000.0,7,0,0.0
79054,2,2,2,2,2,1,2,0,0,1,0,0,5.0,5.0,1.0,1.0,37.0,7.0,713.0,1.0,1.0,Benue,3,2,0,0,2,41500.0,0.6666666666666666,2,2,2,1,1,42,7,14.0,145000.0,7,1,250000.0
79055,5,3,5,5,5,1,4,1,1,1,1,1,7.0,7.0,703.0,1.0,54.0,7.0,713.0,1.0,1.0,Benue,8,1,0,0,1,15000.0,0.125,7,7,4,1,1,42,15,25.0,275000.0,7,0,0.0
79056,3,2,1,3,3,1,2,2,2,1,1,1,4.0,4.0,1.0,2.0,64.0,7.0,713.0,1.0,1.0,Benue,4,3,0,0,4,30000.0,0.75,3,3,1,1,1,42,11,21.0,418500.0,7,1,1200000.0
79057,3,3,0,3,3,1,3,3,3,1,1,1,3.0,3.0,2.0,1.0,84.0,7.0,713.0,1.0,1.0,Benue,3,2,0,0,2,100000.0,0.6666666666666666,3,3,3,1,1,42,9,23.0,1483500.0,7,0,0.0
79058,2,1,1,2,2,1,2,2,0,1,1,0,5.0,5.0,1.0,1.0,38.0,7.0,713.0,1.0,1.0,Benue,3,2,0,0,2,90000.0,0.6666666666666666,2,2,2,1,1,42,19,21.0,1249500.0,7,1,1500000.0
79059,5,3,3,5,5,1,5,5,0,1,1,0,7.0,7.0,1.0,2.0,46.0,7.0,713.0,1.0,1.0,Benue,7,1,0,0,1,125000.0,0.14285714285714285,7,6,5,1,1,42,18,35.0,5125000.0,7,0,0.0
79060,6,6,0,6,6,1,6,6,0,1,1,0,,,,,,,,,,,6,2,0,0,2,110000.0,0.3333333333333333,6,6,6,1,1,42,4,16.0,275000.0,7,0,0.0
79061,2,1,2,2,2,1,1,0,0,1,0,0,2.0,2.0,1.0,1.0,54.0,7.0,716.0,1.0,2.0,Benue,2,2,0,0,0,0.0,1.0,2,2,0,1,0,42,8,15.0,174500.0,7,1,30000.0
79062,2,0,1,2,2,1,1,0,0,1,0,0,5.0,5.0,1.0,1.0,44.0,7.0,716.0,1.0,2.0,Benue,5,3,0,0,0,0.0,0.6,3,1,0,1,0,42,5,8.0,64500.0,7,1,20000.0
79064,6,0,4,6,6,1,1,0,4,1,0,1,7.0,7.0,1.0,1.0,61.0,7.0,716.0,1.0,2.0,Benue,7,7,0,0,1,6000.0,1.0,7,4,1,1,1,42,7,25.0,112500.0,7,1,20000.0
79065,4,1,2,4,4,1,2,2,1,1,1,1,5.0,5.0,1.0,2.0,52.0,7.0,716.0,1.0,2.0,Benue,5,1,0,0,1,300000.0,0.2,5,3,1,1,1,42,6,14.0,99500.0,7,1,40000.0
79067,2,0,0,2,2,0,0,1,0,0,1,0,3.0,3.0,1.0,1.0,83.0,7.0,716.0,1.0,2.0,Benue,3,2,0,0,2,1100000.0,0.6666666666666666,3,0,0,0,0,42,5,12.0,122500.0,7,1,20000.0
79068,1,0,1,1,1,1,0,0,0,0,0,0,1.0,1.0,2.0,2.0,64.0,7.0,716.0,1.0,2.0,Benue,1,0,0,0,0,0.0,0.0,1,1,0,1,0,42,5,10.0,51500.0,7,1,300000.0
79069,3,1,3,3,3,1,1,0,1,1,0,1,6.0,6.0,1.0,1.0,43.0,7.0,716.0,1.0,2.0,Benue,7,6,0,0,0,0.0,0.8571428571428571,5,2,1,1,1,42,8,17.0,191000.0,7,1,20000.0
79070,7,4,2,7,7,1,5,0,5,1,0,1,6.0,6.0,7.0,1.0,24.0,7.0,716.0,1.0,2.0,Benue,7,6,0,0,3,605000.0,0.8571428571428571,7,7,0,1,0,42,3,18.0,21000.0,7,0,0.0
79072,1,1,1,1,1,1,1,0,1,1,0,1,1.0,1.0,1.0,2.0,58.0,7.0,716.0,1.0,2.0,Benue,1,1,0,0,0,0.0,1.0,1,1,0,1,0,42,2,2.0,9000.0,7,0,0.0
79073,3,0,2,3,3,1,0,0,0,0,0,0,3.0,3.0,1.0,1.0,70.0,7.0,717.0,1.0,2.0,Benue,3,3,0,0,0,0.0,1.0,3,0,0,0,0,42,4,9.0,41000.0,7,0,0.0
79074,3,0,3,3,3,1,0,1,0,0,1,0,11.0,11.0,1.0,1.0,44.0,7.0,717.0,1.0,2.0,Benue,8,3,0,0,0,0.0,0.375,5,1,0,1,0,42,5,17.0,372000.0,7,0,0.0
79075,2,0,2,2,2,1,1,0,1,1,0,1,3.0,3.0,1.0,1.0,58.0,7.0,717.0,1.0,2.0,Benue,3,3,0,0,0,0.0,1.0,3,2,0,1,0,42,8,25.0,408000.0,7,0,0.0
79077,3,0,2,3,3,1,0,0,0,0,0,0,6.0,6.0,1.0,1.0,41.0,7.0,717.0,1.0,2.0,Benue,6,4,0,0,0,0.0,0.6666666666666666,4,1,0,1,0,42,4,12.0,74000.0,7,0,0.0
79078,2,1,0,2,2,1,1,0,1,1,0,1,3.0,3.0,1.0,1.0,36.0,7.0,717.0,1.0,2.0,Benue,2,1,0,0,1,50000.0,0.5,2,1,0,1,0,42,6,9.0,95500.0,7,0,0.0
79080,4,1,3,4,4,1,1,0,0,1,0,0,4.0,4.0,1.0,1.0,63.0,7.0,717.0,1.0,2.0,Benue,4,4,0,0,0,0.0,1.0,4,2,0,1,0,42,5,13.0,40500.0,7,0,0.0
79081,3,0,0,3,3,0,2,0,0,1,0,0,5.0,5.0,1.0,1.0,50.0,7.0,717.0,1.0,2.0,Benue,5,3,0,0,0,0.0,0.6,5,2,0,1,0,42,2,7.0,7000.0,7,0,0.0
79082,6,0,2,6,6,1,2,2,1,1,1,1,6.0,6.0,1.0,1.0,71.0,7.0,717.0,1.0,2.0,Benue,6,3,0,0,2,100000.0,0.5,6,2,2,1,1,42,5,17.0,25500.0,7,1,10000.0
79083,3,0,2,3,3,1,0,0,0,0,0,0,8.0,8.0,1.0,1.0,36.0,7.0,717.0,1.0,2.0,Benue,6,4,0,0,0,0.0,0.6666666666666666,5,2,0,1,0,42,6,14.0,331700.0,7,0,0.0
79084,1,0,1,1,1,1,0,0,0,0,0,0,2.0,2.0,1.0,2.0,44.0,7.0,717.0,1.0,2.0,Benue,2,2,0,0,1,0.0,1.0,2,0,0,0,0,42,2,2.0,2000.0,7,1,5000.0
79085,2,1,2,2,2,1,0,0,1,0,0,1,1.0,1.0,1.0,2.0,64.0,7.0,718.0,1.0,2.0,Benue,2,2,0,0,1,20000.0,1.0,2,2,1,1,1,42,4,5.0,34000.0,7,0,0.0
79087,2,0,0,2,2,0,0,2,0,0,1,0,3.0,3.0,1.0,2.0,42.0,7.0,718.0,1.0,2.0,Benue,3,2,0,0,1,300000.0,0.6666666666666666,3,2,0,1,0,42,4,10.0,91000.0,7,0,0.0
79088,1,1,1,1,1,1,1,0,1,1,0,1,1.0,1.0,1.0,1.0,36.0,7.0,718.0,1.0,2.0,Benue,1,1,0,0,0,0.0,1.0,1,1,0,1,0,42,11,12.0,382000.0,7,0,0.0
79090,1,1,0,1,1,1,1,1,0,1,1,0,2.0,2.0,5101.0,2.0,39.0,7.0,718.0,1.0,2.0,Benue,4,1,0,0,1,0.0,0.25,3,1,0,1,0,42,4,6.0,12500.0,7,0,0.0
79091,5,0,1,5,5,1,0,2,0,0,1,0,8.0,8.0,1.0,1.0,47.0,7.0,718.0,1.0,2.0,Benue,8,2,0,0,1,1000000.0,0.25,6,2,0,1,0,42,5,14.0,93500.0,7,0,0.0
79092,2,1,2,2,2,1,1,0,0,1,0,0,5.0,5.0,1.0,1.0,47.0,7.0,718.0,1.0,2.0,Benue,4,1,0,0,1,30000.0,0.25,4,1,0,1,0,42,1,1.0,5000.0,7,1,10000.0
79093,3,0,2,3,3,1,3,1,3,1,1,1,3.0,3.0,1.0,1.0,35.0,7.0,718.0,1.0,2.0,Benue,3,3,0,0,0,0.0,1.0,3,2,1,1,1,42,10,16.0,144000.0,7,0,0.0
79094,3,1,2,3,3,1,1,0,1,1,0,1,7.0,7.0,4.0,1.0,22.0,7.0,718.0,1.0,2.0,Benue,6,5,0,0,4,32000.0,0.8333333333333334,6,2,1,1,1,42,3,6.0,22000.0,7,2,110000.0
79095,6,1,6,6,6,1,3,0,5,1,0,1,8.0,8.0,1.0,1.0,70.0,7.0,718.0,1.0,2.0,Benue,8,6,0,0,2,25000.0,0.75,6,5,2,1,1,42,4,9.0,76000.0,7,0,0.0
79096,12,2,6,12,12,1,6,1,1,1,1,1,18.0,18.0,1.0,1.0,73.0,7.0,718.0,1.0,2.0,Benue,18,6,0,0,4,560000.0,0.3333333333333333,15,6,0,1,0,42,8,22.0,200000.0,7,1,150000.0
79097,3,0,2,3,3,1,2,0,2,1,0,1,6.0,6.0,1.0,1.0,47.0,7.0,718.0,1.0,2.0,Benue,6,5,0,0,0,0.0,0.8333333333333334,5,1,1,1,1,42,9,22.0,351000.0,7,0,0.0
79098,1,0,1,1,1,1,0,1,0,0,1,0,1.0,1.0,1.0,2.0,74.0,7.0,718.0,1.0,2.0,Benue,1,0,1,0,1,100000.0,0.0,1,1,0,1,0,42,3,6.0,73000.0,7,0,0.0
79099,6,1,6,6,6,1,1,0,2,1,0,1,9.0,9.0,1.0,2.0,66.0,7.0,718.0,1.0,2.0,Benue,9,5,0,0,1,0.0,0.5555555555555556,7,2,0,1,0,42,4,12.0,37000.0,7,1,40000.0
79101,1,0,1,1,1,1,0,0,0,0,0,0,2.0,2.0,1.0,2.0,42.0,7.0,718.0,1.0,2.0,Benue,3,1,0,0,1,150000.0,0.3333333333333333,3,1,0,1,0,42,4,13.0,73500.0,7,0,0.0
79102,1,0,1,1,1,1,0,0,1,0,0,1,1.0,1.0,1.0,2.0,80.0,7.0,718.0,1.0,2.0,Benue,1,1,0,0,0,0.0,1.0,1,1,0,1,0,42,11,17.0,54000.0,7,0,0.0
79104,3,0,1,3,3,1,0,0,0,0,0,0,2.0,2.0,1.0,2.0,37.0,7.0,718.0,1.0,2.0,Benue,3,2,0,0,0,0.0,0.6666666666666666,3,1,0,1,0,42,2,2.0,9000.0,7,0,0.0
79105,3,0,1,3,3,1,3,0,1,1,0,1,3.0,3.0,1.0,1.0,71.0,7.0,718.0,1.0,2.0,Benue,3,3,0,0,0,0.0,1.0,3,2,1,1,1,42,6,16.0,88500.0,7,0,0.0
79106,1,0,1,1,1,1,0,0,0,0,0,0,1.0,1.0,2.0,2.0,56.0,7.0,718.0,1.0,2.0,Benue,1,1,0,0,0,0.0,1.0,1,1,0,1,0,42,4,7.0,62000.0,7,0,0.0
79108,4,0,1,4,4,1,0,1,0,0,1,0,6.0,6.0,3.0,2.0,50.0,7.0,718.0,1.0,2.0,Benue,6,1,0,0,0,0.0,0.16666666666666666,6,1,0,1,0,42,4,12.0,102500.0,7,0,0.0
79109,5,2,4,5,5,1,1,2,3,1,1,1,9.0,9.0,1.0,1.0,64.0,7.0,719.0,1.0,2.0,Benue,9,7,0,0,3,145000.0,0.7777777777777778,8,5,3,1,1,42,16,30.0,2398000.0,7,1,300000.0
79110,3,2,1,3,3,1,1,0,2,1,0,1,3.0,3.0,1.0,1.0,85.0,7.0,719.0,1.0,2.0,Benue,3,2,0,0,2,307500.0,0.6666666666666666,3,1,1,1,1,42,11,22.0,249000.0,7,0,0.0
79111,4,0,1,4,4,1,0,0,0,0,0,0,8.0,8.0,1.0,1.0,45.0,7.0,719.0,1.0,2.0,Benue,6,3,0,0,2,290000.0,0.5,4,2,1,1,1,42,2,8.0,15000.0,7,0,0.0
79112,8,1,2,8,8,1,3,0,2,1,0,1,9.0,9.0,1.0,1.0,86.0,7.0,719.0,1.0,2.0,Benue,10,10,0,0,3,55000.0,1.0,10,9,2,1,1,42,10,29.0,229500.0,7,1,100000.0
79113,3,1,3,3,3,1,3,2,2,1,1,1,3.0,3.0,12.0,1.0,25.0,7.0,719.0,1.0,2.0,Benue,3,3,0,0,2,13000.0,1.0,3,3,3,1,1,42,7,14.0,408000.0,7,1,20000.0
79114,1,1,1,1,1,1,0,0,1,0,0,1,1.0,1.0,1.0,1.0,76.0,7.0,719.0,1.0,2.0,Benue,1,0,1,0,1,150000.0,0.0,1,1,0,1,0,42,5,5.0,49000.0,7,4,265000.0
79116,5,1,2,5,5,1,1,2,2,1,1,1,7.0,7.0,1.0,1.0,78.0,7.0,719.0,1.0,2.0,Benue,7,2,0,0,2,700000.0,0.2857142857142857,6,4,0,1,0,42,5,15.0,133500.0,7,0,0.0
79117,5,0,2,5,5,1,1,1,1,1,1,1,6.0,6.0,1.0,2.0,41.0,7.0,719.0,1.0,2.0,Benue,6,2,0,0,2,800000.0,0.3333333333333333,5,4,0,1,0,42,7,9.0,249000.0,7,0,0.0
79119,5,1,3,5,5,1,3,1,1,1,1,1,11.0,11.0,1.0,1.0,62.0,7.0,719.0,1.0,2.0,Benue,10,3,0,0,3,1100000.0,0.3,7,5,1,1,1,42,14,38.0,556500.0,7,0,0.0
79120,5,0,0,5,5,0,2,0,1,1,0,1,7.0,7.0,8.0,1.0,50.0,7.0,719.0,1.0,2.0,Benue,11,4,0,0,3,77000.0,0.36363636363636365,8,3,2,1,1,42,6,16.0,290000.0,7,0,0.0
79121,7,0,0,7,7,0,0,0,0,0,0,0,7.0,7.0,1.0,1.0,49.0,7.0,721.0,1.0,2.0,Benue,7,4,0,0,4,1230000.0,0.5714285714285714,7,0,0,0,0,42,3,11.0,39000.0,7,0,0.0
79122,4,0,0,4,4,0,1,0,3,1,0,1,9.0,9.0,1.0,1.0,40.0,7.0,721.0,1.0,2.0,Benue,8,4,0,0,4,500000.0,0.5,5,5,0,1,0,42,3,8.0,42000.0,7,0,0.0
79123,5,1,2,5,5,1,1,0,2,1,0,1,6.0,6.0,1.0,1.0,38.0,7.0,721.0,1.0,2.0,Benue,6,2,0,0,2,300000.0,0.3333333333333333,6,3,0,1,0,42,6,17.0,55800.0,7,0,0.0
79124,4,0,0,4,4,0,1,1,2,1,1,1,8.0,8.0,1.0,1.0,65.0,7.0,721.0,1.0,2.0,Benue,8,5,0,0,5,400000.0,0.625,6,6,1,1,1,42,8,23.0,108500.0,7,0,0.0
79125,4,2,3,4,4,1,2,1,4,1,1,1,8.0,8.0,1.0,1.0,38.0,7.0,721.0,1.0,2.0,Benue,8,4,0,0,4,300000.0,0.5,6,1,0,1,0,42,4,9.0,198300.0,7,0,0.0
79127,5,1,2,5,5,1,1,0,2,1,0,1,6.0,6.0,1.0,1.0,60.0,7.0,721.0,1.0,2.0,Benue,6,2,0,0,2,350000.0,0.3333333333333333,6,2,0,1,0,42,5,10.0,44500.0,7,0,0.0
79128,3,0,1,3,3,1,0,0,0,0,0,0,4.0,4.0,1.0,1.0,34.0,7.0,721.0,1.0,2.0,Benue,4,3,0,0,3,760000.0,0.75,4,2,0,1,0,42,4,13.0,39000.0,7,0,0.0
79129,2,0,0,2,2,0,0,0,0,0,0,0,3.0,3.0,1.0,1.0,30.0,7.0,721.0,1.0,2.0,Benue,3,2,0,0,2,600000.0,0.6666666666666666,2,0,0,0,0,42,2,3.0,30000.0,7,0,0.0
79131,1,0,1,1,1,1,0,0,0,0,0,0,1.0,1.0,1.0,1.0,58.0,7.0,721.0,1.0,2.0,Benue,1,1,0,0,1,150000.0,1.0,1,1,0,1,0,42,4,5.0,37000.0,7,0,0.0
79132,2,2,2,2,2,1,2,2,2,1,1,1,6.0,6.0,1.0,1.0,39.0,7.0,721.0,1.0,2.0,Benue,6,2,0,0,2,400000.0,0.3333333333333333,4,2,1,1,1,42,7,18.0,167700.0,7,0,0.0
79133,3,1,2,3,3,1,1,0,3,1,0,1,4.0,4.0,1.0,1.0,52.0,7.0,723.0,1.0,2.0,Benue,4,4,0,0,4,380000.0,1.0,4,2,0,1,0,42,6,16.0,135000.0,7,0,0.0
79134,3,0,0,3,3,0,1,0,3,1,0,1,7.0,7.0,1.0,1.0,41.0,7.0,723.0,1.0,2.0,Benue,6,4,0,0,4,370000.0,0.6666666666666666,4,4,0,1,0,42,5,8.0,48000.0,7,0,0.0
79136,3,1,2,3,3,1,2,1,3,1,1,1,4.0,4.0,1.0,1.0,49.0,7.0,723.0,1.0,2.0,Benue,4,4,0,0,4,200000.0,1.0,4,4,0,1,0,42,3,6.0,185000.0,7,0,0.0
79137,2,1,1,2,2,1,1,0,2,1,0,1,3.0,3.0,1.0,1.0,27.0,7.0,723.0,1.0,2.0,Benue,2,2,0,0,2,250000.0,1.0,2,1,0,1,0,42,5,9.0,236800.0,7,0,0.0
79138,3,1,0,3,3,1,1,0,0,1,0,0,5.0,5.0,1.0,1.0,26.0,7.0,723.0,1.0,2.0,Benue,5,3,0,0,3,1500000.0,0.6,3,2,2,1,1,42,7,21.0,47200.0,7,0,0.0
79139,2,1,1,2,2,1,2,0,2,1,0,1,3.0,3.0,6.0,2.0,49.0,7.0,723.0,1.0,2.0,Benue,3,3,0,0,3,300000.0,1.0,3,3,0,1,0,42,2,8.0,39500.0,7,0,0.0
79140,1,0,0,1,1,0,0,0,0,0,0,0,1.0,1.0,1.0,1.0,49.0,7.0,723.0,1.0,2.0,Benue,1,1,0,0,1,350000.0,1.0,1,0,0,0,0,42,4,6.0,30300.0,7,0,0.0
79141,2,0,0,2,2,0,1,0,2,1,0,1,4.0,4.0,1.0,1.0,51.0,7.0,723.0,1.0,2.0,Benue,4,2,0,0,2,400000.0,0.5,2,2,0,1,0,42,7,13.0,148000.0,7,0,0.0
79142,2,0,0,2,2,0,0,0,0,0,0,0,2.0,2.0,1.0,2.0,65.0,7.0,723.0,1.0,2.0,Benue,2,2,0,0,2,900000.0,1.0,2,0,0,0,0,42,4,7.0,23200.0,7,0,0.0
79143,5,0,0,5,5,0,4,0,3,1,0,1,7.0,7.0,1.0,1.0,64.0,7.0,723.0,1.0,2.0,Benue,6,5,0,0,5,530000.0,0.8333333333333334,5,4,2,1,1,42,11,26.0,229000.0,7,0,0.0
80011,2,0,0,2,2,0,0,0,0,0,0,0,3.0,3.0,1.0,1.0,68.0,8.0,821.0,2.0,1.0,Borno,3,3,0,0,2,8500.0,1.0,3,0,0,0,0,42,3,6.0,37000.0,7,0,0.0
80012,2,0,0,2,2,0,0,0,0,0,0,0,4.0,4.0,1.0,1.0,45.0,8.0,821.0,2.0,1.0,Borno,5,2,0,0,1,3000.0,0.4,3,0,0,0,0,42,1,2.0,700.0,7,0,0.0
80013,3,1,0,3,3,1,1,1,0,1,1,0,5.0,5.0,2.0,2.0,39.0,8.0,821.0,2.0,1.0,Borno,5,4,0,0,4,29500.0,0.8,5,4,1,1,1,42,6,13.0,41000.0,7,0,0.0
80015,4,1,1,4,4,1,1,1,0,1,1,0,6.0,6.0,1.0,1.0,43.0,8.0,821.0,2.0,1.0,Borno,6,4,0,0,4,6500.0,0.6666666666666666,4,3,0,1,0,42,4,10.0,28700.0,7,2,55000.0
80016,7,0,0,7,7,0,1,0,0,1,0,0,12.0,12.0,1.0,1.0,50.0,8.0,821.0,2.0,1.0,Borno,12,4,2,0,4,29000.0,0.3333333333333333,8,2,2,1,1,42,5,13.0,36800.0,7,0,0.0
80017,2,1,0,2,2,1,1,1,1,1,1,1,5.0,5.0,1.0,1.0,45.0,8.0,821.0,2.0,1.0,Borno,6,4,0,0,4,22500.0,0.6666666666666666,4,2,1,1,1,42,9,14.0,56000.0,7,1,50000.0
80018,3,0,0,3,3,0,0,0,0,0,0,0,9.0,9.0,1.0,1.0,59.0,8.0,821.0,2.0,1.0,Borno,7,5,0,0,4,11700.0,0.7142857142857143,5,1,0,1,0,42,2,3.0,3000.0,7,0,0.0
80019,2,0,0,2,2,0,0,0,0,0,0,0,5.0,5.0,1.0,2.0,55.0,8.0,821.0,2.0,1.0,Borno,5,2,0,0,2,8000.0,0.4,4,1,0,1,0,42,4,8.0,20000.0,7,0,0.0
80020,8,0,0,8,8,0,0,0,0,0,0,0,11.0,11.0,1.0,1.0,91.0,8.0,821.0,2.0,1.0,Borno,11,4,1,0,5,19700.0,0.36363636363636365,9,7,1,1,1,42,11,22.0,309000.0,7,0,0.0
80091,13,3,0,13,13,1,3,3,3,1,1,1,16.0,16.0,1.0,1.0,57.0,8.0,805.0,2.0,2.0,Borno,15,10,0,0,4,160000.0,0.6666666666666666,15,6,5,1,1,42,13,23.0,4886000.0,7,0,0.0
80092,3,2,0,3,3,1,2,2,2,1,1,1,8.0,8.0,1.0,1.0,44.0,8.0,805.0,2.0,2.0,Borno,6,6,0,0,1,9980.0,1.0,5,3,0,1,0,42,4,7.0,151000.0,7,0,0.0
80093,5,2,0,5,5,1,2,2,1,1,1,1,,,,,,,,,,,5,4,0,0,5,36000.0,0.8,5,4,2,1,1,42,13,24.0,307500.0,7,0,0.0
80095,7,6,0,7,7,1,6,6,6,1,1,1,12.0,12.0,1.0,1.0,49.0,8.0,805.0,2.0,2.0,Borno,14,7,0,0,7,40000.0,0.5,10,7,5,1,1,42,15,42.0,724100.0,7,0,0.0
80097,3,3,0,3,3,1,3,3,3,1,1,1,7.0,7.0,1.0,1.0,48.0,8.0,805.0,2.0,2.0,Borno,5,2,0,0,1,18800.0,0.4,4,3,2,1,1,42,11,16.0,252500.0,7,0,0.0
80098,8,4,0,8,8,1,4,4,4,1,1,1,12.0,12.0,1.0,1.0,54.0,8.0,805.0,2.0,2.0,Borno,10,6,0,0,2,90100.0,0.6,8,5,2,1,1,42,15,31.0,1069500.0,7,0,0.0
80099,10,4,0,10,10,1,4,4,4,1,1,1,9.0,9.0,2.0,1.0,68.0,8.0,805.0,2.0,2.0,Borno,11,8,0,0,6,34800.0,0.7272727272727273,11,6,5,1,1,42,12,45.0,329500.0,7,0,0.0
80100,9,9,0,9,9,1,8,8,9,1,1,1,11.0,11.0,1.0,1.0,60.0,8.0,805.0,2.0,2.0,Borno,11,7,0,0,2,58000.0,0.6363636363636364,11,10,6,1,1,42,18,41.0,852000.0,7,1,80000.0
80102,7,0,0,7,7,0,0,0,0,0,0,0,10.0,10.0,1.0,1.0,54.0,8.0,827.0,2.0,2.0,Borno,10,5,0,0,5,37500.0,0.5,8,5,1,1,1,42,9,23.0,92800.0,7,0,0.0
80103,4,0,0,4,4,0,0,0,0,0,0,0,10.0,10.0,1.0,1.0,34.0,8.0,827.0,2.0,2.0,Borno,8,7,0,0,7,64500.0,0.875,5,2,0,1,0,42,9,25.0,523250.0,7,1,50000.0
80104,4,1,1,4,4,1,0,1,1,0,1,1,13.0,13.0,1.0,1.0,35.0,8.0,827.0,2.0,2.0,Borno,11,9,0,0,5,47500.0,0.8181818181818182,5,4,5,1,1,42,13,25.0,2959500.0,7,0,0.0
80105,2,2,2,2,2,1,0,0,0,0,0,0,7.0,7.0,1.0,1.0,46.0,8.0,827.0,2.0,2.0,Borno,6,2,0,0,2,19000.0,0.3333333333333333,4,2,0,1,0,42,6,10.0,347000.0,7,1,30000.0
80106,2,0,0,2,2,0,0,0,0,0,0,0,2.0,2.0,6.0,2.0,47.0,8.0,827.0,2.0,2.0,Borno,2,2,0,0,1,6000.0,1.0,2,0,0,0,0,42,2,3.0,552000.0,7,0,0.0
80107,7,0,0,7,7,0,0,0,0,0,0,0,8.0,8.0,1.0,1.0,66.0,8.0,827.0,2.0,2.0,Borno,14,10,0,0,3,205000.0,0.7142857142857143,11,6,2,1,1,42,11,27.0,287000.0,7,0,0.0
80108,3,0,0,3,3,0,0,0,0,0,0,0,9.0,9.0,1.0,1.0,31.0,8.0,827.0,2.0,2.0,Borno,8,2,0,0,1,8000.0,0.25,6,2,0,1,0,42,7,22.0,109300.0,7,0,0.0
80109,2,1,0,2,2,1,0,0,0,0,0,0,5.0,5.0,2.0,2.0,54.0,8.0,827.0,2.0,2.0,Borno,5,5,0,0,3,11000.0,1.0,2,1,0,1,0,42,5,14.0,60000.0,7,1,10000.0
80110,1,0,0,1,1,0,0,0,0,0,0,0,3.0,3.0,2.0,2.0,48.0,8.0,827.0,2.0,2.0,Borno,4,2,0,0,1,3000.0,0.5,3,0,0,0,0,42,4,6.0,23000.0,7,0,0.0
89001,2,1,0,2,2,1,1,1,1,1,1,1,3.0,3.0,1.0,1.0,56.0,8.0,821.0,2.0,1.0,Borno,3,2,0,0,2,2500.0,0.6666666666666666,2,2,0,1,0,42,9,15.0,47500.0,7,0,0.0
89002,1,0,0,1,1,0,0,1,1,0,1,1,3.0,3.0,2.0,2.0,31.0,8.0,805.0,2.0,1.0,Borno,3,2,0,0,2,1800.0,0.6666666666666666,2,2,0,1,0,42,2,3.0,2200.0,7,0,0.0
89003,3,1,0,3,3,1,0,1,1,0,1,1,7.0,7.0,1.0,1.0,43.0,8.0,821.0,2.0,1.0,Borno,7,4,0,0,4,5000.0,0.5714285714285714,5,2,1,1,1,42,7,9.0,60000.0,7,0,0.0
89004,4,1,0,4,4,1,1,1,1,1,1,1,9.0,9.0,1.0,1.0,39.0,8.0,821.0,2.0,1.0,Borno,9,1,0,0,1,1200.0,0.1111111111111111,8,1,0,1,0,42,4,4.0,73000.0,7,0,0.0
89005,6,1,0,6,6,1,1,1,1,1,1,1,8.0,8.0,2.0,2.0,51.0,8.0,821.0,2.0,1.0,Borno,9,7,0,0,5,14900.0,0.7777777777777778,8,5,1,1,1,42,4,8.0,36700.0,7,0,0.0
89006,5,0,0,5,5,0,0,0,0,0,0,0,9.0,9.0,1.0,1.0,63.0,8.0,821.0,2.0,1.0,Borno,8,5,0,0,5,15000.0,0.625,6,3,0,1,0,42,6,17.0,35500.0,7,0,0.0
89007,2,1,0,2,2,1,1,1,1,1,1,1,9.0,9.0,1.0,1.0,60.0,8.0,821.0,2.0,1.0,Borno,5,2,0,0,2,2500.0,0.4,2,1,0,1,0,42,5,6.0,148000.0,7,0,0.0
89009,3,2,0,3,3,1,2,2,1,1,1,1,5.0,5.0,101.0,1.0,20.0,8.0,821.0,2.0,1.0,Borno,5,5,0,0,4,20000.0,1.0,3,3,1,1,1,42,7,15.0,152500.0,7,1,5000.0
89010,7,0,0,7,7,0,0,0,0,0,0,0,13.0,13.0,1.0,1.0,65.0,8.0,821.0,2.0,1.0,Borno,12,5,0,0,5,19500.0,0.4166666666666667,10,6,2,1,1,42,7,11.0,70800.0,7,0,0.0
89011,3,0,0,3,3,0,0,0,0,0,0,0,2.0,2.0,1.0,1.0,39.0,8.0,821.0,2.0,1.0,Borno,6,3,0,0,1,1500.0,0.5,5,1,0,1,0,42,4,8.0,45500.0,7,0,0.0
89015,2,0,0,2,2,0,0,1,0,0,1,0,11.0,11.0,1.0,1.0,36.0,8.0,821.0,2.0,1.0,Borno,10,0,2,0,2,20000.0,0.0,5,2,0,1,0,42,4,5.0,28500.0,7,0,0.0
89016,9,1,1,9,9,1,2,2,1,1,1,1,10.0,10.0,3.0,1.0,40.0,8.0,821.0,2.0,1.0,Borno,10,2,1,0,3,1000.0,0.2,10,7,3,1,1,42,6,15.0,48700.0,7,0,0.0
89017,3,0,0,3,3,0,0,1,0,0,1,0,7.0,7.0,1.0,1.0,34.0,8.0,821.0,2.0,1.0,Borno,5,2,1,0,1,3000.0,0.4,3,2,0,1,0,42,5,7.0,11300.0,7,1,50000.0
89019,3,0,1,3,3,1,0,0,0,0,0,0,7.0,7.0,1.0,1.0,66.0,8.0,821.0,2.0,1.0,Borno,7,3,0,0,3,102000.0,0.42857142857142855,6,2,0,1,0,42,6,12.0,367000.0,7,0,0.0
89020,4,2,0,4,4,1,3,2,2,1,1,1,12.0,12.0,2.0,2.0,46.0,8.0,821.0,2.0,1.0,Borno,12,4,3,0,6,31000.0,0.3333333333333333,7,5,1,1,1,42,3,8.0,7000.0,7,0,0.0
89021,7,0,0,7,7,0,0,0,6,0,0,1,9.0,9.0,1.0,1.0,60.0,35.0,3503.0,2.0,1.0,Yobe,9,7,0,0,0,0.0,0.7777777777777778,8,8,1,1,1,42,2,8.0,7900.0,7,0,0.0
89022,4,1,1,4,4,1,1,3,1,1,1,1,11.0,11.0,1.0,1.0,37.0,8.0,821.0,2.0,1.0,Borno,10,3,1,0,2,12000.0,0.3,7,3,1,1,1,42,8,11.0,138500.0,7,0,0.0
89023,5,0,0,5,5,0,0,0,0,0,0,0,7.0,7.0,1.0,1.0,74.0,8.0,821.0,2.0,1.0,Borno,7,5,0,0,4,21000.0,0.7142857142857143,7,4,1,1,1,42,4,11.0,10000.0,7,1,6000.0
89024,6,0,0,6,6,0,0,0,0,0,0,0,9.0,9.0,1.0,1.0,60.0,8.0,821.0,2.0,1.0,Borno,9,1,1,0,2,8000.0,0.1111111111111111,9,3,0,1,0,42,7,17.0,89500.0,7,0,0.0
89028,3,0,0,3,3,0,0,2,0,0,1,0,9.0,9.0,1.0,1.0,41.0,8.0,821.0,2.0,1.0,Borno,6,3,0,0,3,15000.0,0.5,5,3,1,1,1,42,7,7.0,31000.0,7,0,0.0
90001,3,2,1,3,3,1,1,1,3,1,1,1,4.0,4.0,1.0,1.0,50.0,9.0,908.0,5.0,1.0,Cross River,4,4,0,0,4,45000.0,1.0,4,1,1,1,1,42,14,16.0,352000.0,7,0,0.0
90002,2,2,2,2,2,1,2,0,0,1,0,0,2.0,2.0,1.0,1.0,48.0,9.0,902.0,5.0,1.0,Cross River,2,2,0,0,2,80000.0,1.0,2,2,0,1,0,42,5,8.0,21000.0,7,1,220000.0
90003,3,0,0,3,3,0,3,3,3,1,1,1,3.0,3.0,3.0,1.0,38.0,9.0,908.0,5.0,1.0,Cross River,3,1,0,1,2,7000.0,0.3333333333333333,3,3,1,1,1,42,2,2.0,4500.0,7,0,0.0
90004,4,1,1,4,4,1,1,1,1,1,1,1,6.0,6.0,1.0,1.0,48.0,9.0,908.0,5.0,1.0,Cross River,6,4,0,0,3,50000.0,0.6666666666666666,6,2,1,1,1,42,7,12.0,361000.0,7,0,0.0
90005,5,2,2,5,5,1,4,3,2,1,1,1,3.0,3.0,1.0,1.0,45.0,9.0,908.0,5.0,1.0,Cross River,5,3,0,0,3,35000.0,0.6,5,4,4,1,1,42,7,12.0,73000.0,7,0,0.0
90006,1,0,1,1,1,1,1,1,0,1,1,0,1.0,1.0,1.0,2.0,34.0,9.0,908.0,5.0,1.0,Cross River,3,1,0,0,1,10000.0,0.3333333333333333,2,1,0,1,0,42,4,4.0,35000.0,7,0,0.0
90007,3,1,2,3,3,1,1,0,2,1,0,1,8.0,8.0,1.0,1.0,54.0,3.0,312.0,5.0,2.0,Akwa Ibom,8,6,0,0,2,20000.0,0.75,5,2,2,1,1,42,8,16.0,31500.0,7,0,0.0
90009,3,1,0,3,3,1,1,0,1,1,0,1,3.0,3.0,1.0,1.0,62.0,9.0,908.0,5.0,1.0,Cross River,3,1,0,0,0,0.0,0.3333333333333333,3,3,3,1,1,42,11,26.0,441500.0,7,2,538000.0
90010,4,2,2,4,4,1,2,2,2,1,1,1,5.0,5.0,1.0,1.0,62.0,9.0,908.0,5.0,1.0,Cross River,5,2,0,0,2,387000.0,0.4,5,5,4,1,1,42,19,43.0,7236000.0,7,0,0.0
90021,1,0,1,1,1,1,0,0,0,0,0,0,1.0,1.0,7.0,2.0,65.0,9.0,915.0,5.0,1.0,Cross River,1,0,0,0,0,0.0,0.0,1,0,0,0,0,42,7,11.0,58000.0,7,1,70000.0
90022,1,0,0,1,1,0,0,0,0,0,0,0,1.0,1.0,1.0,2.0,58.0,9.0,915.0,5.0,1.0,Cross River,1,0,0,0,0,0.0,0.0,1,0,0,0,0,42,2,3.0,13000.0,7,0,0.0
90025,3,0,0,3,3,0,0,0,0,0,0,0,3.0,3.0,1.0,1.0,85.0,9.0,915.0,5.0,1.0,Cross River,3,1,0,0,0,0.0,0.3333333333333333,3,1,0,1,0,42,4,6.0,323500.0,7,1,50000.0
90027,3,0,0,3,3,0,0,0,0,0,0,0,3.0,3.0,1.0,2.0,56.0,9.0,915.0,5.0,1.0,Cross River,3,1,0,0,1,15000.0,0.3333333333333333,3,0,0,0,0,42,4,6.0,34000.0,7,0,0.0
90028,3,0,0,3,3,0,0,1,0,0,1,0,3.0,3.0,1.0,1.0,53.0,9.0,915.0,5.0,1.0,Cross River,4,1,0,1,2,150000.0,0.25,4,1,0,1,0,42,4,4.0,117500.0,7,0,0.0
90029,2,0,2,2,2,1,0,0,0,0,0,0,4.0,4.0,1.0,2.0,59.0,9.0,915.0,5.0,1.0,Cross River,3,3,0,0,0,0.0,1.0,3,0,0,0,0,42,2,5.0,5000.0,7,1,35000.0
90030,1,0,0,1,1,0,0,0,0,0,0,0,1.0,1.0,1.0,2.0,89.0,9.0,915.0,5.0,1.0,Cross River,1,0,0,0,0,0.0,0.0,1,0,0,0,0,42,3,4.0,15000.0,7,1,50000.0
90041,3,2,2,3,3,1,2,2,1,1,1,1,2.0,2.0,5101.0,2.0,30.0,9.0,901.0,5.0,2.0,Cross River,4,2,1,0,3,26500.0,0.5,4,3,2,1,1,42,4,6.0,23000.0,7,0,0.0
90042,1,0,0,1,1,0,0,0,0,0,0,0,1.0,1.0,2.0,1.0,35.0,9.0,901.0,5.0,2.0,Cross River,1,0,0,0,0,0.0,0.0,1,1,0,1,0,42,3,4.0,11000.0,7,0,0.0
90043,3,0,0,3,3,0,2,2,1,1,1,1,5.0,5.0,1.0,1.0,63.0,9.0,901.0,5.0,2.0,Cross River,5,2,0,0,0,0.0,0.4,4,2,0,1,0,42,7,14.0,138300.0,7,0,0.0
90044,4,1,4,4,4,1,1,0,0,1,0,0,6.0,6.0,1.0,1.0,79.0,9.0,901.0,5.0,2.0,Cross River,7,4,0,0,0,0.0,0.5714285714285714,4,2,2,1,1,42,7,14.0,301500.0,7,1,350000.0
90046,1,0,0,1,1,0,0,0,0,0,0,0,2.0,2.0,1.0,2.0,78.0,9.0,901.0,5.0,2.0,Cross River,2,1,0,0,1,16000.0,0.5,1,0,0,0,0,42,2,2.0,31000.0,7,0,0.0
90047,2,0,0,2,2,0,0,2,0,0,1,0,2.0,2.0,1.0,1.0,75.0,9.0,901.0,5.0,2.0,Cross River,3,1,0,0,1,20000.0,0.3333333333333333,3,2,0,1,0,42,5,7.0,114700.0,7,2,15000.0
90048,3,0,0,3,3,0,0,0,0,0,0,0,2.0,2.0,2.0,2.0,71.0,9.0,901.0,5.0,2.0,Cross River,3,0,0,0,0,0.0,0.0,3,2,2,1,1,42,3,4.0,20000.0,7,1,85000.0
90091,1,1,1,1,1,1,0,1,1,0,1,1,1.0,1.0,6.0,2.0,23.0,9.0,918.0,5.0,2.0,Cross River,1,0,0,0,0,0.0,0.0,1,1,1,1,1,42,3,3.0,40000.0,7,0,0.0
90092,9,0,6,9,9,1,0,0,0,0,0,0,8.0,8.0,1.0,1.0,68.0,9.0,918.0,5.0,2.0,Cross River,9,8,0,0,8,400000.0,0.8888888888888888,9,8,0,1,0,42,5,14.0,12307.0,7,1,400000.0
90093,4,0,2,4,4,1,0,2,0,0,1,0,3.0,3.0,1.0,1.0,87.0,9.0,918.0,5.0,2.0,Cross River,6,2,0,0,2,35000.0,0.3333333333333333,5,3,0,1,0,42,3,8.0,36000.0,7,0,0.0
90094,2,0,0,2,2,0,0,0,0,0,0,0,3.0,3.0,2.0,2.0,48.0,9.0,918.0,5.0,2.0,Cross River,3,1,0,0,1,3000.0,0.3333333333333333,3,1,0,1,0,42,1,2.0,1000.0,7,0,0.0
90095,2,0,0,2,2,0,0,0,0,0,0,0,3.0,3.0,1.0,1.0,71.0,9.0,918.0,5.0,2.0,Cross River,3,3,0,0,2,350000.0,1.0,3,0,0,0,0,42,6,8.0,122500.0,7,0,0.0
90096,2,0,2,2,2,1,0,0,0,0,0,0,5.0,5.0,7.0,1.0,38.0,9.0,918.0,5.0,2.0,Cross River,4,2,0,0,2,46000.0,0.5,2,2,0,1,0,42,5,7.0,21000.0,7,1,355000.0
90097,3,0,0,3,3,0,0,0,0,0,0,0,5.0,5.0,1.0,1.0,66.0,9.0,918.0,5.0,2.0,Cross River,5,2,0,0,2,237000.0,0.4,4,1,0,1,0,42,6,12.0,132000.0,7,0,0.0
90098,2,1,1,2,2,1,1,0,0,1,0,0,1.0,1.0,1.0,2.0,45.0,9.0,918.0,5.0,2.0,Cross River,2,1,0,0,1,70000.0,0.5,2,1,0,1,0,42,6,8.0,15309.0,7,1,320000.0
90099,1,0,0,1,1,0,0,0,0,0,0,0,1.0,1.0,1.0,2.0,63.0,9.0,918.0,5.0,2.0,Cross River,1,1,0,0,1,150000.0,1.0,1,0,0,0,0,42,4,4.0,90700.0,7,0,0.0
90100,4,1,3,4,4,1,1,0,1,1,0,1,6.0,6.0,1.0,1.0,46.0,9.0,918.0,5.0,2.0,Cross River,6,5,0,0,5,218000.0,0.8333333333333334,5,4,0,1,0,42,5,14.0,24000.0,7,1,420000.0
99001,2,1,0,2,2,1,1,0,1,1,0,1,2.0,2.0,1.0,1.0,40.0,9.0,905.0,5.0,2.0,Cross River,2,2,0,0,2,80000.0,1.0,2,1,0,1,0,42,6,11.0,25500.0,7,1,265000.0
99002,1,0,0,1,1,0,0,0,0,0,0,0,1.0,1.0,1.0,1.0,46.0,9.0,905.0,5.0,2.0,Cross River,1,1,0,0,1,35000.0,1.0,1,0,0,0,0,42,1,1.0,6000.0,7,1,155000.0
99003,2,1,1,2,2,1,2,1,1,1,1,1,1.0,1.0,1.0,1.0,62.0,9.0,905.0,5.0,2.0,Cross River,3,1,0,0,1,70000.0,0.3333333333333333,2,1,0,1,0,42,4,6.0,84500.0,7,0,0.0
99004,3,2,2,3,3,1,2,0,0,1,0,0,5.0,5.0,1.0,1.0,36.0,9.0,905.0,5.0,2.0,Cross River,5,1,0,0,1,50000.0,0.2,4,2,0,1,0,42,7,7.0,75000.0,7,0,0.0
99005,4,3,3,4,4,1,3,3,2,1,1,1,6.0,6.0,1302.0,1.0,44.0,37.0,3706.0,1.0,2.0,FCT,5,3,0,0,3,575000.0,0.6,4,3,3,1,1,42,15,25.0,313500.0,7,1,70000.0
99006,2,2,0,2,2,1,2,0,1,1,0,1,6.0,6.0,1.0,1.0,35.0,25.0,2504.0,1.0,2.0,Nasarawa,4,2,0,0,2,50000.0,0.5,2,2,2,1,1,42,16,21.0,1048500.0,7,0,0.0
99008,4,0,0,4,4,0,0,0,0,0,0,0,4.0,4.0,1.0,2.0,59.0,9.0,905.0,5.0,2.0,Cross River,4,4,0,0,1,350000.0,1.0,4,3,0,1,0,42,6,13.0,622100.0,7,0,0.0
99010,1,0,1,1,1,1,0,0,0,0,0,0,1.0,1.0,1.0,2.0,66.0,9.0,905.0,5.0,2.0,Cross River,1,0,0,0,0,0.0,0.0,1,0,0,0,0,42,2,2.0,2500.0,7,0,0.0
99011,2,0,0,2,2,0,0,0,0,0,0,0,2.0,2.0,1.0,2.0,85.0,9.0,905.0,5.0,2.0,Cross River,2,1,0,0,0,0.0,0.5,2,0,0,0,0,42,4,5.0,99000.0,7,0,0.0
99013,2,0,1,2,2,1,0,0,0,0,0,0,2.0,2.0,1.0,1.0,31.0,9.0,915.0,5.0,1.0,Cross River,2,2,0,0,2,58000.0,1.0,2,0,0,0,0,42,5,7.0,44500.0,7,1,210000.0
99014,3,2,2,3,3,1,2,0,0,1,0,0,2.0,2.0,1.0,2.0,66.0,9.0,908.0,5.0,1.0,Cross River,3,3,0,0,3,34000.0,1.0,3,2,0,1,0,42,4,7.0,47500.0,7,0,0.0
99015,1,0,0,1,1,0,0,0,0,0,0,0,1.0,1.0,1.0,2.0,44.0,9.0,908.0,5.0,1.0,Cross River,1,1,0,0,1,30000.0,1.0,1,0,0,0,0,42,4,5.0,46500.0,7,0,0.0
99016,3,2,0,3,3,1,2,0,0,1,0,0,5.0,5.0,1.0,1.0,30.0,9.0,908.0,5.0,1.0,Cross River,4,4,0,0,1,15000.0,1.0,4,3,4,1,1,42,12,18.0,474000.0,7,1,200000.0
99017,2,1,1,2,2,1,1,1,0,1,1,0,2.0,2.0,4.0,1.0,56.0,9.0,908.0,5.0,1.0,Cross River,2,1,1,0,2,32000.0,0.5,2,1,1,1,1,42,5,7.0,60000.0,7,0,0.0
99019,1,1,1,1,1,1,1,0,0,1,0,0,2.0,2.0,2.0,2.0,33.0,9.0,908.0,5.0,1.0,Cross River,2,1,0,0,1,28500.0,0.5,2,1,1,1,1,42,9,10.0,164500.0,7,1,135000.0
99020,3,2,1,3,3,1,2,3,2,1,1,1,4.0,4.0,1.0,1.0,39.0,9.0,908.0,5.0,1.0,Cross River,4,2,0,0,2,25000.0,0.5,3,3,3,1,1,42,11,17.0,592000.0,7,1,2500.0
99021,1,1,1,1,1,1,1,0,0,1,0,0,1.0,1.0,1.0,2.0,42.0,9.0,908.0,5.0,1.0,Cross River,1,0,1,0,1,30000.0,0.0,1,1,0,1,0,42,10,19.0,155000.0,7,1,20000.0
99023,2,2,2,2,2,1,2,2,0,1,1,0,4.0,4.0,1.0,1.0,27.0,9.0,908.0,5.0,1.0,Cross River,3,1,0,0,1,25000.0,0.3333333333333333,2,2,2,1,1,42,9,10.0,224000.0,7,0,0.0
99026,1,1,1,1,1,1,1,1,0,1,1,0,1.0,1.0,1.0,1.0,28.0,9.0,909.0,5.0,1.0,Cross River,1,1,0,0,1,23000.0,1.0,1,1,1,1,1,42,10,13.0,331000.0,7,0,0.0
99027,4,4,0,4,4,1,4,4,3,1,1,1,7.0,7.0,1.0,1.0,47.0,9.0,909.0,5.0,1.0,Cross River,7,4,0,0,4,200000.0,0.5714285714285714,5,5,5,1,1,42,12,25.0,535500.0,7,1,200000.0
99029,2,0,0,2,2,0,2,2,0,1,1,0,1.0,1.0,1.0,1.0,44.0,9.0,909.0,5.0,1.0,Cross River,2,1,1,0,2,55000.0,0.5,2,0,1,0,1,42,7,12.0,39000.0,7,2,320000.0
99030,1,0,0,1,1,0,0,0,0,0,0,0,1.0,1.0,2.0,2.0,39.0,9.0,909.0,5.0,1.0,Cross River,1,1,0,0,1,20000.0,1.0,1,1,0,1,0,42,3,3.0,70000.0,7,0,0.0
99031,1,0,1,1,1,1,1,1,1,1,1,1,1.0,1.0,1.0,1.0,44.0,9.0,909.0,5.0,1.0,Cross River,1,1,0,0,1,35000.0,1.0,1,1,0,1,0,42,9,15.0,609000.0,7,0,0.0
99032,6,3,1,6,6,1,6,6,2,1,1,1,2.0,2.0,1.0,2.0,51.0,9.0,909.0,5.0,1.0,Cross River,8,2,0,0,2,15700.0,0.25,8,8,8,1,1,42,15,29.0,257000.0,7,1,300000.0
99033,1,1,0,1,1,1,1,1,1,1,1,1,4.0,4.0,1.0,2.0,61.0,9.0,909.0,5.0,1.0,Cross River,2,1,0,0,1,35000.0,0.5,2,2,0,1,0,42,8,13.0,545000.0,7,0,0.0
99034,3,2,2,3,3,1,2,2,2,1,1,1,7.0,7.0,1.0,1.0,41.0,9.0,909.0,5.0,1.0,Cross River,4,1,1,0,3,200000.0,0.25,3,2,2,1,1,42,14,20.0,1017000.0,7,0,0.0
99035,4,3,2,4,4,1,4,4,1,1,1,1,4.0,4.0,1.0,1.0,31.0,9.0,909.0,5.0,1.0,Cross River,4,3,0,0,3,75000.0,0.75,4,4,4,1,1,42,14,22.0,355000.0,7,0,0.0
99036,2,1,1,2,2,1,0,0,1,0,0,1,6.0,6.0,1.0,1.0,34.0,9.0,909.0,5.0,1.0,Cross River,4,2,0,0,2,30000.0,0.5,2,1,1,1,1,42,16,19.0,497000.0,7,0,0.0
99037,1,1,1,1,1,1,0,0,0,0,0,0,2.0,2.0,2.0,2.0,29.0,9.0,910.0,5.0,2.0,Cross River,2,1,0,0,1,4000.0,0.5,2,0,0,0,0,42,2,6.0,4500.0,7,0,0.0
99038,3,0,0,3,3,0,2,1,1,1,1,1,2.0,2.0,1.0,2.0,69.0,9.0,910.0,5.0,2.0,Cross River,4,0,1,0,0,0.0,0.0,4,2,0,1,0,42,2,3.0,10500.0,7,0,0.0
99040,5,1,1,5,5,1,1,0,0,1,0,0,5.0,5.0,1.0,1.0,63.0,9.0,910.0,5.0,2.0,Cross River,5,3,2,0,5,200000.0,0.6,5,2,0,1,0,42,5,12.0,26500.0,7,1,350000.0
99041,1,0,0,1,1,0,0,0,0,0,0,0,2.0,2.0,1.0,2.0,54.0,9.0,910.0,5.0,2.0,Cross River,2,1,0,0,0,0.0,0.5,1,0,0,0,0,42,4,4.0,101000.0,7,0,0.0
99043,7,1,3,7,7,1,1,0,0,1,0,0,9.0,9.0,1.0,1.0,50.0,9.0,910.0,5.0,2.0,Cross River,12,9,0,0,9,880000.0,0.75,10,7,0,1,0,42,8,23.0,260000.0,7,1,650000.0
99044,2,0,0,2,2,0,0,0,0,0,0,0,4.0,4.0,1.0,1.0,54.0,9.0,910.0,5.0,2.0,Cross River,4,2,0,0,0,0.0,0.5,4,2,0,1,0,42,5,9.0,19212.0,7,0,0.0
99045,4,2,1,4,4,1,2,0,2,1,0,1,7.0,7.0,1.0,2.0,45.0,9.0,910.0,5.0,2.0,Cross River,7,4,0,0,4,240000.0,0.5714285714285714,5,3,0,1,0,42,5,10.0,25000.0,7,1,375000.0
99046,3,3,3,3,3,1,1,0,0,1,0,0,3.0,3.0,1.0,2.0,56.0,9.0,910.0,5.0,2.0,Cross River,3,1,0,0,1,20000.0,0.3333333333333333,3,2,1,1,1,42,12,19.0,221500.0,7,0,0.0
99048,3,2,0,3,3,1,2,0,0,1,0,0,5.0,5.0,1.0,2.0,39.0,9.0,910.0,5.0,2.0,Cross River,5,4,0,0,4,180000.0,0.8,4,1,0,1,0,42,6,9.0,49500.0,7,1,285000.0
99051,2,1,1,2,2,1,1,0,2,1,0,1,2.0,2.0,1.0,2.0,71.0,9.0,910.0,5.0,2.0,Cross River,3,3,0,0,3,180000.0,1.0,3,1,0,1,0,42,4,7.0,30000.0,7,1,289000.0
99052,1,0,1,1,1,1,0,0,0,0,0,0,1.0,1.0,1.0,1.0,47.0,9.0,910.0,5.0,2.0,Cross River,1,1,0,0,1,30000.0,1.0,1,0,0,0,0,42,4,15.0,44500.0,7,0,0.0
99053,4,1,1,4,4,1,1,0,0,1,0,0,6.0,6.0,1.0,1.0,65.0,9.0,910.0,5.0,2.0,Cross River,6,5,0,0,5,225000.0,0.8333333333333334,6,1,0,1,0,42,6,14.0,29000.0,7,1,480000.0
99054,3,0,0,3,3,0,0,0,0,0,0,0,5.0,5.0,1.0,1.0,45.0,9.0,910.0,5.0,2.0,Cross River,5,2,0,0,0,0.0,0.4,3,2,0,1,0,42,5,5.0,180000.0,7,0,0.0
99055,2,1,2,2,2,1,1,1,1,1,1,1,4.0,4.0,1.0,1.0,46.0,9.0,910.0,5.0,2.0,Cross River,5,0,1,0,1,25000.0,0.0,3,2,1,1,1,42,12,15.0,148000.0,7,0,0.0
99056,2,0,1,2,2,1,1,1,0,1,1,0,4.0,4.0,1.0,1.0,40.0,9.0,910.0,5.0,2.0,Cross River,4,1,0,0,1,200000.0,0.25,3,2,1,1,1,42,12,14.0,358500.0,7,0,0.0
99058,1,0,1,1,1,1,1,0,1,1,0,1,2.0,2.0,2.0,2.0,49.0,9.0,910.0,5.0,2.0,Cross River,2,1,1,0,2,70000.0,0.5,2,1,0,1,0,42,4,5.0,25500.0,7,1,250000.0
99059,1,0,1,1,1,1,0,0,0,0,0,0,1.0,1.0,1.0,1.0,57.0,9.0,910.0,5.0,2.0,Cross River,1,0,0,0,0,0.0,0.0,1,0,0,0,0,42,3,4.0,63000.0,7,0,0.0
99061,3,1,2,3,3,1,1,0,0,1,0,0,3.0,3.0,1.0,2.0,58.0,9.0,913.0,5.0,2.0,Cross River,3,2,0,0,3,114500.0,0.6666666666666666,3,2,0,1,0,42,5,9.0,44500.0,7,1,505000.0
99062,4,2,2,4,4,1,2,0,0,1,0,0,5.0,5.0,1.0,1.0,36.0,9.0,913.0,5.0,2.0,Cross River,5,4,0,0,4,71000.0,0.8,4,2,0,1,0,42,6,12.0,59000.0,7,1,395000.0
99064,1,0,1,1,1,1,0,1,0,0,1,0,1.0,1.0,1.0,2.0,54.0,9.0,913.0,5.0,2.0,Cross River,1,1,0,0,1,36000.0,1.0,1,1,0,1,0,42,4,4.0,29800.0,7,1,355000.0
99065,1,0,0,1,1,0,0,0,0,0,0,0,1.0,1.0,1.0,2.0,73.0,9.0,913.0,5.0,2.0,Cross River,1,0,0,0,0,0.0,0.0,1,0,0,0,0,42,4,5.0,25500.0,7,0,0.0
99066,1,0,0,1,1,0,0,1,0,0,1,0,,,,,,,,,,,1,1,0,0,1,25000.0,1.0,1,0,0,0,0,42,4,4.0,67000.0,7,0,0.0
99068,3,0,0,3,3,0,0,0,0,0,0,0,3.0,3.0,2.0,1.0,71.0,9.0,913.0,5.0,2.0,Cross River,3,2,0,0,2,3000.0,0.6666666666666666,3,2,0,1,0,42,5,6.0,36500.0,7,0,0.0
99070,3,0,0,3,3,0,0,0,0,0,0,0,5.0,5.0,1.0,1.0,38.0,9.0,913.0,5.0,2.0,Cross River,5,3,0,0,1,5000.0,0.6,4,1,0,1,0,42,5,7.0,110000.0,7,0,0.0
99071,2,0,0,2,2,0,0,0,0,0,0,0,3.0,3.0,1.0,2.0,78.0,9.0,913.0,5.0,2.0,Cross River,3,1,0,0,1,1500.0,0.3333333333333333,2,1,0,1,0,42,2,2.0,13000.0,7,1,20000.0
99072,1,0,0,1,1,0,0,0,0,0,0,0,1.0,1.0,1.0,1.0,60.0,9.0,913.0,5.0,2.0,Cross River,1,0,0,0,0,0.0,0.0,1,1,0,1,0,42,4,4.0,45000.0,7,0,0.0
99074,4,1,1,4,4,1,1,2,1,1,1,1,7.0,7.0,1.0,1.0,71.0,9.0,917.0,5.0,2.0,Cross River,6,2,0,0,2,14500.0,0.3333333333333333,5,2,1,1,1,42,10,18.0,121500.0,7,0,0.0
99075,4,0,1,4,4,1,1,0,0,1,0,0,7.0,7.0,1.0,1.0,52.0,9.0,917.0,5.0,2.0,Cross River,7,5,0,0,5,225000.0,0.7142857142857143,6,5,0,1,0,42,5,14.0,32000.0,7,1,420000.0
99076,3,1,2,3,3,1,1,2,0,1,1,0,7.0,7.0,1.0,1.0,39.0,9.0,917.0,5.0,2.0,Cross River,7,3,0,0,3,90000.0,0.42857142857142855,5,3,2,1,1,42,9,13.0,96000.0,7,0,0.0
99077,5,1,1,5,5,1,1,1,1,1,1,1,5.0,5.0,1.0,2.0,40.0,9.0,917.0,5.0,2.0,Cross River,5,1,0,0,0,0.0,0.2,5,4,2,1,1,42,16,23.0,1493200.0,7,0,0.0
99079,3,2,2,3,3,1,2,2,0,1,1,0,4.0,4.0,1.0,1.0,36.0,9.0,917.0,5.0,2.0,Cross River,4,3,0,0,3,405000.0,0.75,4,2,2,1,1,42,7,11.0,59000.0,7,0,0.0
99080,3,3,3,3,3,1,1,2,1,1,1,1,4.0,4.0,1.0,1.0,65.0,9.0,917.0,5.0,2.0,Cross River,4,2,0,0,2,45000.0,0.5,4,1,1,1,1,42,8,17.0,60500.0,7,0,0.0
99081,1,1,0,1,1,1,1,0,0,1,0,0,,,,,,,,,,,1,1,0,0,1,53000.0,1.0,1,1,1,1,1,42,5,6.0,93500.0,7,1,350000.0
99082,3,0,0,3,3,0,1,1,0,1,1,0,3.0,3.0,1.0,1.0,83.0,9.0,917.0,5.0,2.0,Cross River,3,0,0,0,0,0.0,0.0,3,1,0,1,0,42,7,34.0,405100.0,7,1,20000.0
99083,2,0,0,2,2,0,0,0,0,0,0,0,2.0,2.0,1.0,2.0,64.0,9.0,917.0,5.0,2.0,Cross River,2,1,0,0,0,0.0,0.5,2,0,0,0,0,42,3,3.0,48500.0,7,0,0.0
99088,2,0,0,2,2,0,0,0,0,0,0,0,3.0,3.0,1.0,1.0,25.0,9.0,908.0,5.0,1.0,Cross River,2,2,0,0,1,150000.0,1.0,2,1,0,1,0,42,3,4.0,65000.0,7,0,0.0
99094,3,3,3,3,3,1,0,0,0,0,0,0,5.0,5.0,1.0,1.0,69.0,9.0,910.0,5.0,2.0,Cross River,5,1,0,0,1,1500.0,0.2,3,0,0,0,0,42,1,4.0,8000.0,7,0,0.0
99096,3,0,0,3,3,0,0,0,0,0,0,0,3.0,3.0,1.0,1.0,44.0,9.0,913.0,5.0,2.0,Cross River,3,2,0,0,0,0.0,0.6666666666666666,3,3,2,1,1,42,10,14.0,914000.0,7,0,0.0
99098,2,0,2,2,2,1,0,0,0,0,0,0,2.0,2.0,1.0,2.0,84.0,9.0,917.0,5.0,2.0,Cross River,2,2,0,0,2,60000.0,1.0,2,2,0,1,0,42,5,8.0,48000.0,7,1,360000.0
100031,3,0,0,3,3,0,0,1,0,0,1,0,4.0,4.0,1.0,1.0,71.0,10.0,1008.0,5.0,2.0,Delta,3,1,1,0,2,70000.0,0.3333333333333333,3,3,0,1,0,42,7,15.0,852000.0,7,0,0.0
100032,5,5,5,5,5,1,2,2,1,1,1,1,7.0,7.0,1.0,1.0,71.0,10.0,1008.0,5.0,2.0,Delta,7,7,0,0,7,1253000.0,1.0,7,7,0,1,0,42,9,15.0,515000.0,7,0,0.0
100034,3,3,3,3,3,1,1,1,0,1,1,0,3.0,3.0,2.0,2.0,63.0,10.0,1008.0,5.0,2.0,Delta,3,3,0,0,3,765000.0,1.0,3,3,1,1,1,42,8,14.0,432000.0,7,0,0.0
100035,4,0,0,4,4,0,2,0,0,1,0,0,5.0,5.0,1.0,1.0,54.0,10.0,1008.0,5.0,2.0,Delta,5,2,0,0,1,50000.0,0.4,5,5,0,1,0,42,8,15.0,946000.0,7,0,0.0
100036,3,0,0,3,3,0,1,1,0,1,1,0,4.0,4.0,2.0,2.0,59.0,10.0,1008.0,5.0,2.0,Delta,4,2,0,0,1,45000.0,0.5,4,4,0,1,0,42,8,13.0,686000.0,7,0,0.0
100037,1,0,0,1,1,0,0,0,0,0,0,0,2.0,2.0,1.0,2.0,52.0,10.0,1008.0,5.0,2.0,Delta,2,2,0,0,2,10000.0,1.0,2,1,0,1,0,42,4,6.0,108800.0,7,0,0.0
100038,1,1,0,1,1,1,1,1,1,1,1,1,3.0,3.0,1.0,2.0,52.0,10.0,1008.0,5.0,2.0,Delta,2,1,0,0,1,74000.0,0.5,1,1,1,1,1,42,14,20.0,336000.0,7,1,20000.0
100039,1,0,0,1,1,0,0,0,0,0,0,0,1.0,1.0,1.0,2.0,64.0,10.0,1008.0,5.0,2.0,Delta,1,1,0,0,0,0.0,1.0,1,0,0,0,0,42,4,4.0,551000.0,7,0,0.0
100040,3,1,0,3,3,1,1,1,0,1,1,0,6.0,6.0,6.0,1.0,51.0,10.0,1008.0,5.0,2.0,Delta,6,3,0,0,3,90000.0,0.5,4,3,1,1,1,42,4,10.0,134000.0,7,0,0.0
100111,5,0,0,5,5,0,5,5,1,1,1,1,5.0,5.0,1.0,1.0,60.0,10.0,1018.0,5.0,1.0,Delta,5,1,0,0,1,20000.0,0.2,5,5,5,1,1,42,16,38.0,85000.0,7,1,240000.0
100113,2,1,0,2,2,1,2,0,0,1,0,0,2.0,2.0,1.0,1.0,71.0,10.0,1018.0,5.0,1.0,Delta,2,1,0,0,1,80000.0,0.5,2,2,0,1,0,42,10,22.0,100000.0,7,1,204000.0
100115,1,0,0,1,1,0,1,1,1,1,1,1,1.0,1.0,1.0,1.0,69.0,10.0,1018.0,5.0,1.0,Delta,1,1,0,0,0,0.0,1.0,1,1,1,1,1,42,14,19.0,1321500.0,7,1,180000.0
100117,5,3,0,5,5,1,3,0,0,1,0,0,5.0,5.0,1.0,1.0,72.0,10.0,1018.0,5.0,1.0,Delta,5,2,0,0,2,100000.0,0.4,5,5,3,1,1,42,14,22.0,1712000.0,7,1,180000.0
100118,4,0,0,4,4,0,2,1,0,1,1,0,4.0,4.0,1.0,1.0,78.0,10.0,1018.0,5.0,1.0,Delta,4,1,0,0,1,0.0,0.25,4,4,3,1,1,42,8,9.0,56500.0,7,0,0.0
100119,4,0,0,4,4,0,4,1,0,1,1,0,4.0,4.0,1.0,1.0,70.0,10.0,1019.0,5.0,1.0,Delta,4,1,0,0,1,50000.0,0.25,4,4,4,1,1,42,15,29.0,2565000.0,7,0,0.0
100120,8,4,0,8,8,1,4,0,0,1,0,0,11.0,11.0,1.0,2.0,78.0,10.0,1018.0,5.0,1.0,Delta,13,5,1,0,5,221500.0,0.38461538461538464,11,8,5,1,1,42,18,47.0,1957000.0,7,0,0.0
100131,6,5,1,6,6,1,6,0,0,1,0,0,6.0,6.0,1.0,1.0,61.0,10.0,1025.0,5.0,2.0,Delta,6,3,0,0,3,245000.0,0.5,6,6,6,1,1,42,14,28.0,269000.0,7,0,0.0
100132,2,0,0,2,2,0,2,2,2,1,1,1,2.0,2.0,1401.0,1.0,50.0,10.0,1025.0,5.0,2.0,Delta,2,2,0,0,2,230000.0,1.0,2,2,2,1,1,42,18,24.0,629500.0,7,1,500.0
100133,3,2,1,3,3,1,3,0,0,1,0,0,3.0,3.0,2.0,2.0,60.0,10.0,1025.0,5.0,2.0,Delta,4,1,0,0,1,1000.0,0.25,3,3,2,1,1,42,10,23.0,137000.0,7,0,0.0
100134,1,0,0,1,1,0,0,1,1,0,1,1,1.0,1.0,6.0,1.0,25.0,10.0,1025.0,5.0,2.0,Delta,1,1,0,0,1,20000.0,1.0,1,1,0,1,0,42,1,1.0,8000.0,7,1,10000.0
100135,3,0,1,3,3,1,3,0,0,1,0,0,3.0,3.0,3.0,1.0,67.0,10.0,1025.0,5.0,2.0,Delta,3,2,0,0,2,75000.0,0.6666666666666666,3,3,1,1,1,42,5,10.0,44000.0,7,0,0.0
100136,2,1,2,2,2,1,2,2,2,1,1,1,3.0,3.0,1.0,1.0,49.0,10.0,1025.0,5.0,2.0,Delta,3,0,0,0,2,180000.0,0.0,3,3,3,1,1,42,12,14.0,381000.0,7,0,0.0
100138,3,2,0,3,3,1,2,0,0,1,0,0,3.0,3.0,2.0,2.0,56.0,10.0,1025.0,5.0,2.0,Delta,3,2,0,0,2,90000.0,0.6666666666666666,3,3,2,1,1,42,16,24.0,356500.0,7,0,0.0
109005,6,2,2,6,6,1,5,2,0,1,1,0,6.0,6.0,2.0,2.0,64.0,10.0,1002.0,5.0,1.0,Delta,6,3,1,0,3,145000.0,0.5,6,6,4,1,1,42,10,10.0,291500.0,7,0,0.0
109006,2,1,0,2,2,1,2,2,0,1,1,0,4.0,4.0,1.0,1.0,42.0,10.0,1002.0,5.0,1.0,Delta,2,1,0,0,1,30000.0,0.5,2,2,2,1,1,42,10,14.0,307000.0,7,0,0.0
109007,3,1,2,3,3,1,1,2,1,1,1,1,5.0,5.0,1.0,1.0,34.0,10.0,1002.0,5.0,1.0,Delta,6,2,0,0,1,15000.0,0.3333333333333333,4,4,0,1,0,42,11,19.0,156550.0,7,1,350000.0
109008,2,1,0,2,2,1,1,1,1,1,1,1,2.0,2.0,1.0,2.0,77.0,10.0,1002.0,5.0,1.0,Delta,2,2,0,0,1,30000.0,1.0,2,2,1,1,1,42,3,5.0,318000.0,7,0,0.0
109009,6,1,3,6,6,1,4,3,0,1,1,0,7.0,7.0,1.0,1.0,66.0,10.0,1002.0,5.0,1.0,Delta,7,5,0,0,5,175000.0,0.7142857142857143,7,5,4,1,1,42,12,26.0,657500.0,7,0,0.0
109011,1,1,1,1,1,1,1,1,1,1,1,1,1.0,1.0,1.0,1.0,54.0,10.0,1002.0,5.0,1.0,Delta,1,0,0,0,1,400000.0,0.0,1,1,0,1,0,42,9,12.0,409500.0,7,1,9000.0
109012,4,4,2,4,4,1,3,4,4,1,1,1,7.0,7.0,1.0,2.0,45.0,10.0,1002.0,5.0,1.0,Delta,7,1,0,0,1,150000.0,0.14285714285714285,6,6,5,1,1,42,13,31.0,288500.0,7,0,0.0
109013,2,0,1,2,2,1,0,0,0,0,0,0,4.0,4.0,1.0,2.0,50.0,10.0,1006.0,5.0,2.0,Delta,4,1,0,0,1,15000.0,0.25,2,1,1,1,1,42,4,5.0,18500.0,7,0,0.0
109014,4,2,2,4,4,1,2,2,0,1,1,0,5.0,5.0,1.0,1.0,38.0,10.0,1006.0,5.0,2.0,Delta,5,5,0,0,5,35000.0,1.0,4,4,1,1,1,42,12,19.0,332500.0,7,0,0.0
109016,2,1,0,2,2,1,1,1,0,1,1,0,4.0,4.0,1.0,1.0,35.0,10.0,1006.0,5.0,2.0,Delta,4,2,0,0,2,60000.0,0.5,2,2,2,1,1,42,7,9.0,144500.0,7,0,0.0
109017,2,1,2,2,2,1,0,0,0,0,0,0,2.0,2.0,1.0,1.0,82.0,10.0,1006.0,5.0,2.0,Delta,2,0,1,0,1,20000.0,0.0,2,0,0,0,0,42,7,13.0,68000.0,7,2,45000.0
109018,1,0,1,1,1,1,0,0,0,0,0,0,1.0,1.0,1.0,2.0,60.0,10.0,1006.0,5.0,2.0,Delta,1,1,0,0,1,5000.0,1.0,1,1,0,1,0,42,4,4.0,5500.0,7,0,0.0
109019,3,0,0,3,3,0,1,0,0,1,0,0,7.0,7.0,1.0,2.0,97.0,10.0,1006.0,5.0,2.0,Delta,6,2,0,0,2,55000.0,0.3333333333333333,5,2,0,1,0,42,5,6.0,144000.0,7,0,0.0
109020,4,0,0,4,4,0,0,0,0,0,0,0,3.0,3.0,1.0,1.0,103.0,10.0,1006.0,5.0,2.0,Delta,4,3,0,0,0,0.0,0.75,4,3,0,1,0,42,7,10.0,172500.0,7,0,0.0
109021,4,3,3,4,4,1,1,4,0,1,1,0,9.0,9.0,1.0,1.0,49.0,10.0,1006.0,5.0,2.0,Delta,8,4,0,0,3,265500.0,0.5,6,5,3,1,1,42,12,18.0,113100.0,7,1,30000.0
109022,2,2,1,2,2,1,2,2,0,1,1,0,2.0,2.0,1.0,1.0,31.0,10.0,1006.0,5.0,2.0,Delta,2,1,1,0,2,14500.0,0.5,2,2,1,1,1,42,17,19.0,569500.0,7,0,0.0
109023,2,0,0,2,2,0,1,0,0,1,0,0,3.0,3.0,1.0,1.0,38.0,10.0,1006.0,5.0,2.0,Delta,2,2,0,0,2,60000.0,1.0,2,2,0,1,0,42,5,7.0,258000.0,7,0,0.0
109025,2,2,2,2,2,1,2,1,1,1,1,1,3.0,3.0,1.0,1.0,33.0,10.0,1006.0,5.0,2.0,Delta,3,2,0,0,2,38000.0,0.6666666666666666,2,2,1,1,1,42,12,16.0,218500.0,7,1,20000.0
109026,1,0,0,1,1,0,0,0,0,0,0,0,1.0,1.0,1.0,2.0,78.0,10.0,1006.0,5.0,2.0,Delta,1,1,0,0,0,0.0,1.0,1,0,0,0,0,42,1,1.0,50000.0,7,0,0.0
109028,1,0,0,1,1,0,0,0,0,0,0,0,3.0,3.0,2.0,2.0,52.0,10.0,1006.0,5.0,2.0,Delta,3,1,0,0,0,0.0,0.3333333333333333,2,1,0,1,0,42,4,7.0,120000.0,7,0,0.0
109029,2,0,0,2,2,0,0,0,0,0,0,0,4.0,4.0,1.0,2.0,87.0,10.0,1006.0,5.0,2.0,Delta,4,1,0,0,0,0.0,0.25,4,1,0,1,0,42,4,5.0,84000.0,7,0,0.0
109031,1,0,1,1,1,1,0,0,0,0,0,0,1.0,1.0,1.0,2.0,84.0,10.0,1006.0,5.0,2.0,Delta,1,0,0,0,0,0.0,0.0,1,0,0,0,0,42,9,10.0,76700.0,7,1,12000.0
109032,3,3,2,3,3,1,3,2,0,1,1,0,6.0,6.0,1.0,1.0,53.0,10.0,1006.0,5.0,2.0,Delta,5,3,0,0,3,2500.0,0.6,4,4,0,1,0,42,13,20.0,492000.0,7,1,35000.0
109033,2,1,0,2,2,1,1,1,0,1,1,0,6.0,6.0,1.0,1.0,35.0,10.0,1006.0,5.0,2.0,Delta,6,1,0,0,1,300000.0,0.16666666666666666,4,2,2,1,1,42,6,10.0,124000.0,7,0,0.0
109034,1,1,1,1,1,1,1,1,0,1,1,0,1.0,1.0,1.0,1.0,37.0,10.0,1006.0,5.0,2.0,Delta,1,1,0,0,1,20000.0,1.0,1,1,1,1,1,42,6,6.0,246500.0,7,0,0.0
109035,2,0,0,2,2,0,1,1,0,1,1,0,4.0,4.0,1.0,1.0,50.0,10.0,1006.0,5.0,2.0,Delta,4,0,0,0,0,0.0,0.0,4,2,0,1,0,42,6,9.0,13700.0,7,0,0.0
109037,1,0,0,1,1,0,0,0,0,0,0,0,1.0,1.0,2.0,2.0,82.0,10.0,1007.0,5.0,1.0,Delta,1,0,0,0,0,0.0,0.0,1,0,0,0,0,42,2,2.0,3200.0,7,1,30000.0
109038,3,0,0,3,3,0,1,1,0,1,1,0,5.0,5.0,1.0,1.0,70.0,10.0,1007.0,5.0,1.0,Delta,5,2,0,0,0,0.0,0.4,5,2,0,1,0,42,4,10.0,111000.0,7,0,0.0
109040,2,2,2,2,2,1,2,1,0,1,1,0,2.0,2.0,1.0,1.0,73.0,10.0,1007.0,5.0,1.0,Delta,2,2,0,0,2,700000.0,1.0,2,2,0,1,0,42,11,20.0,373100.0,7,0,0.0
109041,3,1,0,3,3,1,3,1,0,1,1,0,4.0,4.0,1301.0,1.0,54.0,10.0,1007.0,5.0,1.0,Delta,4,2,0,0,1,72000.0,0.5,4,3,1,1,1,42,8,13.0,796000.0,7,0,0.0
109042,2,0,0,2,2,0,1,0,0,1,0,0,2.0,2.0,1.0,1.0,61.0,10.0,1007.0,5.0,1.0,Delta,2,2,0,0,2,10000.0,1.0,2,1,0,1,0,42,3,4.0,127000.0,7,0,0.0
109043,1,0,0,1,1,0,1,1,0,1,1,0,1.0,1.0,1.0,2.0,48.0,10.0,1007.0,5.0,1.0,Delta,1,1,0,0,1,10000.0,1.0,1,1,0,1,0,42,3,3.0,70011.0,7,0,0.0
109046,3,2,3,3,3,1,0,0,0,0,0,0,5.0,5.0,1.0,2.0,79.0,10.0,1007.0,5.0,1.0,Delta,4,1,0,0,1,25000.0,0.25,3,0,0,0,0,42,5,9.0,17300.0,7,0,0.0
109047,2,1,0,2,2,1,1,1,0,1,1,0,3.0,3.0,1.0,1.0,50.0,10.0,1007.0,5.0,1.0,Delta,3,2,0,0,2,62000.0,0.6666666666666666,3,1,0,1,0,42,7,12.0,145000.0,7,0,0.0
109048,1,1,1,1,1,1,1,1,1,1,1,1,2.0,2.0,2.0,2.0,36.0,10.0,1012.0,5.0,2.0,Delta,2,1,0,0,1,20000.0,0.5,1,1,1,1,1,42,12,14.0,661500.0,7,0,0.0
109049,6,3,3,6,6,1,4,2,2,1,1,1,8.0,8.0,1.0,1.0,52.0,10.0,1012.0,5.0,2.0,Delta,6,4,0,0,4,206000.0,0.6666666666666666,6,6,1,1,1,42,14,25.0,507200.0,7,0,0.0
109052,2,0,0,2,2,0,0,0,0,0,0,0,7.0,7.0,1.0,1.0,45.0,10.0,1012.0,5.0,2.0,Delta,6,3,0,0,3,45000.0,0.5,4,2,1,1,1,42,5,7.0,138800.0,7,0,0.0
109053,4,0,0,4,4,0,1,0,0,1,0,0,4.0,4.0,1.0,1.0,57.0,10.0,1012.0,5.0,2.0,Delta,4,1,0,0,1,20000.0,0.25,4,1,0,1,0,42,5,8.0,641000.0,7,0,0.0
109054,1,1,0,1,1,1,1,1,1,1,1,1,1.0,1.0,1.0,1.0,32.0,10.0,1012.0,5.0,1.0,Delta,1,1,0,0,1,70000.0,1.0,1,1,1,1,1,42,16,18.0,262500.0,7,0,0.0
109055,4,1,1,4,4,1,2,2,0,1,1,0,4.0,4.0,1.0,2.0,62.0,10.0,1012.0,5.0,2.0,Delta,4,2,0,0,2,25000.0,0.5,4,3,1,1,1,42,9,18.0,406002.0,7,0,0.0
109056,2,0,0,2,2,0,1,0,0,1,0,0,5.0,5.0,1.0,1.0,45.0,10.0,1012.0,5.0,2.0,Delta,4,2,0,0,0,0.0,0.5,3,2,0,1,0,42,3,4.0,545000.0,7,0,0.0
109057,4,1,0,4,4,1,1,1,0,1,1,0,6.0,6.0,1.0,1.0,50.0,10.0,1012.0,5.0,2.0,Delta,6,3,0,0,3,30000.0,0.5,6,3,1,1,1,42,6,12.0,118400.0,7,0,0.0
109058,3,2,1,3,3,1,2,1,0,1,1,0,4.0,4.0,1.0,1.0,60.0,10.0,1012.0,5.0,2.0,Delta,4,4,0,0,4,135000.0,1.0,4,4,3,1,1,42,11,19.0,552500.0,7,0,0.0
109059,4,0,0,4,4,0,0,0,0,0,0,0,5.0,5.0,4.0,1.0,57.0,10.0,1012.0,5.0,2.0,Delta,5,1,0,0,1,25000.0,0.2,4,4,0,1,0,42,3,3.0,538000.0,7,0,0.0
109060,2,2,0,2,2,1,2,2,0,1,1,0,4.0,4.0,1.0,1.0,51.0,10.0,1012.0,5.0,2.0,Delta,4,1,0,0,1,100000.0,0.25,3,2,2,1,1,42,14,22.0,553000.0,7,0,0.0
109061,4,1,0,4,4,1,2,0,0,1,0,0,5.0,5.0,1.0,1.0,51.0,10.0,1012.0,5.0,2.0,Delta,5,2,0,0,2,55000.0,0.4,5,5,1,1,1,42,8,11.0,546000.0,7,0,0.0
109062,2,2,2,2,2,1,2,1,0,1,1,0,7.0,7.0,1.0,1.0,60.0,10.0,1012.0,5.0,2.0,Delta,6,2,0,0,1,3000.0,0.3333333333333333,5,5,1,1,1,42,7,13.0,57200.0,7,1,360000.0
109064,4,0,0,4,4,0,0,0,0,0,0,0,7.0,7.0,1.0,1.0,54.0,10.0,1012.0,5.0,2.0,Delta,7,2,0,0,2,29000.0,0.2857142857142857,6,2,1,1,1,42,7,11.0,101000.0,7,0,0.0
109065,1,0,0,1,1,0,0,0,0,0,0,0,1.0,1.0,2.0,2.0,49.0,10.0,1012.0,5.0,2.0,Delta,1,0,0,0,0,0.0,0.0,1,1,0,1,0,42,4,5.0,29000.0,7,0,0.0
109066,2,2,2,2,2,1,2,2,0,1,1,0,6.0,6.0,1.0,1.0,42.0,10.0,1012.0,5.0,2.0,Delta,5,2,0,0,2,55000.0,0.4,4,4,1,1,1,42,21,30.0,536400.0,7,2,475000.0
109067,2,0,0,2,2,0,1,0,0,1,0,0,6.0,6.0,1.0,1.0,75.0,10.0,1012.0,5.0,2.0,Delta,6,2,0,0,0,0.0,0.3333333333333333,4,2,0,1,0,42,6,11.0,322000.0,7,0,0.0
109068,2,2,2,2,2,1,2,0,0,1,0,0,6.0,6.0,1.0,1.0,38.0,10.0,1012.0,5.0,2.0,Delta,5,3,0,0,0,0.0,0.6,4,2,2,1,1,42,11,13.0,202200.0,7,1,60000.0
109069,2,1,0,2,2,1,1,1,0,1,1,0,5.0,5.0,1.0,1.0,44.0,10.0,1012.0,5.0,2.0,Delta,4,1,0,0,1,1000000.0,0.25,2,2,2,1,1,42,10,16.0,320500.0,7,0,0.0
109071,2,0,0,2,2,0,1,0,0,1,0,0,5.0,5.0,1.0,1.0,46.0,10.0,1012.0,5.0,2.0,Delta,5,2,0,0,2,55000.0,0.4,4,2,0,1,0,42,4,5.0,70000.0,7,0,0.0
109074,3,0,0,3,3,0,1,1,2,1,1,1,1.0,1.0,1.0,1.0,51.0,10.0,1013.0,5.0,2.0,Delta,7,2,0,0,2,70000.0,0.2857142857142857,6,5,1,1,1,42,13,28.0,910000.0,7,1,500000.0
109076,3,2,1,3,3,1,2,0,0,1,0,0,3.0,3.0,1.0,2.0,39.0,10.0,1013.0,5.0,2.0,Delta,4,1,1,0,2,200000.0,0.25,4,2,0,1,0,42,5,7.0,43000.0,7,0,0.0
109077,1,1,0,1,1,1,1,0,0,1,0,0,1.0,1.0,1.0,1.0,52.0,10.0,1024.0,5.0,2.0,Delta,1,1,0,0,1,80000.0,1.0,1,1,0,1,0,42,7,10.0,87500.0,7,0,0.0
109078,2,0,0,2,2,0,1,0,2,1,0,1,2.0,2.0,1.0,2.0,80.0,10.0,1013.0,5.0,2.0,Delta,2,1,0,0,1,30000.0,0.5,2,2,0,1,0,42,4,5.0,16000.0,7,0,0.0
109080,4,3,2,4,4,1,4,0,0,1,0,0,4.0,4.0,1.0,1.0,70.0,10.0,1013.0,5.0,2.0,Delta,4,1,1,0,2,120000.0,0.25,4,4,2,1,1,42,8,17.0,110700.0,7,1,8000.0
109081,2,1,0,2,2,1,2,0,0,1,0,0,7.0,7.0,1.0,1.0,44.0,10.0,1017.0,5.0,2.0,Delta,7,2,0,0,2,42000.0,0.2857142857142857,4,4,0,1,0,42,7,13.0,200000.0,7,0,0.0
109082,3,0,2,3,3,1,0,0,0,0,0,0,3.0,3.0,1.0,2.0,78.0,10.0,1013.0,5.0,2.0,Delta,4,2,0,0,2,70000.0,0.5,4,1,0,1,0,42,4,7.0,21000.0,7,0,0.0
109083,2,2,2,2,2,1,2,1,0,1,1,0,,,,,,,,,,,6,1,1,0,2,15000.0,0.16666666666666666,3,2,1,1,1,42,7,9.0,49700.0,7,1,5000.0
109085,3,0,0,3,3,0,2,1,0,1,1,0,4.0,4.0,1.0,1.0,57.0,10.0,1013.0,5.0,2.0,Delta,4,2,0,0,2,60000.0,0.5,4,3,1,1,1,42,7,11.0,209500.0,7,0,0.0
109087,4,0,0,4,4,0,3,1,0,1,1,0,4.0,4.0,101.0,1.0,67.0,10.0,1013.0,5.0,2.0,Delta,4,2,0,0,2,80000.0,0.5,4,4,2,1,1,42,5,9.0,379500.0,7,0,0.0
109088,2,1,0,2,2,1,2,2,0,1,1,0,6.0,6.0,1.0,1.0,37.0,10.0,1013.0,5.0,2.0,Delta,5,2,0,0,2,11000.0,0.4,3,2,2,1,1,42,9,13.0,189500.0,7,0,0.0
109089,2,2,0,2,2,1,2,0,0,1,0,0,2.0,2.0,1.0,2.0,43.0,10.0,1013.0,5.0,2.0,Delta,2,1,0,0,1,0.0,0.5,2,2,1,1,1,42,5,5.0,77500.0,7,0,0.0
109091,4,0,0,4,4,0,1,1,0,1,1,0,4.0,4.0,1.0,2.0,73.0,10.0,1013.0,5.0,2.0,Delta,4,4,0,0,4,20000.0,1.0,4,3,3,1,1,42,4,10.0,14000.0,7,0,0.0
109092,3,3,3,3,3,1,3,3,1,1,1,1,5.0,5.0,1.0,2.0,56.0,10.0,1013.0,5.0,2.0,Delta,5,4,0,0,3,277500.0,0.8,4,4,3,1,1,42,9,17.0,108800.0,7,0,0.0
109093,2,0,1,2,2,1,0,0,0,0,0,0,2.0,2.0,1.0,1.0,52.0,10.0,1013.0,5.0,2.0,Delta,2,1,0,0,1,150000.0,0.5,2,1,0,1,0,42,4,8.0,13000.0,7,0,0.0
109095,4,3,1,4,4,1,3,3,2,1,1,1,8.0,8.0,1.0,1.0,39.0,10.0,1013.0,5.0,2.0,Delta,6,2,0,0,2,270000.0,0.3333333333333333,5,4,4,1,1,42,22,38.0,1341000.0,7,0,0.0
109099,2,0,0,2,2,0,2,0,0,1,0,0,3.0,3.0,1.0,1.0,41.0,10.0,1013.0,5.0,2.0,Delta,3,0,0,0,0,0.0,0.0,2,2,0,1,0,42,6,9.0,49000.0,7,1,50000.0
109100,3,0,0,3,3,0,3,3,3,1,1,1,7.0,7.0,1.0,1.0,44.0,10.0,1013.0,5.0,2.0,Delta,5,3,0,0,3,35000.0,0.6,3,3,3,1,1,42,11,20.0,346000.0,7,0,0.0
109101,3,2,2,3,3,1,2,0,0,1,0,0,4.0,4.0,1.0,1.0,35.0,10.0,1013.0,5.0,2.0,Delta,4,2,0,0,2,210000.0,0.5,3,2,1,1,1,42,14,17.0,414000.0,7,1,150000.0
109103,3,0,0,3,3,0,2,2,2,1,1,1,2.0,2.0,1.0,1.0,34.0,10.0,1013.0,5.0,2.0,Delta,4,2,0,0,2,21000.0,0.5,3,3,3,1,1,42,5,7.0,105000.0,7,0,0.0
109104,2,2,1,2,2,1,2,0,0,1,0,0,4.0,4.0,1.0,1.0,38.0,10.0,1013.0,5.0,2.0,Delta,4,2,0,0,2,130000.0,0.5,2,2,1,1,1,42,10,16.0,135000.0,7,0,0.0
109106,2,0,1,2,2,1,0,0,0,0,0,0,2.0,2.0,1.0,2.0,56.0,10.0,1013.0,5.0,2.0,Delta,2,1,0,0,1,30000.0,0.5,2,2,1,1,1,42,4,5.0,37500.0,7,0,0.0
109107,1,0,0,1,1,0,0,1,1,0,1,1,2.0,2.0,1.0,2.0,32.0,10.0,1013.0,5.0,2.0,Delta,2,1,0,0,1,15000.0,0.5,2,2,0,1,0,42,2,2.0,0.0,7,0,0.0
109110,3,0,1,3,3,1,2,2,2,1,1,1,4.0,4.0,1.0,1.0,46.0,10.0,1013.0,5.0,2.0,Delta,4,2,0,0,2,215000.0,0.5,4,4,3,1,1,42,10,15.0,379000.0,7,0,0.0
109112,2,1,0,2,2,1,1,0,0,1,0,0,2.0,2.0,2.0,2.0,73.0,10.0,1013.0,5.0,2.0,Delta,2,1,0,0,1,120000.0,0.5,2,2,1,1,1,42,10,14.0,117000.0,7,0,0.0
109114,4,0,0,4,4,0,1,0,1,1,0,1,4.0,4.0,1.0,2.0,45.0,10.0,1013.0,5.0,2.0,Delta,4,1,0,0,1,30000.0,0.25,4,4,3,1,1,42,8,14.0,137000.0,7,0,0.0
109115,3,2,2,3,3,1,3,3,1,1,1,1,6.0,6.0,2.0,2.0,49.0,10.0,1013.0,5.0,2.0,Delta,6,1,1,0,2,12500.0,0.16666666666666666,6,6,3,1,1,42,10,19.0,158000.0,7,0,0.0
109117,3,1,0,3,3,1,3,3,2,1,1,1,3.0,3.0,1.0,1.0,70.0,10.0,1013.0,5.0,2.0,Delta,3,3,0,0,3,55000.0,1.0,3,3,2,1,1,42,17,35.0,289500.0,7,0,0.0
109118,2,1,2,2,2,1,2,2,2,1,1,1,5.0,5.0,1.0,1.0,47.0,10.0,1013.0,5.0,2.0,Delta,5,1,0,0,2,72000.0,0.2,4,3,3,1,1,42,10,15.0,280000.0,7,0,0.0
109119,5,4,0,5,5,1,4,2,1,1,1,1,8.0,8.0,1.0,1.0,50.0,10.0,1013.0,5.0,2.0,Delta,8,4,0,0,4,320000.0,0.5,8,4,4,1,1,42,18,30.0,508000.0,7,0,0.0
109121,7,3,0,7,7,1,7,7,3,1,1,1,7.0,7.0,1.0,1.0,57.0,10.0,1022.0,5.0,1.0,Delta,7,2,0,0,3,140000.0,0.2857142857142857,7,7,7,1,1,42,17,50.0,564000.0,7,1,200000.0
109122,4,3,0,4,4,1,3,1,0,1,1,0,7.0,7.0,1.0,1.0,43.0,10.0,1022.0,5.0,1.0,Delta,6,3,1,0,4,180000.0,0.5,5,3,2,1,1,42,17,35.0,242000.0,7,0,0.0
109123,4,2,1,4,4,1,3,1,0,1,1,0,4.0,4.0,1.0,1.0,58.0,10.0,1022.0,5.0,1.0,Delta,4,3,0,0,3,180000.0,0.75,4,4,2,1,1,42,13,24.0,1832000.0,7,0,0.0
109124,2,2,2,2,2,1,2,2,2,1,1,1,6.0,6.0,1.0,1.0,39.0,10.0,1022.0,5.0,1.0,Delta,5,2,0,0,2,175000.0,0.4,3,2,2,1,1,42,12,19.0,251000.0,7,0,0.0
109126,4,2,0,4,4,1,2,0,0,1,0,0,4.0,4.0,1.0,1.0,69.0,10.0,1022.0,5.0,1.0,Delta,4,1,0,0,1,60000.0,0.25,4,4,2,1,1,42,5,10.0,76500.0,7,0,0.0
109127,4,2,0,4,4,1,2,0,0,1,0,0,6.0,6.0,1.0,1.0,59.0,10.0,1022.0,5.0,1.0,Delta,6,2,0,0,2,110000.0,0.3333333333333333,5,5,5,1,1,42,18,40.0,2219500.0,7,0,0.0
109128,2,0,0,2,2,0,1,0,0,1,0,0,3.0,3.0,1.0,1.0,59.0,10.0,1022.0,5.0,1.0,Delta,3,2,0,0,2,50000.0,0.6666666666666666,2,2,0,1,0,42,10,15.0,77500.0,7,0,0.0
109129,1,0,0,1,1,0,1,1,0,1,1,0,1.0,1.0,1.0,2.0,60.0,10.0,1022.0,5.0,1.0,Delta,1,1,0,0,0,0.0,1.0,1,1,1,1,1,42,4,5.0,38500.0,7,0,0.0
109131,3,1,2,3,3,1,2,2,0,1,1,0,3.0,3.0,1401.0,1.0,48.0,9.0,909.0,5.0,1.0,Cross River,4,2,0,0,2,35000.0,0.5,3,2,2,1,1,42,15,27.0,307500.0,7,0,0.0
109132,3,0,0,3,3,0,3,3,3,1,1,1,4.0,4.0,1.0,1.0,35.0,10.0,1022.0,5.0,1.0,Delta,3,2,0,0,2,40000.0,0.6666666666666666,3,3,3,1,1,42,16,26.0,531000.0,7,0,0.0
109133,3,1,1,3,3,1,3,3,3,1,1,1,6.0,6.0,1.0,1.0,54.0,10.0,1022.0,5.0,1.0,Delta,6,3,0,0,4,30000.0,0.5,5,5,5,1,1,42,15,22.0,116500.0,7,0,0.0
109134,1,0,0,1,1,0,1,1,0,1,1,0,2.0,2.0,6.0,2.0,18.0,10.0,1020.0,5.0,1.0,Delta,2,1,0,0,1,0.0,0.5,2,1,0,1,0,42,8,11.0,123500.0,7,0,0.0
109135,2,2,0,2,2,1,2,0,0,1,0,0,4.0,4.0,1.0,1.0,36.0,10.0,1022.0,5.0,1.0,Delta,3,2,0,0,2,250000.0,0.6666666666666666,2,2,2,1,1,42,17,26.0,438500.0,7,0,0.0
109136,5,2,0,5,5,1,5,0,0,1,0,0,5.0,5.0,1.0,2.0,57.0,10.0,1022.0,5.0,1.0,Delta,5,3,0,0,3,75000.0,0.6,5,5,4,1,1,42,16,31.0,311000.0,7,0,0.0
109137,5,3,1,5,5,1,5,0,0,1,0,0,5.0,5.0,1.0,1.0,68.0,10.0,1022.0,5.0,1.0,Delta,5,2,0,0,2,60000.0,0.4,5,5,2,1,1,42,13,23.0,928000.0,7,1,336000.0
109139,3,0,0,3,3,0,2,3,3,1,1,1,4.0,4.0,1.0,1.0,54.0,10.0,1022.0,5.0,1.0,Delta,4,2,0,0,2,10000.0,0.5,4,4,1,1,1,42,11,14.0,442500.0,7,0,0.0
109141,1,0,0,1,1,0,1,0,0,1,0,0,1.0,1.0,2.0,2.0,65.0,10.0,1022.0,5.0,1.0,Delta,1,1,0,0,1,10000.0,1.0,1,1,0,1,0,42,7,13.0,62000.0,7,0,0.0
109142,4,2,0,4,4,1,2,0,0,1,0,0,5.0,5.0,1.0,2.0,42.0,10.0,1022.0,5.0,1.0,Delta,5,0,2,0,2,85000.0,0.0,5,3,2,1,1,42,6,12.0,80000.0,7,0,0.0
109145,2,0,0,2,2,0,2,0,0,1,0,0,5.0,5.0,1301.0,1.0,44.0,10.0,1023.0,5.0,2.0,Delta,5,2,0,0,2,25000.0,0.4,4,0,0,0,0,42,7,13.0,86000.0,7,0,0.0
109147,1,1,0,1,1,1,1,0,0,1,0,0,1.0,1.0,1.0,1.0,33.0,10.0,1025.0,5.0,2.0,Delta,1,1,0,0,1,4000.0,1.0,1,1,0,1,0,42,5,7.0,72000.0,7,1,52000.0
109148,3,0,0,3,3,0,2,3,2,1,1,1,3.0,3.0,1.0,1.0,43.0,10.0,1023.0,5.0,2.0,Delta,3,2,0,0,2,22000.0,0.6666666666666666,3,3,3,1,1,42,11,18.0,527000.0,7,0,0.0
109149,1,1,0,1,1,1,1,0,0,1,0,0,1.0,1.0,1.0,1.0,40.0,10.0,1024.0,5.0,2.0,Delta,1,1,0,0,1,700000.0,1.0,1,1,1,1,1,42,10,13.0,583000.0,7,0,0.0
109150,3,0,0,3,3,0,1,2,3,1,1,1,4.0,4.0,1.0,1.0,94.0,10.0,1023.0,5.0,2.0,Delta,4,1,0,0,1,6000.0,0.25,4,4,2,1,1,42,12,22.0,301000.0,7,0,0.0
109151,5,0,0,5,5,0,4,4,4,1,1,1,11.0,11.0,1.0,1.0,46.0,10.0,1023.0,5.0,2.0,Delta,10,2,0,0,2,20000.0,0.2,8,7,7,1,1,42,8,21.0,216000.0,7,0,0.0
109152,2,0,0,2,2,0,2,0,0,1,0,0,4.0,4.0,111.0,1.0,65.0,10.0,1023.0,5.0,2.0,Delta,7,1,0,0,1,100000.0,0.14285714285714285,5,2,0,1,0,42,12,24.0,1010000.0,7,0,0.0
109153,2,0,0,2,2,0,1,2,2,1,1,1,2.0,2.0,1.0,1.0,71.0,10.0,1023.0,5.0,2.0,Delta,2,1,0,0,2,13000.0,0.5,2,2,0,1,0,42,6,11.0,69500.0,7,0,0.0
109154,3,0,0,3,3,0,1,0,0,1,0,0,8.0,8.0,1.0,1.0,37.0,10.0,1023.0,5.0,2.0,Delta,8,1,0,0,1,40000.0,0.125,5,2,0,1,0,42,7,14.0,95300.0,7,0,0.0
109155,1,0,0,1,1,0,1,1,0,1,1,0,1.0,1.0,1.0,1.0,70.0,27.0,2707.0,6.0,2.0,Ogun,1,0,0,0,0,0.0,0.0,1,1,0,1,0,42,12,13.0,309500.0,7,1,69000.0
109156,4,3,0,4,4,1,3,3,0,1,1,0,7.0,7.0,1.0,1.0,56.0,10.0,1002.0,5.0,1.0,Delta,6,2,0,0,2,5000.0,0.3333333333333333,5,4,2,1,1,42,7,14.0,190000.0,7,0,0.0
109157,1,1,0,1,1,1,1,1,0,1,1,0,1.0,1.0,1.0,1.0,66.0,10.0,1002.0,5.0,1.0,Delta,1,1,0,0,1,2500.0,1.0,1,1,0,1,0,42,5,7.0,25500.0,7,0,0.0
109166,1,1,0,1,1,1,1,1,1,1,1,1,1.0,1.0,1.0,1.0,35.0,10.0,1005.0,5.0,2.0,Delta,1,1,0,0,1,13000.0,1.0,1,1,1,1,1,42,8,10.0,163000.0,7,0,0.0
109169,3,2,3,3,3,1,2,1,1,1,1,1,7.0,7.0,4.0,1.0,32.0,10.0,1013.0,5.0,2.0,Delta,7,3,0,0,3,110000.0,0.42857142857142855,4,4,3,1,1,42,10,18.0,66500.0,7,0,0.0
109170,3,2,1,3,3,1,2,0,0,1,0,0,8.0,8.0,1.0,1.0,65.0,10.0,1013.0,5.0,2.0,Delta,7,3,0,0,3,170000.0,0.42857142857142855,6,5,1,1,1,42,18,33.0,2169000.0,7,0,0.0
109171,1,0,0,1,1,0,1,0,1,1,0,1,1.0,1.0,1.0,1.0,38.0,10.0,1013.0,5.0,2.0,Delta,1,0,0,0,1,5000.0,0.0,1,1,1,1,1,42,4,4.0,96000.0,7,0,0.0
109173,4,3,1,4,4,1,4,0,0,1,0,0,4.0,4.0,1.0,1.0,56.0,10.0,1013.0,5.0,2.0,Delta,4,3,0,1,4,150000.0,0.75,4,3,1,1,1,42,15,30.0,1747500.0,7,0,0.0
109176,3,0,0,3,3,0,3,3,2,1,1,1,3.0,3.0,1.0,1.0,71.0,10.0,1022.0,5.0,1.0,Delta,3,2,0,0,2,5000.0,0.6666666666666666,3,3,3,1,1,42,12,15.0,111500.0,7,0,0.0
110001,1,1,0,1,1,1,1,0,0,1,0,0,1.0,1.0,1.0,1.0,39.0,11.0,1104.0,4.0,1.0,Ebonyi,1,0,1,0,1,4000.0,0.0,1,1,0,1,0,42,7,7.0,279500.0,7,0,0.0
110002,6,1,0,6,6,1,6,0,5,1,0,1,6.0,6.0,1.0,1.0,66.0,11.0,1104.0,4.0,1.0,Ebonyi,6,3,0,0,2,45000.0,0.5,6,6,6,1,1,42,15,26.0,821000.0,7,0,0.0
110003,2,2,2,2,2,1,2,1,0,1,1,0,3.0,3.0,2.0,1.0,40.0,11.0,1104.0,4.0,1.0,Ebonyi,2,1,0,0,1,50000.0,0.5,2,2,0,1,0,42,6,9.0,78800.0,7,0,0.0
110004,1,0,0,1,1,0,1,0,0,1,0,0,1.0,1.0,2.0,2.0,57.0,11.0,1104.0,4.0,1.0,Ebonyi,1,1,0,0,1,150000.0,1.0,1,1,1,1,1,42,8,10.0,300500.0,7,0,0.0
110005,3,2,1,3,3,1,2,2,0,1,1,0,3.0,3.0,2.0,2.0,62.0,11.0,1104.0,4.0,1.0,Ebonyi,3,1,0,0,1,450000.0,0.3333333333333333,3,3,3,1,1,42,8,13.0,393750.0,7,0,0.0
110006,3,1,0,3,3,1,2,1,0,1,1,0,5.0,5.0,3.0,1.0,41.0,11.0,1104.0,4.0,1.0,Ebonyi,3,2,0,0,2,120000.0,0.6666666666666666,3,2,2,1,1,42,13,17.0,681501.0,7,0,0.0
110007,7,5,1,7,7,1,6,6,6,1,1,1,8.0,8.0,1.0,1.0,63.0,11.0,1104.0,4.0,1.0,Ebonyi,9,3,1,0,3,560000.0,0.3333333333333333,8,8,6,1,1,42,21,61.0,2708000.0,7,0,0.0
110008,1,0,0,1,1,0,1,1,0,1,1,0,2.0,2.0,2.0,2.0,65.0,11.0,1104.0,4.0,1.0,Ebonyi,2,1,0,0,1,20000.0,0.5,2,2,2,1,1,42,13,17.0,572000.0,7,0,0.0
110009,6,5,2,6,6,1,5,5,3,1,1,1,11.0,11.0,1.0,1.0,67.0,11.0,1104.0,4.0,1.0,Ebonyi,10,1,0,0,1,46000.0,0.1,8,8,6,1,1,42,12,18.0,856200.0,7,1,420000.0
110010,3,2,2,3,3,1,2,2,1,1,1,1,6.0,6.0,1.0,1.0,51.0,11.0,1104.0,4.0,1.0,Ebonyi,6,2,0,0,2,218000.0,0.3333333333333333,6,6,5,1,1,42,19,23.0,722000.0,7,0,0.0
110021,3,0,3,3,3,1,0,0,0,0,0,0,5.0,5.0,7.0,1.0,27.0,11.0,1112.0,4.0,2.0,Ebonyi,5,2,1,0,3,1500.0,0.4,4,2,1,1,1,42,3,9.0,36400.0,7,0,0.0
110022,7,0,0,7,7,0,3,2,1,1,1,1,9.0,9.0,1.0,1.0,79.0,11.0,1112.0,4.0,2.0,Ebonyi,9,8,0,0,2,19000.0,0.8888888888888888,9,5,1,1,1,42,6,12.0,123000.0,7,0,0.0
110023,3,0,0,3,3,0,1,1,0,1,1,0,2.0,2.0,2.0,2.0,60.0,11.0,1112.0,4.0,2.0,Ebonyi,4,3,0,0,1,150000.0,0.75,3,2,1,1,1,42,5,11.0,85500.0,7,0,0.0
110024,6,2,2,6,6,1,2,0,2,1,0,1,7.0,7.0,1.0,1.0,63.0,11.0,1112.0,4.0,2.0,Ebonyi,7,6,0,0,0,0.0,0.8571428571428571,7,6,0,1,0,42,7,12.0,50500.0,7,0,0.0
110025,3,0,0,3,3,0,2,2,0,1,1,0,6.0,6.0,1.0,1.0,50.0,11.0,1112.0,4.0,2.0,Ebonyi,6,3,0,0,1,5000.0,0.5,5,2,0,1,0,42,8,17.0,544000.0,7,0,0.0
110026,2,1,1,2,2,1,1,0,0,1,0,0,1.0,1.0,3.0,1.0,35.0,11.0,1112.0,4.0,2.0,Ebonyi,2,2,0,0,1,250000.0,1.0,2,2,0,1,0,42,5,6.0,309300.0,7,0,0.0
110027,4,0,0,4,4,0,2,2,0,1,1,0,7.0,7.0,1.0,2.0,61.0,11.0,1112.0,4.0,2.0,Ebonyi,7,4,0,0,0,0.0,0.5714285714285714,5,3,0,1,0,42,5,13.0,72500.0,7,0,0.0
110028,5,0,0,5,5,0,2,2,1,1,1,1,5.0,5.0,1.0,1.0,65.0,11.0,1112.0,4.0,2.0,Ebonyi,5,3,0,0,3,545000.0,0.6,5,5,1,1,1,42,4,8.0,67000.0,7,0,0.0
110029,5,3,2,5,5,1,3,2,0,1,1,0,8.0,8.0,1.0,1.0,57.0,11.0,1112.0,4.0,2.0,Ebonyi,7,3,0,0,3,45000.0,0.42857142857142855,6,4,0,1,0,42,5,12.0,49900.0,7,0,0.0
110030,7,2,4,7,7,1,2,2,0,1,1,0,7.0,7.0,2.0,2.0,57.0,11.0,1112.0,4.0,2.0,Ebonyi,7,3,1,0,4,763000.0,0.42857142857142855,7,7,2,1,1,42,7,21.0,622700.0,7,0,0.0
110081,4,0,1,4,4,1,0,0,0,0,0,0,6.0,6.0,1.0,1.0,61.0,11.0,1104.0,4.0,2.0,Ebonyi,6,5,0,0,0,0.0,0.8333333333333334,5,0,0,0,0,42,4,4.0,12000.0,7,0,0.0
110082,4,0,0,4,4,0,0,0,0,0,0,0,5.0,5.0,1.0,1.0,57.0,11.0,1104.0,4.0,2.0,Ebonyi,6,5,0,0,0,0.0,0.8333333333333334,4,0,0,0,0,42,4,5.0,22200.0,7,0,0.0
110083,3,0,0,3,3,0,1,0,0,1,0,0,3.0,3.0,2.0,2.0,61.0,11.0,1104.0,4.0,2.0,Ebonyi,3,3,0,0,2,0.0,1.0,3,2,0,1,0,42,4,5.0,77300.0,7,0,0.0
110084,4,1,2,4,4,1,1,0,0,1,0,0,4.0,4.0,1.0,2.0,80.0,11.0,1104.0,4.0,2.0,Ebonyi,4,3,0,0,3,685000.0,0.75,4,2,0,1,0,42,5,16.0,342408.0,7,0,0.0
110085,9,1,2,9,9,1,1,3,0,1,1,0,19.0,19.0,1.0,1.0,68.0,11.0,1104.0,4.0,2.0,Ebonyi,19,13,0,1,0,0.0,0.6842105263157895,13,3,1,1,1,42,10,18.0,193300.0,7,0,0.0
110086,5,0,0,5,5,0,1,0,0,1,0,0,12.0,12.0,1.0,1.0,43.0,11.0,1104.0,4.0,2.0,Ebonyi,12,7,0,0,1,20000.0,0.5833333333333334,8,1,0,1,0,42,4,6.0,390000.0,7,0,0.0
110087,5,1,3,5,5,1,1,1,0,1,1,0,8.0,8.0,2.0,2.0,64.0,11.0,1104.0,4.0,2.0,Ebonyi,8,5,0,0,5,859500.0,0.625,6,5,0,1,0,42,3,13.0,36900.0,7,0,0.0
110088,3,0,1,3,3,1,0,0,0,0,0,0,3.0,3.0,2.0,2.0,59.0,11.0,1104.0,4.0,2.0,Ebonyi,3,1,0,0,0,0.0,0.3333333333333333,3,2,2,1,1,42,2,5.0,7000.0,7,0,0.0
110089,3,0,1,3,3,1,1,0,0,1,0,0,6.0,6.0,1.0,1.0,58.0,11.0,1104.0,4.0,2.0,Ebonyi,6,4,0,0,0,0.0,0.6666666666666666,4,2,0,1,0,42,3,6.0,8000.0,7,0,0.0
110090,6,0,0,6,6,0,2,2,1,1,1,1,8.0,8.0,1.0,1.0,63.0,11.0,1104.0,4.0,2.0,Ebonyi,8,8,0,0,2,50000.0,1.0,8,3,1,1,1,42,11,18.0,484500.0,7,1,55000.0
110111,2,0,2,2,2,1,0,0,0,0,0,0,2.0,2.0,1.0,1.0,51.0,11.0,1113.0,4.0,2.0,Ebonyi,2,1,0,0,0,0.0,0.5,2,2,0,1,0,42,5,8.0,165000.0,7,0,0.0
110112,3,0,0,3,3,0,0,0,0,0,0,0,4.0,4.0,1.0,2.0,69.0,11.0,1113.0,4.0,2.0,Ebonyi,4,2,0,0,1,0.0,0.5,3,3,1,1,1,42,6,7.0,73500.0,7,0,0.0
110113,3,2,3,3,3,1,2,0,0,1,0,0,5.0,5.0,1.0,2.0,60.0,11.0,1113.0,4.0,2.0,Ebonyi,6,3,0,0,1,45000.0,0.5,4,3,0,1,0,42,7,20.0,189500.0,7,0,0.0
110114,2,0,0,2,2,0,0,2,0,0,1,0,2.0,2.0,1.0,2.0,82.0,11.0,1113.0,4.0,2.0,Ebonyi,2,1,0,0,0,0.0,0.5,2,1,0,1,0,42,3,4.0,34500.0,7,0,0.0
110115,2,0,0,2,2,0,0,0,0,0,0,0,2.0,2.0,2.0,2.0,72.0,11.0,1113.0,4.0,2.0,Ebonyi,2,2,0,0,1,4000.0,1.0,2,2,1,1,1,42,6,7.0,458500.0,7,0,0.0
110116,3,0,0,3,3,0,0,0,0,0,0,0,4.0,4.0,2.0,2.0,75.0,11.0,1113.0,4.0,2.0,Ebonyi,4,1,0,0,0,0.0,0.25,3,3,0,1,0,42,4,9.0,26200.0,7,0,0.0
110117,6,2,2,6,6,1,2,1,1,1,1,1,12.0,12.0,1.0,1.0,71.0,11.0,1113.0,4.0,2.0,Ebonyi,12,3,0,0,3,718000.0,0.25,10,10,2,1,1,42,12,35.0,3169300.0,7,0,0.0
110118,2,0,1,2,2,1,0,0,0,0,0,0,2.0,2.0,1.0,1.0,74.0,11.0,1113.0,4.0,2.0,Ebonyi,2,1,0,0,1,25000.0,0.5,2,2,0,1,0,42,7,14.0,499800.0,7,0,0.0
110119,2,0,0,2,2,0,0,0,0,0,0,0,2.0,2.0,1.0,1.0,57.0,11.0,1113.0,4.0,2.0,Ebonyi,2,2,0,0,1,5000.0,1.0,2,2,0,1,0,42,6,9.0,449500.0,7,0,0.0
110120,2,0,1,2,2,1,2,0,0,1,0,0,7.0,7.0,1.0,1.0,44.0,11.0,1113.0,4.0,2.0,Ebonyi,7,3,0,0,3,80000.0,0.42857142857142855,5,2,0,1,0,42,14,32.0,1083500.0,7,0,0.0
110121,2,2,2,2,2,1,2,1,1,1,1,1,2.0,2.0,2.0,2.0,60.0,11.0,1102.0,4.0,2.0,Ebonyi,2,2,0,0,2,340000.0,1.0,2,2,0,1,0,42,4,8.0,34600.0,7,0,0.0
110122,2,2,2,2,2,1,2,2,2,1,1,1,5.0,5.0,2.0,1.0,37.0,11.0,1102.0,4.0,2.0,Ebonyi,5,2,0,0,2,450000.0,0.4,3,3,0,1,0,42,6,11.0,204700.0,7,0,0.0
110123,9,0,0,9,9,0,3,0,0,1,0,0,11.0,11.0,1.0,1.0,72.0,11.0,1102.0,4.0,2.0,Ebonyi,11,5,0,0,2,65000.0,0.45454545454545453,10,4,0,1,0,42,6,12.0,118500.0,7,0,0.0
110124,5,0,0,5,5,0,2,1,0,1,1,0,7.0,7.0,1.0,1.0,65.0,11.0,1102.0,4.0,2.0,Ebonyi,8,3,0,0,0,0.0,0.375,6,3,1,1,1,42,10,19.0,593000.0,7,0,0.0
110125,2,0,0,2,2,0,0,0,0,0,0,0,,,,,,,,,,,3,0,1,0,1,3000.0,0.0,2,2,0,1,0,42,4,6.0,48500.0,7,0,0.0
110126,6,0,1,6,6,1,0,0,0,0,0,0,7.0,7.0,1.0,1.0,80.0,11.0,1102.0,4.0,2.0,Ebonyi,7,2,0,0,2,250000.0,0.2857142857142857,7,3,2,1,1,42,9,18.0,146200.0,7,0,0.0
110127,4,0,0,4,4,0,2,2,0,1,1,0,5.0,5.0,1.0,2.0,66.0,11.0,1102.0,4.0,2.0,Ebonyi,5,4,0,0,3,63000.0,0.8,4,4,1,1,1,42,9,17.0,487000.0,7,0,0.0
110128,4,0,0,4,4,0,1,1,0,1,1,0,4.0,4.0,1.0,1.0,67.0,11.0,1102.0,4.0,2.0,Ebonyi,4,2,0,0,2,407000.0,0.5,4,2,0,1,0,42,8,14.0,48000.0,7,0,0.0
110129,6,0,2,6,6,1,1,0,0,1,0,0,6.0,6.0,1.0,1.0,76.0,11.0,1102.0,4.0,2.0,Ebonyi,7,4,0,0,2,370000.0,0.5714285714285714,7,3,0,1,0,42,13,28.0,299500.0,7,0,0.0
110130,6,6,4,6,6,1,6,5,2,1,1,1,6.0,6.0,1.0,1.0,62.0,11.0,1102.0,4.0,2.0,Ebonyi,6,4,0,0,4,354000.0,0.6666666666666666,6,6,3,1,1,42,6,16.0,326100.0,7,0,0.0
110131,1,0,0,1,1,0,0,0,0,0,0,0,1.0,1.0,1.0,2.0,62.0,11.0,1101.0,4.0,2.0,Ebonyi,2,1,0,0,0,0.0,0.5,1,0,0,0,0,42,2,2.0,8000.0,7,0,0.0
110132,2,1,0,2,2,1,1,1,1,1,1,1,2.0,2.0,8.0,1.0,49.0,11.0,1101.0,4.0,2.0,Ebonyi,2,2,0,0,2,640000.0,1.0,2,1,1,1,1,42,9,15.0,760500.0,7,0,0.0
110133,3,2,2,3,3,1,2,2,1,1,1,1,5.0,5.0,1.0,2.0,66.0,11.0,1101.0,4.0,2.0,Ebonyi,4,3,0,0,3,600000.0,0.75,4,3,2,1,1,42,4,8.0,58700.0,7,0,0.0
110134,4,0,0,4,4,0,0,0,0,0,0,0,4.0,4.0,7.0,2.0,51.0,11.0,1101.0,4.0,2.0,Ebonyi,4,2,0,0,0,0.0,0.5,4,0,0,0,0,42,1,2.0,2000.0,7,0,0.0
110135,2,0,0,2,2,0,0,0,0,0,0,0,3.0,3.0,1.0,2.0,68.0,11.0,1101.0,4.0,2.0,Ebonyi,4,0,1,0,1,3500.0,0.0,4,2,0,1,0,42,11,22.0,139000.0,7,0,0.0
110136,4,1,0,4,4,1,1,0,0,1,0,0,4.0,4.0,2.0,2.0,37.0,11.0,1101.0,4.0,2.0,Ebonyi,4,1,0,0,1,70000.0,0.25,4,2,1,1,1,42,3,5.0,34500.0,7,0,0.0
110137,3,0,0,3,3,0,0,0,0,0,0,0,3.0,3.0,6.0,2.0,48.0,11.0,1101.0,4.0,2.0,Ebonyi,3,2,0,0,0,0.0,0.6666666666666666,3,0,0,0,0,42,2,3.0,8500.0,7,0,0.0
110138,7,4,3,7,7,1,4,4,0,1,1,0,15.0,15.0,1.0,1.0,62.0,11.0,1101.0,4.0,2.0,Ebonyi,15,3,0,0,3,625500.0,0.2,10,7,4,1,1,42,8,21.0,364200.0,7,0,0.0
110139,6,0,0,6,6,0,0,1,0,0,1,0,5.0,5.0,1.0,1.0,54.0,11.0,1101.0,4.0,2.0,Ebonyi,7,7,0,0,3,0.0,1.0,7,3,0,1,0,42,5,12.0,38000.0,7,0,0.0
110140,3,3,0,3,3,1,1,3,3,1,1,1,5.0,5.0,1.0,1.0,50.0,11.0,1101.0,4.0,2.0,Ebonyi,6,2,0,0,0,0.0,0.3333333333333333,5,5,3,1,1,42,8,12.0,149500.0,7,0,0.0
119001,2,1,2,2,2,1,0,0,0,0,0,0,4.0,4.0,1.0,1.0,43.0,11.0,1104.0,4.0,2.0,Ebonyi,4,3,0,0,1,36000.0,0.75,3,0,0,0,0,42,2,3.0,91300.0,7,0,0.0
119002,2,0,0,2,2,0,0,0,0,0,0,0,5.0,5.0,1.0,1.0,32.0,11.0,1104.0,4.0,2.0,Ebonyi,4,2,0,0,2,95000.0,0.5,3,1,0,1,0,42,3,4.0,43500.0,7,0,0.0
119003,2,0,0,2,2,0,0,0,0,0,0,0,5.0,5.0,1.0,1.0,48.0,11.0,1104.0,4.0,2.0,Ebonyi,4,2,0,0,0,0.0,0.5,3,1,0,1,0,42,1,1.0,3000.0,7,0,0.0
119005,4,0,0,4,4,0,1,0,0,1,0,0,7.0,7.0,1.0,2.0,77.0,11.0,1104.0,4.0,2.0,Ebonyi,7,3,0,0,0,0.0,0.42857142857142855,5,1,0,1,0,42,6,12.0,479000.0,7,0,0.0
119006,3,0,0,3,3,0,2,0,0,1,0,0,4.0,4.0,1.0,2.0,62.0,11.0,1104.0,4.0,2.0,Ebonyi,4,3,0,0,0,0.0,0.75,4,2,0,1,0,42,4,10.0,51500.0,7,0,0.0
119008,2,0,1,2,2,1,0,0,0,0,0,0,2.0,2.0,1.0,2.0,38.0,11.0,1104.0,4.0,2.0,Ebonyi,2,2,0,0,0,0.0,1.0,2,2,0,1,0,42,3,3.0,12000.0,7,0,0.0
119010,4,2,0,4,4,1,2,0,0,1,0,0,4.0,4.0,1.0,2.0,73.0,11.0,1104.0,4.0,2.0,Ebonyi,5,3,0,0,2,7000.0,0.6,4,3,0,1,0,42,8,17.0,513000.0,7,0,0.0
119011,2,0,1,2,2,1,0,0,0,0,0,0,5.0,5.0,1.0,2.0,65.0,11.0,1104.0,4.0,2.0,Ebonyi,5,4,0,0,0,0.0,0.8,4,0,0,0,0,42,1,1.0,1500.0,7,0,0.0
119012,3,0,3,3,3,1,0,0,0,0,0,0,,,,,,,,,,,5,3,0,0,3,495000.0,0.6,3,0,0,0,0,42,3,8.0,39300.0,7,0,0.0
119013,6,4,4,6,6,1,4,4,0,1,1,0,9.0,9.0,1.0,1.0,42.0,11.0,1104.0,4.0,2.0,Ebonyi,11,5,0,0,5,1225000.0,0.45454545454545453,9,9,2,1,1,42,6,18.0,459700.0,7,0,0.0
119014,3,0,1,3,3,1,0,0,0,0,0,0,6.0,6.0,1.0,1.0,56.0,11.0,1104.0,4.0,2.0,Ebonyi,7,2,0,0,1,3500.0,0.2857142857142857,5,0,0,0,0,42,3,6.0,50300.0,7,0,0.0
119015,7,2,1,7,7,1,3,2,1,1,1,1,8.0,8.0,1.0,1.0,52.0,11.0,1104.0,4.0,2.0,Ebonyi,8,3,0,0,3,260000.0,0.375,7,6,2,1,1,42,9,22.0,844800.0,7,0,0.0
119016,4,0,0,4,4,0,2,0,0,1,0,0,8.0,8.0,101.0,1.0,58.0,11.0,1104.0,4.0,2.0,Ebonyi,8,3,0,0,2,5000.0,0.375,6,2,2,1,1,42,2,3.0,60000.0,7,0,0.0
119017,3,0,1,3,3,1,1,2,0,1,1,0,5.0,5.0,1.0,1.0,49.0,11.0,1104.0,4.0,2.0,Ebonyi,6,5,0,0,0,0.0,0.8333333333333334,5,5,0,1,0,42,5,5.0,41000.0,7,1,2500.0
119019,5,0,0,5,5,0,1,1,1,1,1,1,6.0,6.0,1.0,1.0,52.0,11.0,1104.0,4.0,2.0,Ebonyi,6,4,0,0,2,30000.0,0.6666666666666666,6,1,0,1,0,42,5,9.0,400000.0,7,0,0.0
119020,1,1,0,1,1,1,1,0,0,1,0,0,1.0,1.0,1.0,1.0,40.0,11.0,1104.0,4.0,2.0,Ebonyi,1,1,0,0,1,4000.0,1.0,1,1,1,1,1,42,2,3.0,32500.0,7,0,0.0
119021,2,1,0,2,2,1,1,0,2,1,0,1,3.0,3.0,1.0,2.0,57.0,11.0,1104.0,4.0,2.0,Ebonyi,4,3,0,0,0,0.0,0.75,2,1,1,1,1,42,4,4.0,14000.0,7,0,0.0
119022,2,1,0,2,2,1,1,2,1,1,1,1,5.0,5.0,1.0,1.0,34.0,11.0,1104.0,4.0,2.0,Ebonyi,5,2,0,0,2,9000.0,0.4,3,1,0,1,0,42,8,8.0,124000.0,7,0,0.0
119023,4,1,1,4,4,1,1,2,0,1,1,0,1.0,1.0,1.0,1.0,85.0,11.0,1104.0,4.0,2.0,Ebonyi,4,4,0,0,0,0.0,1.0,4,2,0,1,0,42,7,8.0,184000.0,7,0,0.0
119025,5,0,0,5,5,0,1,1,0,1,1,0,6.0,6.0,1.0,1.0,46.0,11.0,1105.0,4.0,2.0,Ebonyi,6,2,0,0,2,7000.0,0.3333333333333333,6,2,0,1,0,42,5,9.0,130800.0,7,0,0.0
119026,5,1,1,5,5,1,1,0,0,1,0,0,5.0,5.0,1.0,1.0,65.0,11.0,1105.0,4.0,2.0,Ebonyi,5,5,0,0,0,0.0,1.0,5,0,0,0,0,42,4,16.0,34500.0,7,0,0.0
119027,1,0,1,1,1,1,0,0,0,0,0,0,4.0,4.0,1.0,2.0,37.0,11.0,1105.0,4.0,2.0,Ebonyi,4,1,0,0,1,488000.0,0.25,3,2,0,1,0,42,5,9.0,55250.0,7,0,0.0
119028,3,0,0,3,3,0,1,1,0,1,1,0,6.0,6.0,1.0,1.0,47.0,11.0,1105.0,4.0,2.0,Ebonyi,6,3,0,0,2,50000.0,0.5,4,1,1,1,1,42,4,10.0,124500.0,7,0,0.0
119029,2,0,0,2,2,0,0,0,0,0,0,0,1.0,1.0,2.0,2.0,62.0,11.0,1105.0,4.0,2.0,Ebonyi,2,1,0,0,1,5000.0,0.5,2,0,0,0,0,42,2,4.0,4500.0,7,0,0.0
119030,5,0,3,5,5,1,0,0,0,0,0,0,6.0,6.0,1.0,1.0,78.0,11.0,1105.0,4.0,2.0,Ebonyi,7,4,0,0,4,20500.0,0.5714285714285714,7,5,0,1,0,42,6,15.0,52900.0,7,0,0.0
119031,2,0,0,2,2,0,0,1,0,0,1,0,4.0,4.0,1.0,2.0,54.0,11.0,1105.0,4.0,2.0,Ebonyi,4,3,0,0,1,0.0,0.75,4,0,0,0,0,42,4,12.0,30500.0,7,0,0.0
119032,5,0,0,5,5,0,1,0,0,1,0,0,6.0,6.0,1.0,1.0,81.0,11.0,1105.0,4.0,2.0,Ebonyi,6,5,0,0,2,0.0,0.8333333333333334,6,2,0,1,0,42,6,9.0,89000.0,7,0,0.0
119033,1,0,0,1,1,0,0,0,0,0,0,0,2.0,2.0,1.0,2.0,69.0,11.0,1105.0,4.0,2.0,Ebonyi,2,1,0,0,0,0.0,0.5,2,0,0,0,0,42,4,5.0,57200.0,7,0,0.0
119034,3,1,2,3,3,1,2,0,0,1,0,0,4.0,4.0,1.0,1.0,62.0,11.0,1105.0,4.0,2.0,Ebonyi,4,3,0,0,0,0.0,0.75,4,4,0,1,0,42,5,11.0,32300.0,7,0,0.0
119035,2,1,1,2,2,1,1,1,1,1,1,1,1.0,1.0,1.0,2.0,59.0,11.0,1106.0,4.0,2.0,Ebonyi,2,0,0,0,0,0.0,0.0,2,0,0,0,0,42,7,18.0,294300.0,7,1,42000.0
119036,1,1,1,1,1,1,1,1,0,1,1,0,1.0,1.0,1.0,2.0,37.0,11.0,1106.0,4.0,2.0,Ebonyi,1,1,0,0,1,160000.0,1.0,1,1,0,1,0,42,5,6.0,56400.0,7,0,0.0
119037,1,0,0,1,1,0,0,1,0,0,1,0,1.0,1.0,1.0,2.0,71.0,11.0,1106.0,4.0,2.0,Ebonyi,3,1,0,0,0,0.0,0.3333333333333333,1,1,0,1,0,42,6,11.0,127500.0,7,0,0.0
119038,3,0,0,3,3,0,1,1,0,1,1,0,4.0,4.0,1.0,1.0,49.0,11.0,1106.0,4.0,2.0,Ebonyi,4,3,0,0,2,55000.0,0.75,4,2,0,1,0,42,9,14.0,815000.0,7,0,0.0
119040,2,1,1,2,2,1,1,2,2,1,1,1,3.0,3.0,1.0,2.0,54.0,11.0,1106.0,4.0,2.0,Ebonyi,3,1,0,0,1,287500.0,0.3333333333333333,3,0,0,0,0,42,3,6.0,43800.0,7,0,0.0
119041,2,0,0,2,2,0,0,0,0,0,0,0,2.0,2.0,1.0,2.0,50.0,11.0,1106.0,4.0,2.0,Ebonyi,2,1,0,0,1,250000.0,0.5,2,0,0,0,0,42,5,8.0,65000.0,7,0,0.0
119043,1,0,0,1,1,0,0,0,0,0,0,0,1.0,1.0,1.0,2.0,84.0,11.0,1106.0,4.0,2.0,Ebonyi,1,1,0,0,0,0.0,1.0,1,0,0,0,0,42,0,0.0,0.0,7,0,0.0
119044,2,0,1,2,2,1,1,0,0,1,0,0,2.0,2.0,1.0,1.0,55.0,11.0,1106.0,4.0,2.0,Ebonyi,2,1,0,0,0,0.0,0.5,2,2,0,1,0,42,6,9.0,52000.0,7,0,0.0
119045,5,0,2,5,5,1,0,0,0,0,0,0,9.0,9.0,2.0,1.0,53.0,11.0,1106.0,4.0,2.0,Ebonyi,8,2,0,0,0,0.0,0.25,7,4,0,1,0,42,6,14.0,48200.0,7,0,0.0
119046,3,3,2,3,3,1,2,1,0,1,1,0,3.0,3.0,1.0,2.0,70.0,11.0,1106.0,4.0,2.0,Ebonyi,3,2,0,0,2,75000.0,0.6666666666666666,3,2,1,1,1,42,12,22.0,124000.0,7,0,0.0
119047,5,2,3,5,5,1,2,2,0,1,1,0,5.0,5.0,1.0,1.0,77.0,11.0,1109.0,4.0,2.0,Ebonyi,5,2,0,0,2,375000.0,0.4,5,5,1,1,1,42,4,10.0,47300.0,7,0,0.0
119048,1,0,0,1,1,0,0,0,0,0,0,0,1.0,1.0,1.0,2.0,68.0,11.0,1109.0,4.0,2.0,Ebonyi,1,1,0,0,0,0.0,1.0,1,1,0,1,0,42,5,5.0,71500.0,7,0,0.0
119049,4,3,2,4,4,1,3,3,0,1,1,0,8.0,8.0,1.0,1.0,49.0,11.0,1109.0,4.0,2.0,Ebonyi,7,2,0,0,2,423000.0,0.2857142857142857,7,5,3,1,1,42,10,26.0,634000.0,7,0,0.0
119050,2,0,0,2,2,0,2,1,0,1,1,0,6.0,6.0,1.0,1.0,39.0,11.0,1109.0,4.0,2.0,Ebonyi,5,3,0,0,0,0.0,0.6,3,2,1,1,1,42,9,21.0,483500.0,7,0,0.0
119052,2,0,2,2,2,1,0,0,0,0,0,0,6.0,6.0,1.0,1.0,61.0,11.0,1109.0,4.0,2.0,Ebonyi,5,2,0,0,1,30000.0,0.4,4,0,0,0,0,42,4,8.0,30012.0,7,0,0.0
119053,4,1,1,4,4,1,0,0,0,0,0,0,5.0,5.0,1.0,2.0,47.0,11.0,1109.0,4.0,2.0,Ebonyi,6,1,0,0,1,250000.0,0.16666666666666666,5,2,1,1,1,42,8,12.0,193000.0,7,0,0.0
119054,4,0,2,4,4,1,0,0,0,0,0,0,5.0,5.0,1.0,1.0,49.0,11.0,1109.0,4.0,2.0,Ebonyi,5,1,0,0,1,35000.0,0.2,5,3,0,1,0,42,7,12.0,36000.0,7,0,0.0
119057,3,0,1,3,3,1,0,0,0,0,0,0,1.0,1.0,8.0,1.0,57.0,11.0,1109.0,4.0,2.0,Ebonyi,3,2,0,0,0,0.0,0.6666666666666666,3,0,0,0,0,42,3,7.0,8300.0,7,0,0.0
119058,2,0,0,2,2,0,1,1,0,1,1,0,6.0,6.0,1.0,1.0,57.0,11.0,1109.0,4.0,2.0,Ebonyi,5,2,0,0,2,450000.0,0.4,3,1,2,1,1,42,7,12.0,80000.0,7,0,0.0
120001,4,3,2,4,4,1,3,0,0,1,0,0,6.0,6.0,1.0,1.0,55.0,12.0,1211.0,5.0,1.0,Edo,6,2,0,0,2,160000.0,0.3333333333333333,6,6,5,1,1,42,23,64.0,3406000.0,7,2,560000.0
120002,4,3,2,4,4,1,3,1,0,1,1,0,6.0,6.0,1.0,1.0,56.0,12.0,1211.0,5.0,1.0,Edo,6,2,0,0,2,30000.0,0.3333333333333333,6,6,2,1,1,42,14,27.0,648500.0,7,0,0.0
120003,4,4,2,4,4,1,4,4,0,1,1,0,6.0,6.0,1.0,1.0,47.0,12.0,1211.0,5.0,1.0,Edo,6,2,0,0,2,15000.0,0.3333333333333333,5,5,5,1,1,42,19,34.0,1558000.0,7,0,0.0
120004,5,5,2,5,5,1,3,4,5,1,1,1,7.0,7.0,1.0,1.0,41.0,12.0,1211.0,5.0,1.0,Edo,7,4,0,0,4,23000.0,0.5714285714285714,7,7,7,1,1,42,16,35.0,1174000.0,7,0,0.0
120005,5,5,5,5,5,1,4,3,0,1,1,0,5.0,5.0,1.0,1.0,73.0,12.0,1211.0,5.0,1.0,Edo,5,4,0,1,0,0.0,0.8,5,5,3,1,1,42,15,27.0,301000.0,7,0,0.0
120006,6,4,2,6,6,1,4,4,4,1,1,1,7.0,7.0,1.0,1.0,60.0,12.0,1211.0,5.0,1.0,Edo,7,2,0,0,2,195000.0,0.2857142857142857,6,6,2,1,1,42,15,37.0,1753000.0,7,1,300000.0
120007,5,5,2,5,5,1,5,5,5,1,1,1,5.0,5.0,1.0,1.0,72.0,12.0,1211.0,5.0,1.0,Edo,5,3,0,0,3,335000.0,0.6,5,5,4,1,1,42,23,47.0,2730500.0,7,0,0.0
120010,4,0,0,4,4,0,4,1,0,1,1,0,2.0,2.0,16.0,1.0,44.0,12.0,1211.0,5.0,1.0,Edo,4,2,0,1,2,75000.0,0.5,4,4,4,1,1,42,11,25.0,281300.0,7,2,800000.0
120041,2,1,1,2,2,1,1,2,1,1,1,1,2.0,2.0,2.0,2.0,60.0,12.0,1208.0,5.0,2.0,Edo,2,0,0,0,0,0.0,0.0,2,2,1,1,1,42,6,7.0,57500.0,7,0,0.0
120042,6,4,3,6,6,1,6,4,4,1,1,1,10.0,10.0,1.0,1.0,58.0,12.0,1208.0,5.0,2.0,Edo,9,5,0,0,5,11000.0,0.5555555555555556,8,6,4,1,1,42,12,32.0,925500.0,7,2,60000.0
120043,4,3,1,4,4,1,3,3,1,1,1,1,6.0,6.0,1.0,1.0,49.0,12.0,1208.0,5.0,2.0,Edo,7,0,0,0,0,0.0,0.0,5,3,0,1,0,42,7,8.0,63300.0,7,0,0.0
120044,4,0,0,4,4,0,0,0,0,0,0,0,2.0,2.0,5101.0,1.0,40.0,12.0,1208.0,5.0,2.0,Edo,5,5,0,0,5,305000.0,1.0,5,1,0,1,0,42,2,2.0,31500.0,7,0,0.0
120045,4,0,0,4,4,0,1,1,0,1,1,0,5.0,5.0,1.0,1.0,47.0,12.0,1208.0,5.0,2.0,Edo,5,3,0,0,3,230000.0,0.6,4,4,1,1,1,42,7,14.0,112500.0,7,0,0.0
120046,8,3,3,8,8,1,4,5,3,1,1,1,11.0,11.0,2.0,2.0,58.0,12.0,1208.0,5.0,2.0,Edo,13,2,0,0,2,17000.0,0.15384615384615385,10,4,3,1,1,42,6,17.0,92200.0,7,0,0.0
120047,3,1,2,3,3,1,3,1,0,1,1,0,4.0,4.0,2.0,2.0,60.0,12.0,1208.0,5.0,2.0,Edo,3,3,0,0,3,10300.0,1.0,3,3,1,1,1,42,5,16.0,668000.0,7,1,70000.0
120048,1,0,0,1,1,0,0,0,0,0,0,0,2.0,2.0,1.0,2.0,65.0,12.0,1208.0,5.0,2.0,Edo,2,2,0,0,2,270000.0,1.0,2,2,0,1,0,42,10,16.0,434000.0,7,0,0.0
120049,2,0,2,2,2,1,0,0,0,0,0,0,3.0,3.0,2.0,2.0,45.0,12.0,1208.0,5.0,2.0,Edo,3,3,0,0,3,7500.0,1.0,3,1,0,1,0,42,6,15.0,539000.0,7,1,60000.0
120050,2,0,0,2,2,0,2,1,0,1,1,0,4.0,4.0,1.0,1.0,46.0,12.0,1208.0,5.0,2.0,Edo,4,3,0,0,3,129000.0,0.75,3,3,2,1,1,42,11,17.0,356400.0,7,0,0.0
120052,3,0,2,3,3,1,2,0,0,1,0,0,3.0,3.0,1.0,1.0,57.0,12.0,1216.0,5.0,2.0,Edo,5,5,0,0,5,11500.0,1.0,5,3,0,1,0,42,5,11.0,279000.0,7,1,20000.0
120053,2,0,0,2,2,0,2,0,0,1,0,0,1.0,1.0,1.0,1.0,56.0,12.0,1216.0,5.0,2.0,Edo,2,2,0,0,2,370000.0,1.0,2,2,0,1,0,42,5,9.0,304000.0,7,0,0.0
120054,8,2,1,8,8,1,4,2,2,1,1,1,15.0,15.0,1.0,1.0,52.0,12.0,1216.0,5.0,2.0,Edo,15,0,0,0,0,0.0,0.0,11,7,1,1,1,42,7,16.0,81900.0,7,0,0.0
120055,2,0,1,2,2,1,2,0,0,1,0,0,6.0,6.0,7.0,1.0,49.0,12.0,1216.0,5.0,2.0,Edo,5,1,1,0,2,5500.0,0.2,4,3,1,1,1,42,4,9.0,276300.0,7,1,40000.0
120056,8,3,3,8,8,1,4,3,3,1,1,1,9.0,9.0,1.0,1.0,83.0,12.0,1216.0,5.0,2.0,Edo,9,0,0,0,0,0.0,0.0,8,5,2,1,1,42,5,13.0,78600.0,7,0,0.0
120057,3,0,2,3,3,1,3,0,0,1,0,0,3.0,3.0,1.0,1.0,73.0,12.0,1216.0,5.0,2.0,Edo,4,4,0,0,4,10500.0,1.0,4,3,0,1,0,42,5,9.0,280300.0,7,1,30000.0
120058,1,1,1,1,1,1,1,1,1,1,1,1,1.0,1.0,4.0,1.0,30.0,12.0,1216.0,5.0,2.0,Edo,1,0,0,0,0,0.0,0.0,1,1,0,1,0,42,2,2.0,4800.0,7,0,0.0
120059,5,0,0,5,5,0,3,1,0,1,1,0,6.0,6.0,1.0,1.0,76.0,12.0,1216.0,5.0,2.0,Edo,6,4,0,0,4,900000.0,0.6666666666666666,6,6,1,1,1,42,8,27.0,404500.0,7,0,0.0
120060,6,4,4,6,6,1,4,3,3,1,1,1,7.0,7.0,1.0,1.0,74.0,12.0,1216.0,5.0,2.0,Edo,7,1,0,0,1,3000.0,0.14285714285714285,7,5,0,1,0,42,5,7.0,58000.0,7,0,0.0
120091,2,0,0,2,2,0,0,0,2,0,0,1,2.0,2.0,1.0,1.0,94.0,10.0,1010.0,5.0,2.0,Delta,2,1,0,0,1,3000.0,0.5,2,1,0,1,0,42,7,11.0,69000.0,7,0,0.0
120092,1,0,0,1,1,0,0,1,1,0,1,1,1.0,1.0,1.0,2.0,76.0,10.0,1019.0,5.0,1.0,Delta,2,0,0,0,1,1500.0,0.0,2,2,0,1,0,42,5,6.0,56000.0,7,0,0.0
120093,1,1,1,1,1,1,1,0,0,1,0,0,2.0,2.0,1.0,2.0,53.0,12.0,1214.0,5.0,2.0,Edo,3,1,0,0,1,20000.0,0.3333333333333333,3,3,0,1,0,42,8,16.0,205000.0,7,0,0.0
120094,1,0,0,1,1,0,0,0,0,0,0,0,1.0,1.0,1.0,2.0,61.0,12.0,1214.0,5.0,2.0,Edo,1,1,0,0,1,5000.0,1.0,1,0,0,0,0,42,6,7.0,10800.0,7,0,0.0
120096,5,0,0,5,5,0,2,2,0,1,1,0,,,,,,,,,,,6,2,0,1,3,55000.0,0.3333333333333333,6,5,3,1,1,42,8,12.0,154500.0,7,0,0.0
120099,2,2,1,2,2,1,1,0,0,1,0,0,2.0,2.0,1.0,2.0,56.0,12.0,1214.0,5.0,2.0,Edo,2,1,0,0,1,20000.0,0.5,2,2,0,1,0,42,9,15.0,101500.0,7,0,0.0
120100,2,1,0,2,2,1,1,1,2,1,1,1,2.0,2.0,1.0,1.0,50.0,12.0,1214.0,5.0,2.0,Edo,2,1,0,0,1,34000.0,0.5,2,2,1,1,1,42,9,13.0,166500.0,7,0,0.0
129001,7,2,2,7,7,1,7,6,2,1,1,1,12.0,12.0,1.0,1.0,55.0,12.0,1201.0,5.0,2.0,Edo,12,2,0,0,2,8000.0,0.16666666666666666,10,10,9,1,1,42,9,23.0,1348000.0,7,1,50000.0
129002,2,2,2,2,2,1,0,2,1,0,1,1,2.0,2.0,1.0,1.0,79.0,12.0,1201.0,5.0,2.0,Edo,2,1,0,0,0,0.0,0.5,2,2,0,1,0,42,10,16.0,94000.0,7,0,0.0
129003,3,0,0,3,3,0,2,1,0,1,1,0,3.0,3.0,1.0,1.0,75.0,12.0,1201.0,5.0,2.0,Edo,4,3,0,0,0,0.0,0.75,3,3,2,1,1,42,9,18.0,123500.0,7,0,0.0
129005,3,0,0,3,3,0,1,0,0,1,0,0,,,,,,,,,,,4,4,0,0,2,153000.0,1.0,3,3,0,1,0,42,6,10.0,96500.0,7,0,0.0
129006,4,0,1,4,4,1,3,2,1,1,1,1,4.0,4.0,1.0,1.0,68.0,12.0,1201.0,5.0,2.0,Edo,4,2,0,0,2,40000.0,0.5,4,3,1,1,1,42,11,16.0,169000.0,7,0,0.0
129007,4,3,3,4,4,1,4,1,1,1,1,1,5.0,5.0,1.0,2.0,46.0,12.0,1201.0,5.0,2.0,Edo,5,4,0,0,4,34000.0,0.8,4,4,3,1,1,42,4,10.0,436000.0,7,1,80000.0
129009,2,0,0,2,2,0,0,0,0,0,0,0,2.0,2.0,1.0,1.0,91.0,12.0,1201.0,5.0,2.0,Edo,2,0,0,0,0,0.0,0.0,2,2,0,1,0,42,7,9.0,146000.0,7,0,0.0
129010,6,3,0,6,6,1,4,4,4,1,1,1,10.0,10.0,1.0,1.0,84.0,12.0,1201.0,5.0,2.0,Edo,8,1,0,1,2,21000.0,0.125,6,5,2,1,1,42,7,12.0,121000.0,7,0,0.0
129011,2,0,0,2,2,0,0,0,0,0,0,0,2.0,2.0,1.0,2.0,85.0,12.0,1201.0,5.0,2.0,Edo,2,0,0,0,0,0.0,0.0,2,1,0,1,0,42,4,4.0,14500.0,7,0,0.0
129012,1,1,1,1,1,1,1,0,0,1,0,0,2.0,2.0,1.0,2.0,74.0,12.0,1201.0,5.0,2.0,Edo,2,2,0,0,2,5000.0,1.0,1,1,0,1,0,42,9,18.0,648000.0,7,1,50000.0
129014,3,0,0,3,3,0,1,0,0,1,0,0,3.0,3.0,1.0,1.0,78.0,12.0,1203.0,5.0,1.0,Edo,3,0,0,0,0,0.0,0.0,3,3,0,1,0,42,12,20.0,179500.0,7,0,0.0
129015,3,1,0,3,3,1,2,1,2,1,1,1,2.0,2.0,5101.0,1.0,59.0,12.0,1203.0,5.0,1.0,Edo,3,0,0,0,1,80000.0,0.0,3,3,3,1,1,42,10,15.0,123000.0,7,1,60000.0
129016,6,0,0,6,6,0,5,0,0,1,0,0,7.0,7.0,901.0,2.0,58.0,12.0,1203.0,5.0,1.0,Edo,7,0,0,0,1,80000.0,0.0,7,6,5,1,1,42,20,49.0,855000.0,7,1,789600.0
129017,5,3,2,5,5,1,5,5,1,1,1,1,5.0,5.0,2.0,1.0,51.0,12.0,1203.0,5.0,1.0,Edo,5,3,0,0,3,110000.0,0.6,5,5,5,1,1,42,16,42.0,754500.0,7,1,150000.0
129020,2,2,1,2,2,1,2,2,2,1,1,1,6.0,6.0,1.0,1.0,38.0,12.0,1203.0,5.0,1.0,Edo,6,2,0,0,2,105000.0,0.3333333333333333,4,4,3,1,1,42,15,26.0,382700.0,7,0,0.0
129021,2,1,0,2,2,1,2,1,0,1,1,0,2.0,2.0,2.0,2.0,62.0,12.0,1203.0,5.0,1.0,Edo,3,1,0,0,1,10000.0,0.3333333333333333,3,3,1,1,1,42,17,40.0,432500.0,7,0,0.0
129022,3,2,0,3,3,1,2,3,3,1,1,1,5.0,5.0,1.0,1.0,34.0,12.0,1203.0,5.0,1.0,Edo,3,2,0,0,2,9000.0,0.6666666666666666,3,3,3,1,1,42,16,29.0,554000.0,7,0,0.0
129023,4,3,0,4,4,1,3,4,4,1,1,1,4.0,4.0,1.0,1.0,83.0,12.0,1203.0,5.0,1.0,Edo,4,0,0,0,0,0.0,0.0,4,4,3,1,1,42,18,35.0,1426500.0,7,0,0.0
129024,1,1,0,1,1,1,1,1,1,1,1,1,1.0,1.0,1.0,2.0,82.0,12.0,1203.0,5.0,1.0,Edo,1,1,0,0,1,2500.0,1.0,1,1,0,1,0,42,16,30.0,3854500.0,7,0,0.0
129025,5,4,4,5,5,1,5,5,3,1,1,1,10.0,10.0,1.0,1.0,36.0,12.0,1207.0,5.0,1.0,Edo,8,7,0,0,7,18000.0,0.875,7,6,6,1,1,42,7,17.0,539500.0,7,1,500000.0
129026,2,0,1,2,2,1,0,0,0,0,0,0,2.0,2.0,1.0,2.0,70.0,12.0,1207.0,5.0,1.0,Edo,2,1,0,0,1,2000.0,0.5,2,2,0,1,0,42,3,5.0,35000.0,7,1,30000.0
129027,4,3,3,4,4,1,3,3,3,1,1,1,4.0,4.0,1.0,1.0,73.0,12.0,1207.0,5.0,1.0,Edo,4,1,0,0,1,5000.0,0.25,4,3,1,1,1,42,12,21.0,609100.0,7,0,0.0
129028,2,1,0,2,2,1,1,0,0,1,0,0,5.0,5.0,1.0,1.0,39.0,12.0,1207.0,5.0,1.0,Edo,5,2,0,0,2,103000.0,0.4,3,3,2,1,1,42,13,18.0,1109300.0,7,0,0.0
129029,3,1,1,3,3,1,3,0,0,1,0,0,3.0,3.0,1.0,1.0,65.0,12.0,1207.0,5.0,1.0,Edo,3,1,0,0,1,200000.0,0.3333333333333333,3,3,2,1,1,42,15,26.0,1128000.0,7,0,0.0
129030,5,1,1,5,5,1,5,4,2,1,1,1,6.0,6.0,1.0,1.0,65.0,12.0,1207.0,5.0,1.0,Edo,6,1,0,0,1,2000.0,0.16666666666666666,6,6,6,1,1,42,7,20.0,764000.0,7,2,235000.0
129031,4,0,0,4,4,0,1,0,0,1,0,0,1.0,1.0,5103.0,1.0,83.0,12.0,1207.0,5.0,1.0,Edo,4,1,0,0,1,150000.0,0.25,4,4,0,1,0,42,10,18.0,373000.0,7,0,0.0
129032,3,2,3,3,3,1,3,2,2,1,1,1,8.0,8.0,1.0,1.0,43.0,12.0,1207.0,5.0,1.0,Edo,7,2,0,0,2,105000.0,0.2857142857142857,5,3,1,1,1,42,16,30.0,703700.0,7,0,0.0
129033,3,2,2,3,3,1,2,2,2,1,1,1,3.0,3.0,1301.0,1.0,27.0,12.0,1207.0,5.0,1.0,Edo,3,1,0,0,1,20000.0,0.3333333333333333,3,3,1,1,1,42,12,14.0,1158000.0,7,0,0.0
129034,4,0,0,4,4,0,1,0,0,1,0,0,1.0,1.0,1.0,2.0,55.0,12.0,1207.0,5.0,1.0,Edo,4,1,0,0,2,300000.0,0.25,4,4,0,1,0,42,12,21.0,619300.0,7,0,0.0
129038,3,1,0,3,3,1,0,0,0,0,0,0,9.0,9.0,1.0,2.0,66.0,12.0,1208.0,5.0,2.0,Edo,9,9,0,0,9,620000.0,1.0,6,6,0,1,0,42,7,17.0,119000.0,7,0,0.0
129039,5,2,4,5,5,1,5,2,2,1,1,1,3.0,3.0,2.0,2.0,55.0,12.0,1208.0,5.0,2.0,Edo,5,3,0,0,3,6500.0,0.6,5,5,4,1,1,42,5,13.0,164000.0,7,1,45000.0
129040,2,1,1,2,2,1,2,1,1,1,1,1,7.0,7.0,1.0,1.0,39.0,12.0,1208.0,5.0,2.0,Edo,7,1,0,0,1,800.0,0.14285714285714285,4,2,1,1,1,42,12,23.0,508400.0,7,0,0.0
129041,9,0,0,9,9,0,2,0,0,1,0,0,6.0,6.0,1.0,2.0,80.0,12.0,1208.0,5.0,2.0,Edo,12,9,0,0,9,640000.0,0.75,10,10,0,1,0,42,6,17.0,385000.0,7,0,0.0
129042,3,0,2,3,3,1,1,0,0,1,0,0,3.0,3.0,1.0,1.0,46.0,12.0,1208.0,5.0,2.0,Edo,3,3,0,0,3,6500.0,1.0,3,3,0,1,0,42,4,7.0,105000.0,7,2,231000.0
129043,1,0,0,1,1,0,0,0,0,0,0,0,1.0,1.0,1.0,2.0,78.0,12.0,1208.0,5.0,2.0,Edo,1,0,0,0,0,0.0,0.0,1,1,0,1,0,42,3,3.0,18000.0,7,0,0.0
129044,8,3,4,8,8,1,8,4,4,1,1,1,7.0,7.0,1.0,1.0,73.0,12.0,1208.0,5.0,2.0,Edo,8,6,0,0,6,14000.0,0.75,8,8,5,1,1,42,6,21.0,733000.0,7,2,95000.0
129046,6,1,0,6,6,1,3,0,0,1,0,0,6.0,6.0,8.0,1.0,57.0,12.0,1208.0,5.0,2.0,Edo,7,7,0,0,7,660000.0,1.0,7,7,1,1,1,42,11,29.0,496000.0,7,1,18000.0
129047,4,1,1,4,4,1,2,0,0,1,0,0,4.0,4.0,1.0,1.0,73.0,12.0,1208.0,5.0,2.0,Edo,4,3,0,0,3,5000.0,0.75,4,2,0,1,0,42,4,7.0,121200.0,7,2,62000.0
129048,4,1,2,4,4,1,3,2,2,1,1,1,6.0,6.0,1.0,2.0,44.0,12.0,1208.0,5.0,2.0,Edo,6,0,0,1,1,3000.0,0.0,5,4,0,1,0,42,3,7.0,17500.0,7,0,0.0
129050,4,2,1,4,4,1,2,2,1,1,1,1,4.0,4.0,1.0,1.0,41.0,12.0,1208.0,5.0,2.0,Edo,5,0,0,0,0,0.0,0.0,5,3,1,1,1,42,6,10.0,296000.0,7,0,0.0
129051,9,3,6,9,9,1,8,7,2,1,1,1,11.0,11.0,1.0,1.0,52.0,12.0,1208.0,5.0,2.0,Edo,11,7,0,0,7,16000.0,0.6363636363636364,10,10,5,1,1,42,6,16.0,454600.0,7,1,30000.0
129052,1,0,0,1,1,0,0,1,0,0,1,0,2.0,2.0,2.0,2.0,71.0,12.0,1208.0,5.0,2.0,Edo,2,1,0,0,1,2000.0,0.5,2,1,0,1,0,42,2,2.0,21500.0,7,0,0.0
129053,3,0,1,3,3,1,1,0,0,1,0,0,3.0,3.0,1.0,2.0,69.0,12.0,1208.0,5.0,2.0,Edo,3,0,0,0,0,0.0,0.0,3,1,0,1,0,42,4,4.0,22800.0,7,0,0.0
129054,8,1,3,8,8,1,8,4,2,1,1,1,19.0,19.0,1.0,1.0,53.0,12.0,1208.0,5.0,2.0,Edo,16,5,0,0,5,11500.0,0.3125,13,11,8,1,1,42,16,40.0,2128000.0,7,2,100000.0
129055,3,3,3,3,3,1,2,3,2,1,1,1,3.0,3.0,2.0,2.0,90.0,12.0,1208.0,5.0,2.0,Edo,4,0,0,0,0,0.0,0.0,4,2,1,1,1,42,5,8.0,28800.0,7,0,0.0
129056,1,0,0,1,1,0,0,0,0,0,0,0,1.0,1.0,1.0,2.0,69.0,12.0,1208.0,5.0,2.0,Edo,1,1,0,0,1,150000.0,1.0,1,1,0,1,0,42,4,4.0,97000.0,7,0,0.0
129057,1,0,0,1,1,0,0,0,0,0,0,0,1.0,1.0,1.0,2.0,67.0,12.0,1208.0,5.0,2.0,Edo,1,1,0,0,1,100000.0,1.0,1,0,0,0,0,42,3,4.0,77000.0,7,0,0.0
129059,3,0,1,3,3,1,1,0,0,1,0,0,,,,,,,,,,,4,2,0,0,2,4200.0,0.5,4,2,0,1,0,42,5,7.0,99700.0,7,1,10500.0
129060,2,0,0,2,2,0,0,0,0,0,0,0,3.0,3.0,1.0,1.0,73.0,12.0,1208.0,5.0,2.0,Edo,5,5,0,0,5,402000.0,1.0,3,3,0,1,0,42,5,7.0,54000.0,7,0,0.0
129061,6,1,2,6,6,1,6,6,3,1,1,1,6.0,6.0,1.0,1.0,64.0,12.0,1209.0,5.0,1.0,Edo,6,2,0,0,2,6000.0,0.3333333333333333,6,6,6,1,1,42,19,36.0,2564000.0,7,0,0.0
129062,4,0,0,4,4,0,3,2,1,1,1,1,5.0,5.0,1.0,1.0,42.0,12.0,1209.0,5.0,1.0,Edo,5,3,0,0,3,75000.0,0.6,4,4,3,1,1,42,15,23.0,3398500.0,7,0,0.0
129063,1,0,0,1,1,0,1,0,0,1,0,0,2.0,2.0,1.0,2.0,52.0,12.0,1209.0,5.0,1.0,Edo,2,0,0,0,0,0.0,0.0,2,2,1,1,1,42,10,11.0,401500.0,7,0,0.0
129064,4,1,1,4,4,1,4,3,3,1,1,1,6.0,6.0,1.0,2.0,50.0,12.0,1209.0,5.0,1.0,Edo,6,1,0,1,2,4500.0,0.16666666666666666,5,5,3,1,1,42,10,14.0,437500.0,7,2,42000.0
129067,3,3,3,3,3,1,3,3,3,1,1,1,4.0,4.0,1.0,2.0,49.0,12.0,1209.0,5.0,1.0,Edo,3,1,0,0,1,5000.0,0.3333333333333333,3,3,3,1,1,42,16,25.0,256300.0,7,0,0.0
129068,4,3,3,4,4,1,3,3,3,1,1,1,5.0,5.0,1.0,1.0,54.0,12.0,1209.0,5.0,1.0,Edo,5,1,0,0,1,5000.0,0.2,4,4,4,1,1,42,14,29.0,475400.0,7,0,0.0
129069,2,1,2,2,2,1,2,1,1,1,1,1,,,,,,,,,,,2,1,0,0,1,3000.0,0.5,2,2,1,1,1,42,9,14.0,469000.0,7,1,30000.0
129070,2,0,0,2,2,0,2,0,0,1,0,0,,,,,,,,,,,5,2,0,0,2,49000.0,0.4,3,3,1,1,1,42,11,16.0,599000.0,7,0,0.0
129072,5,4,4,5,5,1,4,4,4,1,1,1,7.0,7.0,1.0,1.0,43.0,12.0,1209.0,5.0,1.0,Edo,6,1,0,0,1,10000.0,0.16666666666666666,5,5,3,1,1,42,11,19.0,297900.0,7,0,0.0
129073,2,2,0,2,2,1,2,2,2,1,1,1,2.0,2.0,1.0,1.0,61.0,12.0,1209.0,5.0,1.0,Edo,4,2,0,0,2,5500.0,0.5,3,1,1,1,1,42,13,27.0,2073000.0,7,2,60000.0
129074,1,1,1,1,1,1,1,1,1,1,1,1,1.0,1.0,1.0,2.0,78.0,12.0,1209.0,5.0,1.0,Edo,1,0,0,0,0,0.0,0.0,1,1,0,1,0,42,15,17.0,2690900.0,7,0,0.0
129076,2,2,2,2,2,1,2,2,2,1,1,1,5.0,5.0,101.0,1.0,37.0,12.0,1209.0,5.0,1.0,Edo,4,0,0,0,0,0.0,0.0,3,2,2,1,1,42,11,29.0,348100.0,7,0,0.0
129077,1,1,1,1,1,1,1,1,1,1,1,1,3.0,3.0,1.0,2.0,57.0,12.0,1209.0,5.0,1.0,Edo,3,0,1,0,1,62000.0,0.0,1,1,0,1,0,42,10,12.0,244100.0,7,0,0.0
129079,5,1,2,5,5,1,5,4,3,1,1,1,3.0,3.0,1.0,2.0,40.0,12.0,1209.0,5.0,1.0,Edo,5,4,0,0,4,9500.0,0.8,5,5,4,1,1,42,9,20.0,220500.0,7,2,45000.0
129080,1,0,0,1,1,0,1,0,0,1,0,0,,,,,,,,,,,1,1,0,0,1,30000.0,1.0,1,1,0,1,0,42,13,17.0,1980000.0,7,0,0.0
129081,1,0,0,1,1,0,1,1,0,1,1,0,2.0,2.0,2.0,2.0,30.0,12.0,1209.0,5.0,1.0,Edo,3,1,0,1,2,14000.0,0.3333333333333333,2,1,1,1,1,42,11,13.0,205500.0,7,0,0.0
129083,3,0,0,3,3,0,2,0,0,1,0,0,5.0,5.0,1.0,1.0,48.0,12.0,1209.0,5.0,1.0,Edo,5,2,0,0,2,18000.0,0.4,4,4,0,1,0,42,9,13.0,143500.0,7,0,0.0
129084,2,0,0,2,2,0,1,1,0,1,1,0,3.0,3.0,1.0,2.0,54.0,12.0,1209.0,5.0,1.0,Edo,3,1,0,0,1,5000.0,0.3333333333333333,2,2,1,1,1,42,12,21.0,934500.0,7,0,0.0
129086,3,0,0,3,3,0,3,1,0,1,1,0,4.0,4.0,1.0,2.0,42.0,24.0,2414.0,6.0,1.0,Lagos,5,1,0,0,1,50000.0,0.2,5,3,3,1,1,42,12,21.0,240000.0,7,0,0.0
129087,2,2,1,2,2,1,2,2,0,1,1,0,4.0,4.0,1.0,1.0,39.0,12.0,1211.0,5.0,1.0,Edo,3,2,0,0,2,160000.0,0.6666666666666666,2,2,2,1,1,42,13,20.0,310500.0,7,0,0.0
129088,3,0,0,3,3,0,2,1,0,1,1,0,3.0,3.0,1.0,1.0,80.0,12.0,1211.0,5.0,1.0,Edo,4,1,0,0,1,5000.0,0.25,4,4,4,1,1,42,13,27.0,242000.0,7,3,463000.0
129089,4,2,1,4,4,1,2,0,0,1,0,0,4.0,4.0,1.0,1.0,41.0,12.0,1211.0,5.0,1.0,Edo,5,2,0,0,1,10000.0,0.4,5,4,0,1,0,42,14,24.0,194000.0,7,1,350000.0
129090,3,1,0,3,3,1,2,0,0,1,0,0,3.0,3.0,1.0,1.0,68.0,12.0,1211.0,5.0,1.0,Edo,3,2,0,0,2,12000.0,0.6666666666666666,3,3,2,1,1,42,14,34.0,197000.0,7,0,0.0
129091,2,0,2,2,2,1,2,2,0,1,1,0,,,,,,,,,,,2,2,0,0,2,13000.0,1.0,2,2,2,1,1,42,16,20.0,3885000.0,7,0,0.0
129092,6,0,0,6,6,0,5,2,1,1,1,1,6.0,6.0,1.0,1.0,72.0,12.0,1211.0,5.0,1.0,Edo,6,2,0,0,2,7000.0,0.3333333333333333,6,6,4,1,1,42,16,42.0,260500.0,7,0,0.0
129094,2,2,2,2,2,1,2,2,0,1,1,0,5.0,5.0,1.0,1.0,41.0,12.0,1211.0,5.0,1.0,Edo,4,2,0,0,2,10000.0,0.5,2,2,1,1,1,42,14,20.0,226500.0,7,0,0.0
129095,3,2,0,3,3,1,2,3,3,1,1,1,3.0,3.0,1.0,1.0,60.0,12.0,1211.0,5.0,1.0,Edo,3,3,0,0,3,14000.0,1.0,3,3,2,1,1,42,14,22.0,118500.0,7,1,144000.0
129096,3,2,1,3,3,1,2,2,0,1,1,0,3.0,3.0,1.0,2.0,59.0,12.0,1211.0,5.0,1.0,Edo,3,2,0,0,2,45000.0,0.6666666666666666,3,3,2,1,1,42,12,22.0,161500.0,7,0,0.0
129098,2,2,1,2,2,1,2,2,2,1,1,1,5.0,5.0,1.0,1.0,37.0,12.0,1211.0,5.0,1.0,Edo,5,2,0,0,2,105000.0,0.4,3,3,3,1,1,42,20,42.0,3339500.0,7,0,0.0
129099,3,0,0,3,3,0,2,1,0,1,1,0,3.0,3.0,2.0,2.0,34.0,12.0,1218.0,5.0,1.0,Edo,4,2,0,0,2,30000.0,0.5,4,3,0,1,0,42,9,13.0,217500.0,7,0,0.0
129101,6,4,4,6,6,1,4,2,0,1,1,0,7.0,7.0,1.0,1.0,53.0,12.0,1211.0,5.0,1.0,Edo,7,3,0,0,3,170000.0,0.42857142857142855,7,7,5,1,1,42,15,34.0,984300.0,7,0,0.0
129104,9,9,2,9,9,1,9,9,9,1,1,1,11.0,11.0,1.0,1.0,56.0,12.0,1211.0,5.0,1.0,Edo,11,3,0,0,3,77500.0,0.2727272727272727,11,11,11,1,1,42,27,67.0,6140500.0,7,1,200000.0
129106,2,0,0,2,2,0,2,0,0,1,0,0,6.0,6.0,1.0,1.0,43.0,12.0,1211.0,5.0,1.0,Edo,6,2,0,0,2,50000.0,0.3333333333333333,4,4,4,1,1,42,11,18.0,179000.0,7,0,0.0
129109,3,3,0,3,3,1,3,3,0,1,1,0,1.0,1.0,1.0,1.0,76.0,12.0,1212.0,5.0,1.0,Edo,3,2,0,0,2,10000.0,0.6666666666666666,3,3,3,1,1,42,12,30.0,419500.0,7,2,906000.0
129110,2,0,0,2,2,0,1,0,0,1,0,0,2.0,2.0,1.0,1.0,89.0,12.0,1212.0,5.0,1.0,Edo,2,0,0,0,0,0.0,0.0,2,2,0,1,0,42,13,36.0,329500.0,7,2,700000.0
129111,2,2,0,2,2,1,2,2,2,1,1,1,4.0,4.0,1.0,1.0,38.0,12.0,1212.0,5.0,1.0,Edo,3,2,0,0,2,20000.0,0.6666666666666666,2,2,2,1,1,42,16,25.0,2236000.0,7,0,0.0
129112,2,2,1,2,2,1,2,2,0,1,1,0,3.0,3.0,1.0,1.0,42.0,12.0,1212.0,5.0,1.0,Edo,3,2,0,1,3,115000.0,0.6666666666666666,3,3,3,1,1,42,19,38.0,2106000.0,7,0,0.0
129113,2,0,0,2,2,0,2,2,2,1,1,1,1.0,1.0,1.0,1.0,39.0,12.0,1212.0,5.0,1.0,Edo,2,1,0,0,1,80000.0,0.5,2,2,2,1,1,42,14,18.0,1209000.0,7,0,0.0
129114,3,0,0,3,3,0,2,2,0,1,1,0,7.0,7.0,1.0,1.0,40.0,12.0,1212.0,5.0,1.0,Edo,6,1,1,0,2,55000.0,0.16666666666666666,3,3,3,1,1,42,14,27.0,227500.0,7,1,100000.0
129116,3,2,1,3,3,1,2,3,3,1,1,1,4.0,4.0,1.0,1.0,40.0,12.0,1212.0,5.0,1.0,Edo,4,2,0,0,2,320000.0,0.5,3,2,3,1,1,42,15,23.0,1942000.0,7,0,0.0
129117,1,1,0,1,1,1,1,1,1,1,1,1,3.0,3.0,1.0,1.0,45.0,12.0,1212.0,5.0,1.0,Edo,3,1,0,0,1,100000.0,0.3333333333333333,3,3,3,1,1,42,14,19.0,3591000.0,7,0,0.0
129122,2,1,1,2,2,1,2,2,2,1,1,1,3.0,3.0,1701.0,1.0,30.0,12.0,1212.0,5.0,2.0,Edo,2,2,0,0,2,24000.0,1.0,2,2,1,1,1,42,8,10.0,105000.0,7,0,0.0
129123,4,3,1,4,4,1,2,0,0,1,0,0,4.0,4.0,5102.0,1.0,38.0,12.0,1215.0,5.0,2.0,Edo,5,4,0,0,4,50000.0,0.8,5,5,0,1,0,42,7,14.0,103500.0,7,0,0.0
129124,3,0,0,3,3,0,1,0,0,1,0,0,3.0,3.0,1.0,1.0,41.0,12.0,1215.0,5.0,2.0,Edo,4,2,0,0,1,70000.0,0.5,3,3,2,1,1,42,12,15.0,147000.0,7,0,0.0
129127,3,1,0,3,3,1,1,3,3,1,1,1,4.0,4.0,1.0,1.0,55.0,12.0,1215.0,5.0,2.0,Edo,4,2,0,0,2,65000.0,0.5,4,4,0,1,0,42,10,15.0,162000.0,7,0,0.0
129128,2,2,1,2,2,1,1,1,0,1,1,0,5.0,5.0,1.0,1.0,41.0,12.0,1215.0,5.0,2.0,Edo,5,2,0,1,3,45000.0,0.4,4,4,0,1,0,42,10,16.0,64500.0,7,0,0.0
129129,5,3,1,5,5,1,4,5,5,1,1,1,7.0,7.0,1.0,1.0,53.0,12.0,1215.0,5.0,2.0,Edo,7,2,0,0,2,76000.0,0.2857142857142857,6,6,6,1,1,42,24,63.0,1966500.0,7,2,365200.0
129131,1,0,1,1,1,1,0,0,0,0,0,0,1.0,1.0,1.0,2.0,56.0,12.0,1215.0,5.0,2.0,Edo,1,1,0,0,0,0.0,1.0,1,1,0,1,0,42,6,8.0,35000.0,7,0,0.0
129132,1,1,0,1,1,1,1,1,1,1,1,1,1.0,1.0,1.0,1.0,26.0,12.0,1215.0,5.0,2.0,Edo,1,1,0,0,1,40000.0,1.0,1,1,1,1,1,42,7,9.0,73500.0,7,0,0.0
129134,3,1,0,3,3,1,1,0,0,1,0,0,3.0,3.0,2.0,2.0,40.0,12.0,1216.0,5.0,1.0,Edo,4,1,0,0,1,5000.0,0.25,3,3,0,1,0,42,11,16.0,286000.0,7,0,0.0
129135,1,1,1,1,1,1,1,1,1,1,1,1,1.0,1.0,1.0,1.0,68.0,12.0,1216.0,5.0,1.0,Edo,1,0,1,0,1,3000.0,0.0,1,1,1,1,1,42,9,12.0,241000.0,7,0,0.0
129136,3,2,2,3,3,1,2,2,2,1,1,1,1.0,1.0,2.0,2.0,89.0,12.0,1216.0,5.0,1.0,Edo,4,0,0,0,0,0.0,0.0,4,2,2,1,1,42,13,30.0,503300.0,7,0,0.0
129137,2,1,1,2,2,1,1,1,1,1,1,1,3.0,3.0,1.0,2.0,62.0,12.0,1216.0,5.0,1.0,Edo,3,2,0,0,2,5000.0,0.6666666666666666,2,2,1,1,1,42,7,14.0,164000.0,7,1,30000.0
129139,3,3,3,3,3,1,3,3,3,1,1,1,5.0,5.0,1701.0,1.0,42.0,12.0,1216.0,5.0,1.0,Edo,4,2,0,0,2,26500.0,0.5,3,3,2,1,1,42,13,17.0,393200.0,7,0,0.0
129141,3,0,1,3,3,1,3,3,2,1,1,1,6.0,6.0,1.0,2.0,58.0,12.0,1216.0,5.0,1.0,Edo,6,3,0,0,3,5000.0,0.5,3,3,3,1,1,42,11,20.0,283500.0,7,1,30000.0
129142,4,1,0,4,4,1,2,1,0,1,1,0,3.0,3.0,1.0,1.0,59.0,12.0,1216.0,5.0,1.0,Edo,4,4,0,0,2,312000.0,1.0,4,4,2,1,1,42,14,20.0,490000.0,7,0,0.0
129143,3,0,0,3,3,0,1,0,0,1,0,0,7.0,7.0,1.0,2.0,48.0,12.0,1216.0,5.0,1.0,Edo,8,5,0,0,5,10500.0,0.625,6,2,2,1,1,42,9,16.0,247500.0,7,1,65000.0
129145,4,2,1,4,4,1,1,1,0,1,1,0,5.0,5.0,1.0,1.0,65.0,12.0,1218.0,5.0,1.0,Edo,5,5,0,0,5,55000.0,1.0,5,5,4,1,1,42,16,31.0,1762000.0,7,0,0.0
129146,1,0,1,1,1,1,1,0,0,1,0,0,1.0,1.0,1.0,2.0,69.0,12.0,1218.0,5.0,1.0,Edo,1,0,0,0,0,0.0,0.0,1,1,0,1,0,42,6,7.0,37000.0,7,0,0.0
129147,3,1,0,3,3,1,1,0,0,1,0,0,7.0,7.0,1.0,1.0,58.0,10.0,1007.0,5.0,1.0,Delta,7,3,0,0,3,2030000.0,0.42857142857142855,6,2,0,1,0,42,13,23.0,304500.0,7,0,0.0
129148,1,0,0,1,1,0,1,0,0,1,0,0,1.0,1.0,2.0,2.0,48.0,12.0,1218.0,5.0,1.0,Edo,1,1,0,0,1,150000.0,1.0,1,1,0,1,0,42,11,16.0,573000.0,7,0,0.0
129152,1,0,0,1,1,0,0,0,0,0,0,0,1.0,1.0,1.0,2.0,65.0,12.0,1218.0,5.0,1.0,Edo,1,0,0,0,0,0.0,0.0,1,1,0,1,0,42,3,4.0,16000.0,7,0,0.0
129153,2,2,2,2,2,1,2,2,2,1,1,1,4.0,4.0,1.0,1.0,33.0,12.0,1218.0,5.0,1.0,Edo,4,2,0,0,2,14000.0,0.5,2,2,2,1,1,42,14,17.0,275500.0,7,0,0.0
129154,2,1,1,2,2,1,1,0,0,1,0,0,6.0,6.0,1.0,1.0,44.0,12.0,1218.0,5.0,1.0,Edo,6,2,0,0,2,40000.0,0.3333333333333333,2,2,2,1,1,42,10,19.0,200500.0,7,1,80000.0
129156,4,3,2,4,4,1,2,4,4,1,1,1,4.0,4.0,1.0,1.0,59.0,12.0,1218.0,5.0,1.0,Edo,4,3,0,0,3,43500.0,0.75,4,4,2,1,1,42,13,19.0,255500.0,7,1,90000.0
129168,2,0,2,2,2,1,2,0,0,1,0,0,6.0,6.0,1.0,1.0,57.0,12.0,1209.0,5.0,1.0,Edo,6,2,0,0,2,3500.0,0.3333333333333333,5,5,3,1,1,42,11,21.0,830500.0,7,2,110000.0
129170,3,2,2,3,3,1,3,2,2,1,1,1,3.0,3.0,3.0,1.0,35.0,12.0,1209.0,5.0,1.0,Edo,3,3,0,0,3,7000.0,1.0,3,3,2,1,1,42,10,24.0,315500.0,7,2,50000.0
129173,2,2,1,2,2,1,2,2,2,1,1,1,4.0,4.0,1.0,1.0,38.0,12.0,1211.0,5.0,1.0,Edo,3,2,0,0,2,20000.0,0.6666666666666666,2,2,2,1,1,42,14,26.0,1671500.0,7,0,0.0
129174,3,0,0,3,3,0,2,0,0,1,0,0,6.0,6.0,5.0,1.0,40.0,12.0,1211.0,5.0,1.0,Edo,5,2,0,0,1,15000.0,0.4,5,5,5,1,1,42,13,20.0,391700.0,7,0,0.0
129176,3,2,0,3,3,1,2,3,3,1,1,1,2.0,2.0,1.0,2.0,74.0,12.0,1211.0,5.0,1.0,Edo,3,1,0,0,1,7500.0,0.3333333333333333,3,3,3,1,1,42,12,19.0,340500.0,7,0,0.0
129180,4,3,3,4,4,1,3,3,3,1,1,1,1.0,1.0,1.0,1.0,65.0,12.0,1216.0,5.0,1.0,Edo,5,2,0,0,2,14000.0,0.4,5,3,2,1,1,42,15,25.0,1515100.0,7,0,0.0
129182,4,1,2,4,4,1,4,1,1,1,1,1,4.0,4.0,1.0,1.0,63.0,12.0,1218.0,5.0,1.0,Edo,4,2,0,0,2,39000.0,0.5,4,4,2,1,1,42,11,26.0,212600.0,7,0,0.0
130021,4,0,3,4,4,1,4,2,3,1,1,1,4.0,4.0,1.0,1.0,69.0,13.0,1307.0,6.0,1.0,Ekiti,4,1,1,0,2,12500.0,0.25,4,4,2,1,1,42,14,33.0,316000.0,7,3,125000.0
130023,5,1,0,5,5,1,1,0,0,1,0,0,6.0,6.0,1.0,1.0,50.0,13.0,1307.0,6.0,2.0,Ekiti,7,2,0,0,2,9000.0,0.2857142857142857,6,4,1,1,1,42,6,15.0,758300.0,7,1,5000.0
130024,1,0,0,1,1,0,1,0,0,1,0,0,1.0,1.0,1.0,1.0,56.0,24.0,2403.0,6.0,1.0,Lagos,1,1,0,0,1,20000.0,1.0,1,1,0,1,0,42,7,11.0,46000.0,7,0,0.0
130025,4,2,1,4,4,1,4,0,0,1,0,0,7.0,7.0,1.0,1.0,52.0,13.0,1307.0,6.0,1.0,Ekiti,7,4,0,0,2,250000.0,0.5714285714285714,6,4,4,1,1,42,13,26.0,564300.0,7,1,7000.0
130026,3,2,0,3,3,1,2,2,0,1,1,0,6.0,6.0,5.0,1.0,50.0,13.0,1307.0,6.0,1.0,Ekiti,6,2,0,0,2,102000.0,0.3333333333333333,4,2,2,1,1,42,10,16.0,567000.0,7,0,0.0
130027,3,0,1,3,3,1,3,3,0,1,1,0,5.0,5.0,1.0,1.0,53.0,13.0,1307.0,6.0,1.0,Ekiti,5,2,0,0,2,44000.0,0.4,5,4,3,1,1,42,13,21.0,269800.0,7,0,0.0
130029,3,2,0,3,3,1,2,1,0,1,1,0,3.0,3.0,1.0,1.0,63.0,13.0,1307.0,6.0,1.0,Ekiti,3,3,0,0,2,22500.0,1.0,3,3,1,1,1,42,8,10.0,459500.0,7,0,0.0
130030,1,0,1,1,1,1,1,1,0,1,1,0,1.0,1.0,1.0,2.0,76.0,13.0,1307.0,6.0,1.0,Ekiti,1,1,0,0,1,2000.0,1.0,1,1,0,1,0,42,10,19.0,107800.0,7,0,0.0
130032,3,2,2,3,3,1,2,2,1,1,1,1,5.0,5.0,1.0,1.0,43.0,13.0,1303.0,6.0,1.0,Ekiti,5,2,0,0,2,62200.0,0.4,4,3,3,1,1,42,8,11.0,696400.0,7,0,0.0
130033,2,0,0,2,2,0,2,0,0,1,0,0,3.0,3.0,1.0,1.0,81.0,13.0,1303.0,6.0,1.0,Ekiti,3,0,0,0,0,0.0,0.0,2,2,1,1,1,42,18,26.0,1758500.0,7,0,0.0
130034,2,0,1,2,2,1,1,0,0,1,0,0,2.0,2.0,1.0,1.0,78.0,13.0,1303.0,6.0,1.0,Ekiti,2,2,0,0,2,59000.0,1.0,2,2,0,1,0,42,5,9.0,50500.0,7,0,0.0
130035,1,0,1,1,1,1,1,0,1,1,0,1,3.0,3.0,1.0,2.0,70.0,13.0,1303.0,6.0,1.0,Ekiti,3,1,0,0,0,0.0,0.3333333333333333,2,1,1,1,1,42,11,21.0,177500.0,7,2,105000.0
130036,1,0,0,1,1,0,0,0,0,0,0,0,4.0,4.0,1.0,2.0,71.0,13.0,1303.0,6.0,1.0,Ekiti,4,0,0,0,0,0.0,0.0,1,1,0,1,0,42,5,8.0,32500.0,7,3,41000.0
130038,2,2,2,2,2,1,2,0,0,1,0,0,1.0,1.0,1.0,1.0,34.0,13.0,1303.0,6.0,1.0,Ekiti,4,2,0,0,2,750000.0,0.5,3,2,0,1,0,42,14,24.0,696000.0,7,0,0.0
130039,3,0,2,3,3,1,2,0,0,1,0,0,3.0,3.0,1.0,1.0,52.0,13.0,1303.0,6.0,1.0,Ekiti,3,2,0,0,0,0.0,0.6666666666666666,3,2,0,1,0,42,6,10.0,114000.0,7,0,0.0
130040,2,1,0,2,2,1,2,2,2,1,1,1,4.0,4.0,3.0,1.0,33.0,13.0,1310.0,6.0,1.0,Ekiti,2,1,0,0,1,80000.0,0.5,2,2,2,1,1,42,18,32.0,674700.0,7,0,0.0
130051,3,0,0,3,3,0,0,0,0,0,0,0,4.0,4.0,1.0,1.0,57.0,13.0,1309.0,6.0,2.0,Ekiti,4,3,0,0,1,3000.0,0.75,3,2,0,1,0,42,5,7.0,58000.0,7,0,0.0
130052,2,1,0,2,2,1,1,0,0,1,0,0,5.0,5.0,1.0,1.0,37.0,13.0,1309.0,6.0,2.0,Ekiti,5,2,0,0,1,250000.0,0.4,5,2,0,1,0,42,7,8.0,377500.0,7,0,0.0
130053,1,0,0,1,1,0,0,0,0,0,0,0,1.0,1.0,4.0,2.0,65.0,13.0,1309.0,6.0,2.0,Ekiti,1,0,0,0,0,0.0,0.0,1,1,0,1,0,42,7,12.0,69500.0,7,2,75000.0
130054,1,1,0,1,1,1,1,0,0,1,0,0,1.0,1.0,1.0,1.0,70.0,13.0,1309.0,6.0,2.0,Ekiti,1,1,0,0,1,180000.0,1.0,1,1,0,1,0,42,5,5.0,229000.0,7,0,0.0
130055,2,2,0,2,2,1,2,2,0,1,1,0,2.0,2.0,1.0,1.0,59.0,13.0,1309.0,6.0,2.0,Ekiti,2,2,0,0,2,1200000.0,1.0,2,2,0,1,0,42,6,8.0,258500.0,7,0,0.0
130056,2,1,0,2,2,1,1,1,0,1,1,0,2.0,2.0,2.0,2.0,57.0,13.0,1309.0,6.0,2.0,Ekiti,2,1,0,0,1,500000.0,0.5,2,2,1,1,1,42,7,9.0,108100.0,7,0,0.0
130057,7,0,0,7,7,0,1,2,0,1,1,0,7.0,7.0,1.0,1.0,55.0,13.0,1309.0,6.0,2.0,Ekiti,7,4,0,0,4,170300.0,0.5714285714285714,7,7,0,1,0,42,7,12.0,110800.0,7,0,0.0
130059,6,2,0,6,6,1,3,6,0,1,1,0,7.0,7.0,1.0,1.0,54.0,13.0,1309.0,6.0,1.0,Ekiti,7,2,0,0,2,55000.0,0.2857142857142857,6,6,2,1,1,42,6,15.0,509000.0,7,0,0.0
130060,2,0,0,2,2,0,0,0,0,0,0,0,4.0,4.0,1.0,1.0,54.0,13.0,1309.0,6.0,2.0,Ekiti,4,2,0,0,2,6500.0,0.5,4,4,4,1,1,42,8,12.0,104700.0,7,0,0.0
139002,2,2,1,2,2,1,2,2,0,1,1,0,4.0,4.0,1.0,1.0,47.0,13.0,1301.0,6.0,1.0,Ekiti,4,2,0,0,2,80000.0,0.5,4,2,2,1,1,42,16,25.0,2779000.0,7,0,0.0
139005,2,2,0,2,2,1,2,2,0,1,1,0,3.0,3.0,1.0,1.0,37.0,13.0,1301.0,6.0,1.0,Ekiti,2,2,0,0,2,190000.0,1.0,2,2,2,1,1,42,9,11.0,382000.0,7,1,40000.0
139007,2,2,1,2,2,1,2,2,0,1,1,0,2.0,2.0,1.0,1.0,43.0,13.0,1301.0,6.0,1.0,Ekiti,2,2,0,0,2,138000.0,1.0,2,2,2,1,1,42,11,13.0,478300.0,7,0,0.0
139008,2,2,2,2,2,1,2,2,2,1,1,1,5.0,5.0,1.0,1.0,39.0,13.0,1301.0,6.0,1.0,Ekiti,4,2,0,0,2,305000.0,0.5,2,2,2,1,1,42,19,31.0,3447500.0,7,0,0.0
139009,2,0,0,2,2,0,2,0,0,1,0,0,1.0,1.0,1.0,1.0,34.0,13.0,1301.0,6.0,1.0,Ekiti,2,1,0,0,2,125000.0,0.5,2,2,2,1,1,42,19,39.0,7468800.0,7,0,0.0
139010,1,1,0,1,1,1,1,1,0,1,1,0,1.0,1.0,1.0,2.0,61.0,13.0,1301.0,6.0,1.0,Ekiti,2,2,0,0,2,2000.0,1.0,2,1,1,1,1,42,13,22.0,1094000.0,7,1,30000.0
139011,5,3,1,5,5,1,5,5,2,1,1,1,7.0,7.0,1.0,1.0,62.0,13.0,1301.0,6.0,1.0,Ekiti,5,2,0,0,2,191500.0,0.4,5,5,5,1,1,42,15,47.0,3377500.0,7,5,675000.0
139012,2,2,2,2,2,1,2,2,0,1,1,0,6.0,6.0,1.0,1.0,43.0,13.0,1301.0,6.0,1.0,Ekiti,4,1,0,0,2,23500.0,0.25,4,3,3,1,1,42,13,20.0,1223500.0,7,2,990000.0
139013,3,1,0,3,3,1,3,1,0,1,1,0,6.0,6.0,1.0,1.0,49.0,13.0,1303.0,6.0,1.0,Ekiti,6,2,0,0,2,7900.0,0.3333333333333333,4,3,1,1,1,42,7,10.0,538000.0,7,1,100000.0
139015,4,1,2,4,4,1,1,0,0,1,0,0,8.0,8.0,1.0,1.0,52.0,13.0,1303.0,6.0,1.0,Ekiti,7,1,0,0,1,150000.0,0.14285714285714285,6,2,0,1,0,42,16,32.0,324200.0,7,1,5000.0
139016,1,0,0,1,1,0,0,0,0,0,0,0,3.0,3.0,1.0,2.0,31.0,13.0,1303.0,6.0,1.0,Ekiti,3,1,0,0,1,1000.0,0.3333333333333333,1,0,0,0,0,42,2,2.0,12800.0,7,0,0.0
139018,2,0,0,2,2,0,1,1,0,1,1,0,1.0,1.0,2.0,2.0,22.0,13.0,1303.0,6.0,1.0,Ekiti,2,1,0,0,1,2000.0,0.5,2,2,0,1,0,42,4,7.0,47000.0,7,0,0.0
139020,3,2,0,3,3,1,2,2,0,1,1,0,6.0,6.0,1.0,1.0,39.0,13.0,1303.0,6.0,1.0,Ekiti,6,2,0,0,2,80000.0,0.3333333333333333,5,2,2,1,1,42,14,19.0,787500.0,7,0,0.0
139021,1,1,0,1,1,1,1,0,0,1,0,0,1.0,1.0,1.0,1.0,74.0,13.0,1303.0,6.0,1.0,Ekiti,1,0,0,0,0,0.0,0.0,1,1,0,1,0,42,9,13.0,118500.0,7,0,0.0
139022,2,1,0,2,2,1,2,1,0,1,1,0,2.0,2.0,1.0,1.0,67.0,13.0,1303.0,6.0,1.0,Ekiti,2,2,0,0,2,85000.0,1.0,2,2,1,1,1,42,13,16.0,827000.0,7,0,0.0
139023,1,0,0,1,1,0,0,0,0,0,0,0,1.0,1.0,1.0,2.0,80.0,13.0,1303.0,6.0,1.0,Ekiti,1,0,0,0,0,0.0,0.0,1,1,0,1,0,42,7,12.0,101500.0,7,1,50000.0
139024,4,1,1,4,4,1,3,2,3,1,1,1,5.0,5.0,1.0,1.0,65.0,13.0,1303.0,6.0,1.0,Ekiti,5,2,0,0,2,61500.0,0.4,5,5,3,1,1,42,7,11.0,197500.0,7,0,0.0
139025,4,2,0,4,4,1,2,1,0,1,1,0,4.0,4.0,1.0,2.0,56.0,13.0,1306.0,6.0,1.0,Ekiti,4,2,0,0,2,22000.0,0.5,4,2,0,1,0,42,7,10.0,53000.0,7,0,0.0
139026,2,1,1,2,2,1,2,0,0,1,0,0,5.0,5.0,1.0,1.0,39.0,13.0,1306.0,6.0,1.0,Ekiti,4,1,1,0,2,5300.0,0.25,3,2,0,1,0,42,4,4.0,59400.0,7,0,0.0
139027,1,0,0,1,1,0,0,0,0,0,0,0,1.0,1.0,1.0,1.0,47.0,13.0,1306.0,6.0,1.0,Ekiti,1,1,0,0,1,2000.0,1.0,1,1,0,1,0,42,5,5.0,119500.0,7,0,0.0
139029,1,1,0,1,1,1,1,1,0,1,1,0,1.0,1.0,1.0,1.0,32.0,13.0,1306.0,6.0,1.0,Ekiti,1,1,0,0,1,200000.0,1.0,1,1,0,1,0,42,7,7.0,362500.0,7,0,0.0
139030,2,2,0,2,2,1,2,2,0,1,1,0,4.0,4.0,1.0,1.0,45.0,13.0,1306.0,6.0,1.0,Ekiti,3,2,0,0,2,600000.0,0.6666666666666666,3,2,0,1,0,42,13,20.0,232500.0,7,0,0.0
139031,3,1,0,3,3,1,2,2,1,1,1,1,5.0,5.0,1.0,1.0,42.0,13.0,1306.0,6.0,1.0,Ekiti,5,1,0,0,1,24000.0,0.2,3,3,2,1,1,42,7,16.0,111500.0,7,2,125000.0
139032,2,2,2,2,2,1,2,2,0,1,1,0,2.0,2.0,1.0,1.0,42.0,13.0,1306.0,6.0,1.0,Ekiti,2,1,1,0,2,7000.0,0.5,2,2,0,1,0,42,6,8.0,72500.0,7,0,0.0
139033,3,2,1,3,3,1,2,2,1,1,1,1,2.0,2.0,1.0,1.0,61.0,13.0,1306.0,6.0,1.0,Ekiti,3,2,0,0,2,42500.0,0.6666666666666666,3,2,1,1,1,42,6,8.0,233900.0,7,0,0.0
139034,3,0,0,3,3,0,1,0,0,1,0,0,5.0,5.0,1.0,2.0,50.0,13.0,1306.0,6.0,1.0,Ekiti,4,1,0,0,1,2000.0,0.25,4,2,0,1,0,42,9,16.0,138500.0,7,0,0.0
139035,2,0,0,2,2,0,0,0,0,0,0,0,6.0,6.0,1.0,1.0,33.0,13.0,1306.0,6.0,1.0,Ekiti,5,1,0,0,1,1500.0,0.2,3,1,0,1,0,42,4,5.0,41800.0,7,0,0.0
139036,2,0,0,2,2,0,2,2,1,1,1,1,6.0,6.0,1.0,1.0,45.0,13.0,1306.0,6.0,1.0,Ekiti,5,2,0,0,1,30000.0,0.4,3,3,2,1,1,42,15,19.0,2929000.0,7,0,0.0
139037,3,1,0,3,3,1,2,0,0,1,0,0,6.0,6.0,1.0,1.0,34.0,13.0,1306.0,6.0,1.0,Ekiti,4,2,0,0,2,800000.0,0.5,3,3,2,1,1,42,8,13.0,341500.0,7,0,0.0
139038,4,0,0,4,4,0,0,0,0,0,0,0,5.0,5.0,1.0,1.0,52.0,13.0,1306.0,6.0,1.0,Ekiti,5,2,0,0,2,28000.0,0.4,5,2,0,1,0,42,6,8.0,135100.0,7,0,0.0
139039,1,1,1,1,1,1,1,0,1,1,0,1,1.0,1.0,1.0,1.0,54.0,13.0,1306.0,6.0,1.0,Ekiti,1,1,0,0,1,45000.0,1.0,1,1,1,1,1,42,12,26.0,632500.0,7,2,650000.0
139041,2,1,0,2,2,1,2,2,0,1,1,0,5.0,5.0,1.0,1.0,41.0,13.0,1306.0,6.0,1.0,Ekiti,5,2,0,0,2,10000.0,0.4,4,2,1,1,1,42,6,8.0,102000.0,7,0,0.0
139042,1,1,0,1,1,1,1,0,1,1,0,1,1.0,1.0,1.0,1.0,38.0,13.0,1306.0,6.0,1.0,Ekiti,1,1,0,0,1,20000.0,1.0,1,1,1,1,1,42,7,18.0,646500.0,7,0,0.0
139043,2,1,0,2,2,1,1,0,1,1,0,1,5.0,5.0,1.0,1.0,72.0,13.0,1306.0,6.0,1.0,Ekiti,4,2,0,0,2,30000.0,0.5,3,2,0,1,0,42,5,17.0,110500.0,7,2,75000.0
139044,2,0,2,2,2,1,2,2,1,1,1,1,5.0,5.0,1.0,1.0,51.0,13.0,1306.0,6.0,1.0,Ekiti,3,2,0,0,2,118000.0,0.6666666666666666,3,2,2,1,1,42,8,10.0,743000.0,7,0,0.0
139046,2,2,0,2,2,1,2,2,0,1,1,0,8.0,8.0,1.0,1.0,42.0,13.0,1306.0,6.0,1.0,Ekiti,7,2,0,0,0,0.0,0.2857142857142857,4,2,2,1,1,42,10,11.0,463500.0,7,0,0.0
139047,3,2,0,3,3,1,2,0,0,1,0,0,6.0,6.0,1.0,1.0,45.0,13.0,1306.0,6.0,1.0,Ekiti,5,2,0,0,2,200000.0,0.4,5,3,1,1,1,42,10,16.0,316500.0,7,0,0.0
139048,1,1,0,1,1,1,1,1,0,1,1,0,1.0,1.0,1.0,1.0,31.0,13.0,1307.0,6.0,1.0,Ekiti,1,1,0,0,1,10000.0,1.0,1,1,1,1,1,42,4,5.0,112500.0,7,0,0.0
139049,2,0,0,2,2,0,1,0,0,1,0,0,2.0,2.0,1.0,2.0,67.0,13.0,1307.0,6.0,1.0,Ekiti,2,1,0,0,1,5000.0,0.5,2,2,1,1,1,42,9,16.0,229000.0,7,2,28000.0
139050,6,1,0,6,6,1,4,4,0,1,1,0,6.0,6.0,1.0,2.0,59.0,13.0,1307.0,6.0,1.0,Ekiti,6,1,0,0,1,20000.0,0.16666666666666666,6,4,3,1,1,42,9,13.0,227000.0,7,0,0.0
139052,3,1,1,3,3,1,2,3,0,1,1,0,7.0,7.0,1.0,1.0,48.0,13.0,1307.0,6.0,1.0,Ekiti,7,2,0,0,2,6400.0,0.2857142857142857,4,2,2,1,1,42,9,13.0,693300.0,7,0,0.0
139053,1,1,0,1,1,1,1,0,0,1,0,0,1.0,1.0,1801.0,2.0,67.0,13.0,1307.0,6.0,1.0,Ekiti,1,1,0,0,1,4500.0,1.0,1,1,0,1,0,42,5,5.0,64500.0,7,0,0.0
139054,2,0,0,2,2,0,1,0,0,1,0,0,3.0,3.0,2.0,2.0,27.0,13.0,1307.0,6.0,1.0,Ekiti,4,2,0,0,2,20000.0,0.5,2,2,0,1,0,42,7,15.0,77500.0,7,0,0.0
139055,2,2,2,2,2,1,2,2,0,1,1,0,4.0,4.0,1.0,1.0,47.0,13.0,1307.0,6.0,1.0,Ekiti,4,2,0,0,2,98000.0,0.5,3,3,3,1,1,42,10,12.0,340500.0,7,0,0.0
139057,1,0,0,1,1,0,0,0,0,0,0,0,1.0,1.0,1.0,2.0,74.0,13.0,1307.0,6.0,1.0,Ekiti,1,1,0,0,0,0.0,1.0,1,1,0,1,0,42,6,9.0,94000.0,7,3,145000.0
139058,3,2,0,3,3,1,2,0,0,1,0,0,6.0,6.0,1.0,1.0,40.0,13.0,1307.0,6.0,1.0,Ekiti,6,2,0,0,2,608500.0,0.3333333333333333,6,2,0,1,0,42,10,14.0,189200.0,7,0,0.0
139059,1,0,1,1,1,1,1,1,0,1,1,0,3.0,3.0,1.0,2.0,38.0,13.0,1307.0,6.0,1.0,Ekiti,3,1,0,0,1,20000.0,0.3333333333333333,3,3,2,1,1,42,7,10.0,179500.0,7,0,0.0
139062,3,1,1,3,3,1,2,2,2,1,1,1,5.0,5.0,1.0,2.0,73.0,13.0,1307.0,6.0,1.0,Ekiti,5,1,0,0,0,0.0,0.2,4,3,1,1,1,42,6,10.0,124000.0,7,0,0.0
139063,2,0,0,2,2,0,0,0,0,0,0,0,5.0,5.0,1.0,1.0,32.0,13.0,1307.0,6.0,1.0,Ekiti,4,2,0,0,2,4800.0,0.5,2,1,0,1,0,42,3,3.0,22100.0,7,1,6500.0
139064,1,0,0,1,1,0,0,0,0,0,0,0,1.0,1.0,1.0,2.0,73.0,13.0,1307.0,6.0,1.0,Ekiti,1,0,0,0,0,0.0,0.0,1,1,0,1,0,42,5,5.0,37500.0,7,1,10000.0
139067,3,0,0,3,3,0,0,0,0,0,0,0,3.0,3.0,1.0,2.0,47.0,13.0,1307.0,6.0,1.0,Ekiti,3,1,0,0,1,3000.0,0.3333333333333333,3,3,0,1,0,42,3,5.0,40000.0,7,0,0.0
139068,3,1,0,3,3,1,1,0,0,1,0,0,4.0,4.0,1.0,1.0,72.0,13.0,1307.0,6.0,1.0,Ekiti,4,1,0,0,1,8000.0,0.25,3,3,1,1,1,42,9,16.0,124500.0,7,2,125000.0
139070,1,0,0,1,1,0,0,0,0,0,0,0,1.0,1.0,1301.0,2.0,67.0,13.0,1307.0,6.0,1.0,Ekiti,1,0,0,0,0,0.0,0.0,1,1,0,1,0,42,12,18.0,159000.0,7,0,0.0
139071,2,1,2,2,2,1,2,0,0,1,0,0,6.0,6.0,1.0,1.0,43.0,13.0,1307.0,6.0,1.0,Ekiti,6,5,0,0,2,27000.0,0.8333333333333334,4,3,2,1,1,42,16,26.0,3709600.0,7,0,0.0
139072,2,0,0,2,2,0,2,0,0,1,0,0,5.0,5.0,1.0,1.0,37.0,13.0,1308.0,6.0,1.0,Ekiti,3,2,0,0,2,550000.0,0.6666666666666666,2,2,1,1,1,42,11,12.0,200000.0,7,0,0.0
139074,4,0,0,4,4,0,2,0,0,1,0,0,6.0,6.0,1.0,1.0,49.0,13.0,1308.0,6.0,1.0,Ekiti,6,4,0,0,1,5000.0,0.6666666666666666,6,2,0,1,0,42,13,16.0,357800.0,7,0,0.0
139075,3,0,1,3,3,1,2,1,2,1,1,1,4.0,4.0,2.0,2.0,72.0,13.0,1308.0,6.0,1.0,Ekiti,4,2,0,0,0,0.0,0.5,4,3,2,1,1,42,9,21.0,83000.0,7,1,35000.0
139076,2,0,0,2,2,0,0,0,0,0,0,0,1.0,1.0,1.0,1.0,65.0,13.0,1309.0,6.0,1.0,Ekiti,2,2,0,0,0,0.0,1.0,2,1,0,1,0,42,3,3.0,54000.0,7,0,0.0
139078,3,2,2,3,3,1,2,2,2,1,1,1,5.0,5.0,1.0,1.0,63.0,13.0,1308.0,6.0,1.0,Ekiti,4,2,0,0,2,4000.0,0.5,4,3,1,1,1,42,7,10.0,157000.0,7,0,0.0
139079,4,4,1,4,4,1,4,4,3,1,1,1,4.0,4.0,1.0,1.0,37.0,13.0,1308.0,6.0,1.0,Ekiti,4,2,0,0,2,15000.0,0.5,4,4,4,1,1,42,6,11.0,103500.0,7,0,0.0
139080,2,2,0,2,2,1,2,2,0,1,1,0,6.0,6.0,1.0,1.0,39.0,13.0,1308.0,6.0,1.0,Ekiti,4,2,0,0,2,22000.0,0.5,3,2,0,1,0,42,4,5.0,81500.0,7,0,0.0
139082,1,0,0,1,1,0,0,0,0,0,0,0,1.0,1.0,1.0,1.0,74.0,13.0,1308.0,6.0,1.0,Ekiti,1,1,0,0,0,0.0,1.0,1,0,0,0,0,42,1,1.0,20000.0,7,0,0.0
139083,2,1,0,2,2,1,2,2,0,1,1,0,2.0,2.0,1.0,1.0,72.0,13.0,1308.0,6.0,1.0,Ekiti,2,1,0,0,2,14500.0,0.5,2,2,1,1,1,42,7,9.0,65400.0,7,0,0.0
139084,5,2,2,5,5,1,4,5,2,1,1,1,7.0,7.0,1.0,2.0,50.0,13.0,1311.0,6.0,1.0,Ekiti,7,3,0,0,3,180000.0,0.42857142857142855,6,6,6,1,1,42,19,31.0,638300.0,7,1,500000.0
139085,1,1,0,1,1,1,1,1,0,1,1,0,1.0,1.0,1.0,1.0,39.0,13.0,1311.0,6.0,1.0,Ekiti,1,1,0,0,1,250000.0,1.0,1,1,1,1,1,42,16,16.0,3272500.0,7,0,0.0
139086,3,3,3,3,3,1,3,2,2,1,1,1,6.0,6.0,1.0,1.0,75.0,13.0,1311.0,6.0,1.0,Ekiti,5,2,0,0,2,11500.0,0.4,4,3,1,1,1,42,9,17.0,120500.0,7,2,42000.0
139087,1,0,0,1,1,0,0,0,0,0,0,0,1.0,1.0,1.0,2.0,90.0,13.0,1311.0,6.0,1.0,Ekiti,1,1,0,0,1,2000.0,1.0,1,1,0,1,0,42,6,8.0,142000.0,7,0,0.0
139089,3,2,2,3,3,1,3,0,0,1,0,0,3.0,3.0,1.0,1.0,53.0,13.0,1311.0,6.0,1.0,Ekiti,3,2,0,0,2,442000.0,0.6666666666666666,3,3,3,1,1,42,13,22.0,1122000.0,7,1,25000.0
139090,2,1,1,2,2,1,1,1,1,1,1,1,1.0,1.0,1301.0,1.0,47.0,13.0,1311.0,6.0,1.0,Ekiti,2,1,0,0,1,45000.0,0.5,2,2,1,1,1,42,3,5.0,48500.0,7,1,20000.0
139092,2,2,2,2,2,1,2,1,1,1,1,1,2.0,2.0,3.0,2.0,73.0,13.0,1311.0,6.0,1.0,Ekiti,2,0,0,0,0,0.0,0.0,2,2,1,1,1,42,10,12.0,414700.0,7,0,0.0
139094,4,4,0,4,4,1,4,4,0,1,1,0,4.0,4.0,1.0,1.0,53.0,24.0,2410.0,6.0,1.0,Lagos,4,3,0,0,3,86000.0,0.75,4,4,4,1,1,42,14,19.0,1104500.0,7,0,0.0
139095,4,1,1,4,4,1,2,2,1,1,1,1,5.0,5.0,1.0,1.0,62.0,13.0,1311.0,6.0,1.0,Ekiti,5,2,0,0,2,42300.0,0.4,4,3,3,1,1,42,5,8.0,523300.0,7,0,0.0
139096,2,0,0,2,2,0,0,0,0,0,0,0,4.0,4.0,2.0,2.0,47.0,13.0,1312.0,6.0,1.0,Ekiti,4,1,0,0,1,2500.0,0.25,3,1,0,1,0,42,5,6.0,62500.0,7,0,0.0
139098,3,0,0,3,3,0,1,0,0,1,0,0,5.0,5.0,1.0,1.0,53.0,13.0,1312.0,6.0,1.0,Ekiti,5,2,0,0,1,12000.0,0.4,5,2,0,1,0,42,5,6.0,409900.0,7,0,0.0
139099,2,1,1,2,2,1,2,1,1,1,1,1,4.0,4.0,1.0,1.0,42.0,13.0,1312.0,6.0,1.0,Ekiti,4,2,0,0,2,35000.0,0.5,4,2,0,1,0,42,9,14.0,403000.0,7,0,0.0
139102,8,2,0,8,8,1,8,8,0,1,1,0,9.0,9.0,1.0,1.0,63.0,13.0,1312.0,6.0,1.0,Ekiti,8,3,0,0,3,60000.0,0.375,8,8,6,1,1,42,8,18.0,685000.0,7,0,0.0
139103,4,1,0,4,4,1,1,1,1,1,1,1,4.0,4.0,2.0,2.0,82.0,13.0,1312.0,6.0,1.0,Ekiti,4,3,0,0,2,4500.0,0.75,4,4,1,1,1,42,10,17.0,250000.0,7,0,0.0
139104,3,1,0,3,3,1,2,0,0,1,0,0,4.0,4.0,1.0,1.0,27.0,13.0,1312.0,6.0,1.0,Ekiti,3,2,0,0,1,30000.0,0.6666666666666666,3,2,1,1,1,42,11,11.0,587300.0,7,0,0.0
139105,3,2,1,3,3,1,2,2,2,1,1,1,5.0,5.0,1.0,1.0,57.0,13.0,1312.0,6.0,1.0,Ekiti,5,2,0,0,2,195000.0,0.4,4,4,4,1,1,42,11,12.0,178900.0,7,0,0.0
139106,2,2,2,2,2,1,2,2,2,1,1,1,6.0,6.0,1.0,1.0,39.0,13.0,1312.0,6.0,1.0,Ekiti,5,2,0,0,2,35000.0,0.4,2,2,0,1,0,42,8,11.0,69000.0,7,0,0.0
139107,4,3,3,4,4,1,4,3,3,1,1,1,5.0,5.0,1.0,1.0,58.0,13.0,1312.0,6.0,1.0,Ekiti,4,2,0,0,2,165000.0,0.5,4,4,4,1,1,42,22,37.0,988300.0,7,0,0.0
139108,1,0,0,1,1,0,0,0,0,0,0,0,1.0,1.0,1.0,2.0,75.0,13.0,1315.0,6.0,1.0,Ekiti,1,0,0,0,0,0.0,0.0,1,1,0,1,0,42,4,5.0,33000.0,7,1,18000.0
139109,1,0,0,1,1,0,0,0,0,0,0,0,2.0,2.0,1.0,2.0,75.0,13.0,1315.0,6.0,1.0,Ekiti,2,0,0,0,0,0.0,0.0,2,2,0,1,0,42,7,11.0,41000.0,7,0,0.0
139111,4,1,0,4,4,1,2,0,0,1,0,0,7.0,7.0,106.0,1.0,45.0,13.0,1315.0,6.0,1.0,Ekiti,7,5,0,0,2,830000.0,0.7142857142857143,5,2,0,1,0,42,16,34.0,3578200.0,7,0,0.0
139112,5,0,0,5,5,0,2,0,0,1,0,0,10.0,10.0,1.0,1.0,46.0,13.0,1315.0,6.0,1.0,Ekiti,7,4,0,0,1,500000.0,0.5714285714285714,6,1,0,1,0,42,5,7.0,200500.0,7,0,0.0
139113,4,4,0,4,4,1,4,4,0,1,1,0,2.0,2.0,2.0,2.0,31.0,13.0,1315.0,6.0,1.0,Ekiti,4,3,0,0,3,22500.0,0.75,4,4,2,1,1,42,7,12.0,177500.0,7,0,0.0
139114,2,1,1,2,2,1,1,1,0,1,1,0,5.0,5.0,1.0,2.0,71.0,13.0,1315.0,6.0,1.0,Ekiti,6,2,0,0,1,20000.0,0.3333333333333333,3,2,1,1,1,42,5,7.0,132000.0,7,0,0.0
139115,2,1,1,2,2,1,1,1,0,1,1,0,3.0,3.0,1.0,1.0,56.0,13.0,1315.0,6.0,1.0,Ekiti,4,2,0,0,2,74000.0,0.5,3,2,0,1,0,42,8,17.0,284500.0,7,0,0.0
139116,3,1,2,3,3,1,1,1,0,1,1,0,4.0,4.0,1.0,1.0,86.0,13.0,1315.0,6.0,1.0,Ekiti,4,2,0,0,2,5000.0,0.5,4,4,0,1,0,42,7,10.0,351800.0,7,0,0.0
139119,2,1,1,2,2,1,1,1,1,1,1,1,6.0,6.0,1.0,1.0,36.0,13.0,1316.0,6.0,1.0,Ekiti,5,1,0,0,1,9000.0,0.2,3,2,3,1,1,42,16,29.0,498500.0,7,3,54000.0
139120,2,2,0,2,2,1,2,2,0,1,1,0,4.0,4.0,1.0,1.0,35.0,13.0,1316.0,6.0,1.0,Ekiti,3,2,0,0,2,153000.0,0.6666666666666666,2,2,2,1,1,42,13,16.0,1761000.0,7,0,0.0
139121,6,0,1,6,6,1,4,0,0,1,0,0,7.0,7.0,1.0,1.0,72.0,13.0,1316.0,6.0,1.0,Ekiti,8,3,0,0,1,250000.0,0.375,8,4,1,1,1,42,7,12.0,801200.0,7,0,0.0
139123,4,2,1,4,4,1,2,1,1,1,1,1,7.0,7.0,1.0,1.0,39.0,13.0,1316.0,6.0,1.0,Ekiti,5,2,0,0,2,42500.0,0.4,4,4,1,1,1,42,7,17.0,130300.0,7,1,20000.0
139124,4,2,2,4,4,1,3,3,2,1,1,1,6.0,6.0,1.0,1.0,43.0,13.0,1316.0,6.0,1.0,Ekiti,6,2,0,0,2,72000.0,0.3333333333333333,6,6,4,1,1,42,14,20.0,2875300.0,7,0,0.0
139125,3,0,0,3,3,0,1,0,0,1,0,0,5.0,5.0,1.0,1.0,37.0,13.0,1316.0,6.0,1.0,Ekiti,4,3,0,0,1,250000.0,0.75,3,2,0,1,0,42,4,5.0,30000.0,7,0,0.0
139130,1,1,0,1,1,1,1,1,0,1,1,0,1.0,1.0,301.0,1.0,24.0,13.0,1316.0,6.0,1.0,Ekiti,1,1,0,0,1,50000.0,1.0,1,1,1,1,1,42,3,3.0,134000.0,7,0,0.0
139134,5,1,0,5,5,1,1,2,1,1,1,1,7.0,7.0,1.0,2.0,72.0,13.0,1303.0,6.0,1.0,Ekiti,7,2,0,0,2,6000.0,0.2857142857142857,6,3,2,1,1,42,7,8.0,135500.0,7,0,0.0
139144,2,0,0,2,2,0,2,0,0,1,0,0,4.0,4.0,1.0,1.0,32.0,13.0,1312.0,6.0,1.0,Ekiti,4,2,0,0,2,16500.0,0.5,2,2,2,1,1,42,6,12.0,112500.0,7,0,0.0
139145,1,0,0,1,1,0,1,1,0,1,1,0,2.0,2.0,1.0,2.0,34.0,13.0,1310.0,6.0,1.0,Ekiti,2,1,0,0,1,10000.0,0.5,1,1,0,1,0,42,6,6.0,35300.0,7,0,0.0
139146,1,0,0,1,1,0,1,0,0,1,0,0,1.0,1.0,2.0,2.0,49.0,13.0,1310.0,6.0,1.0,Ekiti,1,0,0,0,0,0.0,0.0,1,1,0,1,0,42,2,2.0,25000.0,7,0,0.0
139148,2,0,0,2,2,0,0,0,0,0,0,0,1.0,1.0,1.0,2.0,75.0,13.0,1310.0,6.0,1.0,Ekiti,3,0,1,0,1,8000.0,0.0,2,1,0,1,0,42,17,36.0,384500.0,7,0,0.0
139149,1,1,0,1,1,1,1,1,0,1,1,0,4.0,4.0,1.0,2.0,44.0,13.0,1310.0,6.0,1.0,Ekiti,4,1,0,0,1,83000.0,0.25,3,1,1,1,1,42,11,14.0,368000.0,7,0,0.0
139150,2,0,0,2,2,0,0,0,0,0,0,0,2.0,2.0,1.0,1.0,79.0,13.0,1310.0,6.0,1.0,Ekiti,2,2,0,0,0,0.0,1.0,2,2,0,1,0,42,6,12.0,700500.0,7,0,0.0
139151,2,1,0,2,2,1,2,2,0,1,1,0,4.0,4.0,1.0,1.0,39.0,13.0,1310.0,6.0,1.0,Ekiti,2,2,0,0,2,47000.0,1.0,2,2,2,1,1,42,15,20.0,644500.0,7,0,0.0
139152,2,2,0,2,2,1,2,2,0,1,1,0,3.0,3.0,1.0,1.0,54.0,13.0,1310.0,6.0,1.0,Ekiti,2,2,0,0,2,210000.0,1.0,2,2,2,1,1,42,19,24.0,1085500.0,7,0,0.0
139153,1,0,0,1,1,0,1,0,0,1,0,0,1.0,1.0,2.0,2.0,64.0,13.0,1310.0,6.0,1.0,Ekiti,1,1,0,0,1,15000.0,1.0,1,1,0,1,0,42,0,0.0,0.0,7,0,0.0
139155,3,1,2,3,3,1,1,1,1,1,1,1,3.0,3.0,1.0,1.0,74.0,13.0,1310.0,6.0,1.0,Ekiti,3,3,0,0,3,18200.0,1.0,3,2,1,1,1,42,16,23.0,2322400.0,7,1,350000.0
139156,4,1,1,4,4,1,4,4,2,1,1,1,3.0,3.0,1.0,1.0,63.0,13.0,1310.0,6.0,1.0,Ekiti,4,2,0,0,2,380000.0,0.5,4,4,4,1,1,42,13,35.0,3101000.0,7,1,150000.0
140001,1,0,1,1,1,1,0,0,0,0,0,0,1.0,1.0,4.0,2.0,59.0,14.0,1401.0,4.0,2.0,Enugu,1,1,0,0,1,3000.0,1.0,1,1,0,1,0,42,3,4.0,18600.0,7,0,0.0
140003,1,0,0,1,1,0,0,0,1,0,0,1,2.0,2.0,2.0,2.0,45.0,14.0,1401.0,4.0,2.0,Enugu,2,1,0,0,0,0.0,0.5,1,1,0,1,0,42,3,4.0,8500.0,7,0,0.0
140004,3,0,0,3,3,0,0,3,3,0,1,1,3.0,3.0,1.0,1.0,77.0,14.0,1401.0,4.0,2.0,Enugu,3,3,0,0,2,55000.0,1.0,3,3,0,1,0,42,8,14.0,195500.0,7,0,0.0
140006,3,0,3,3,3,1,0,0,3,0,0,1,2.0,2.0,2.0,2.0,68.0,14.0,1401.0,4.0,2.0,Enugu,3,3,0,0,3,35000.0,1.0,3,3,0,1,0,42,6,9.0,202500.0,7,1,20000.0
140007,1,0,0,1,1,0,1,1,1,1,1,1,4.0,4.0,6.0,2.0,28.0,14.0,1401.0,4.0,2.0,Enugu,3,2,0,0,1,20000.0,0.6666666666666666,2,2,1,1,1,42,5,5.0,260000.0,7,0,0.0
140009,5,0,0,5,5,0,0,0,0,0,0,0,5.0,5.0,1.0,1.0,80.0,14.0,1401.0,4.0,2.0,Enugu,5,3,0,0,0,0.0,0.6,5,5,1,1,1,42,5,16.0,47500.0,7,0,0.0
140010,1,1,1,1,1,1,1,1,1,1,1,1,1.0,1.0,3.0,2.0,48.0,14.0,1401.0,4.0,2.0,Enugu,1,1,0,0,0,0.0,1.0,1,1,1,1,1,42,9,17.0,70000.0,7,0,0.0
140021,4,1,0,4,4,1,1,2,2,1,1,1,5.0,5.0,102.0,1.0,70.0,14.0,1408.0,4.0,2.0,Enugu,5,3,0,0,0,0.0,0.6,5,5,2,1,1,42,2,7.0,18000.0,7,0,0.0
140022,1,0,0,1,1,0,0,0,1,0,0,1,2.0,2.0,3.0,1.0,53.0,14.0,1408.0,4.0,2.0,Enugu,2,1,0,0,1,1000.0,0.5,2,1,0,1,0,42,5,6.0,75800.0,7,2,90000.0
140023,2,2,0,2,2,1,2,2,2,1,1,1,8.0,8.0,1.0,1.0,44.0,14.0,1408.0,4.0,2.0,Enugu,7,2,0,0,2,105000.0,0.2857142857142857,5,5,3,1,1,42,15,28.0,1573300.0,7,2,300000.0
140024,1,0,1,1,1,1,0,0,0,0,0,0,1.0,1.0,2.0,2.0,50.0,14.0,1408.0,4.0,2.0,Enugu,1,1,0,0,1,5000.0,1.0,1,0,0,0,0,42,2,3.0,4000.0,7,0,0.0
140025,7,0,0,7,7,0,1,5,3,1,1,1,8.0,8.0,1.0,1.0,70.0,14.0,1408.0,4.0,2.0,Enugu,8,8,0,0,2,40000.0,1.0,8,7,2,1,1,42,9,16.0,217000.0,7,0,0.0
140026,3,0,0,3,3,0,0,3,3,0,1,1,3.0,3.0,2.0,2.0,55.0,14.0,1408.0,4.0,2.0,Enugu,4,4,0,0,1,20000.0,1.0,4,4,1,1,1,42,6,6.0,124000.0,7,0,0.0
140027,3,0,1,3,3,1,0,3,1,0,1,1,3.0,3.0,1.0,1.0,71.0,14.0,1408.0,4.0,2.0,Enugu,3,2,0,0,0,0.0,0.6666666666666666,3,3,1,1,1,42,9,20.0,334800.0,7,1,20000.0
140030,7,0,0,7,7,0,0,4,3,0,1,1,10.0,10.0,1.0,1.0,53.0,14.0,1408.0,4.0,2.0,Enugu,11,7,0,0,1,20000.0,0.6363636363636364,9,5,2,1,1,42,7,14.0,170500.0,7,0,0.0
140062,1,1,0,1,1,1,1,1,0,1,1,0,3.0,3.0,1.0,1.0,69.0,14.0,1406.0,4.0,2.0,Enugu,3,2,0,0,0,0.0,0.6666666666666666,2,1,0,1,0,42,3,6.0,21000.0,7,0,0.0
140063,1,0,1,1,1,1,1,1,0,1,1,0,1.0,1.0,2.0,2.0,25.0,4.0,406.0,4.0,2.0,Anambra,1,1,0,0,1,15000.0,1.0,1,1,1,1,1,42,12,12.0,491500.0,7,0,0.0
140065,3,2,2,3,3,1,2,0,2,1,0,1,3.0,3.0,1.0,1.0,66.0,14.0,1406.0,4.0,2.0,Enugu,3,3,0,0,1,40000.0,1.0,3,3,1,1,1,42,8,13.0,24000.0,7,0,0.0
140066,1,0,0,1,1,0,0,0,1,0,0,1,1.0,1.0,1.0,2.0,80.0,14.0,1406.0,4.0,2.0,Enugu,1,1,0,0,0,0.0,1.0,1,1,0,1,0,42,3,3.0,56500.0,7,0,0.0
140067,2,1,1,2,2,1,1,1,1,1,1,1,2.0,2.0,2.0,2.0,44.0,14.0,1406.0,4.0,2.0,Enugu,2,2,0,0,1,5000.0,1.0,2,2,1,1,1,42,6,14.0,350000.0,7,0,0.0
140068,1,0,1,1,1,1,0,0,0,0,0,0,1.0,1.0,2.0,2.0,72.0,14.0,1406.0,4.0,2.0,Enugu,1,1,0,0,0,0.0,1.0,1,0,0,0,0,42,5,7.0,10500.0,7,0,0.0
140069,3,1,0,3,3,1,2,2,2,1,1,1,6.0,6.0,1.0,1.0,60.0,14.0,1406.0,4.0,2.0,Enugu,6,6,0,0,1,150000.0,1.0,5,2,1,1,1,42,5,10.0,84500.0,7,0,0.0
140070,1,0,0,1,1,0,0,1,0,0,1,0,1.0,1.0,2.0,2.0,62.0,14.0,1406.0,4.0,2.0,Enugu,1,1,0,0,0,0.0,1.0,1,1,0,1,0,42,7,23.0,97500.0,7,1,10000.0
140072,3,0,1,3,3,1,0,0,2,0,0,1,4.0,4.0,1.0,1.0,61.0,14.0,1413.0,4.0,2.0,Enugu,4,1,0,0,0,0.0,0.25,3,2,0,1,0,42,7,13.0,112000.0,7,0,0.0
140073,2,0,0,2,2,0,0,2,0,0,1,0,1.0,1.0,2.0,2.0,67.0,14.0,1413.0,4.0,2.0,Enugu,4,2,0,0,1,5000.0,0.5,4,4,1,1,1,42,5,10.0,32000.0,7,0,0.0
140074,1,0,0,1,1,0,0,1,0,0,1,0,1.0,1.0,1.0,2.0,64.0,14.0,1413.0,4.0,2.0,Enugu,1,1,0,0,0,0.0,1.0,1,1,0,1,0,42,6,15.0,35200.0,7,0,0.0
140075,1,0,0,1,1,0,0,0,1,0,0,1,1.0,1.0,2.0,2.0,90.0,14.0,1413.0,4.0,2.0,Enugu,1,1,0,0,0,0.0,1.0,1,1,0,1,0,42,11,17.0,199000.0,7,0,0.0
140076,4,2,0,4,4,1,2,2,2,1,1,1,4.0,4.0,1.0,1.0,88.0,14.0,1413.0,4.0,2.0,Enugu,5,4,0,0,1,50000.0,0.8,5,5,2,1,1,42,4,11.0,48000.0,7,0,0.0
140078,4,0,0,4,4,0,1,3,4,1,1,1,6.0,6.0,1.0,2.0,85.0,14.0,1413.0,4.0,2.0,Enugu,5,4,0,0,2,50000.0,0.8,4,4,0,1,0,42,4,7.0,24500.0,7,0,0.0
140079,4,0,0,4,4,0,1,4,4,1,1,1,7.0,7.0,1.0,1.0,80.0,14.0,1413.0,4.0,2.0,Enugu,7,7,0,0,2,35000.0,1.0,6,4,0,1,0,42,5,11.0,23000.0,7,0,0.0
140080,4,2,1,4,4,1,2,2,3,1,1,1,4.0,4.0,2.0,2.0,60.0,14.0,1413.0,4.0,2.0,Enugu,4,3,0,0,1,5000.0,0.75,4,2,2,1,1,42,4,4.0,41000.0,7,1,20000.0
140082,1,0,1,1,1,1,0,0,0,0,0,0,1.0,1.0,1.0,2.0,73.0,14.0,1410.0,4.0,2.0,Enugu,1,1,0,0,1,30000.0,1.0,1,1,0,1,0,42,4,5.0,32000.0,7,0,0.0
140083,1,0,0,1,1,0,0,0,0,0,0,0,1.0,1.0,1.0,2.0,81.0,14.0,1410.0,4.0,2.0,Enugu,1,0,0,0,0,0.0,0.0,1,1,0,1,0,42,7,8.0,49500.0,7,0,0.0
140084,4,0,1,4,4,1,2,0,0,1,0,0,8.0,8.0,3.0,1.0,51.0,14.0,1410.0,4.0,2.0,Enugu,8,2,0,0,1,32000.0,0.25,6,3,2,1,1,42,10,19.0,78500.0,7,0,0.0
140085,1,0,0,1,1,0,0,0,0,0,0,0,1.0,1.0,1.0,2.0,82.0,14.0,1410.0,4.0,2.0,Enugu,1,1,0,0,0,0.0,1.0,1,0,0,0,0,42,3,10.0,6500.0,7,0,0.0
140086,1,1,1,1,1,1,0,0,0,0,0,0,1.0,1.0,2.0,2.0,70.0,14.0,1410.0,4.0,2.0,Enugu,1,1,0,0,0,0.0,1.0,1,1,0,1,0,42,5,6.0,16500.0,7,0,0.0
140087,2,0,1,2,2,1,0,0,0,0,0,0,4.0,4.0,2.0,2.0,37.0,14.0,1410.0,4.0,2.0,Enugu,4,2,0,0,2,30000.0,0.5,3,1,0,1,0,42,8,11.0,64500.0,7,0,0.0
140089,2,0,0,2,2,0,0,0,0,0,0,0,2.0,2.0,1.0,2.0,56.0,14.0,1410.0,4.0,2.0,Enugu,2,2,0,0,1,25000.0,1.0,2,1,0,1,0,42,6,11.0,13000.0,7,0,0.0
140090,3,0,0,3,3,0,0,0,0,0,0,0,4.0,4.0,1.0,1.0,76.0,14.0,1410.0,4.0,2.0,Enugu,4,2,0,0,0,0.0,0.5,4,1,0,1,0,42,4,11.0,10500.0,7,0,0.0
140121,2,0,0,2,2,0,0,0,2,0,0,1,2.0,2.0,3.0,1.0,82.0,14.0,1416.0,4.0,2.0,Enugu,2,0,0,0,0,0.0,0.0,2,2,0,1,0,42,5,15.0,70000.0,7,1,10000.0
140122,2,0,0,2,2,0,0,0,2,0,0,1,2.0,2.0,1.0,1.0,96.0,14.0,1416.0,4.0,2.0,Enugu,2,1,0,0,0,0.0,0.5,2,0,0,0,0,42,6,15.0,137000.0,7,2,100000.0
140123,1,0,0,1,1,0,0,0,0,0,0,0,1.0,1.0,1.0,2.0,78.0,14.0,1416.0,4.0,2.0,Enugu,1,0,0,0,0,0.0,0.0,1,0,0,0,0,42,2,3.0,4000.0,7,0,0.0
140124,3,2,2,3,3,1,2,2,2,1,1,1,6.0,6.0,1.0,1.0,51.0,14.0,1416.0,4.0,2.0,Enugu,6,3,0,0,2,40000.0,0.5,4,2,2,1,1,42,12,23.0,493000.0,7,0,0.0
140125,1,0,0,1,1,0,0,0,1,0,0,1,1.0,1.0,2.0,2.0,58.0,14.0,1416.0,4.0,2.0,Enugu,1,1,0,0,0,0.0,1.0,1,1,0,1,0,42,6,15.0,95000.0,7,1,20000.0
140126,1,0,0,1,1,0,0,0,0,0,0,0,1.0,1.0,1.0,2.0,82.0,14.0,1416.0,4.0,2.0,Enugu,1,0,1,0,0,0.0,0.0,1,1,0,1,0,42,7,11.0,124500.0,7,0,0.0
140127,3,0,0,3,3,0,0,0,0,0,0,0,3.0,3.0,1.0,2.0,52.0,14.0,1416.0,4.0,2.0,Enugu,3,2,0,0,1,7000.0,0.6666666666666666,3,0,0,0,0,42,3,6.0,26300.0,7,0,0.0
140128,2,2,0,2,2,1,2,2,1,1,1,1,2.0,2.0,2.0,1.0,32.0,24.0,2417.0,6.0,2.0,Lagos,2,2,0,0,2,400000.0,1.0,2,2,2,1,1,42,13,22.0,979000.0,7,0,0.0
140129,3,0,1,3,3,1,0,0,0,0,0,0,3.0,3.0,4.0,1.0,77.0,14.0,1416.0,4.0,2.0,Enugu,4,3,0,0,1,15000.0,0.75,4,4,1,1,1,42,8,12.0,133000.0,7,2,18000.0
140130,3,0,0,3,3,0,0,0,2,0,0,1,3.0,3.0,1.0,1.0,77.0,14.0,1416.0,4.0,2.0,Enugu,6,4,0,0,0,0.0,0.6666666666666666,6,1,0,1,0,42,2,4.0,9500.0,7,0,0.0
149001,2,0,0,2,2,0,0,0,1,0,0,1,3.0,3.0,2.0,2.0,48.0,14.0,1401.0,4.0,2.0,Enugu,4,2,0,0,1,30000.0,0.5,4,1,0,1,0,42,11,26.0,260500.0,7,0,0.0
149002,3,0,0,3,3,0,0,0,0,0,0,0,3.0,3.0,1.0,1.0,60.0,14.0,1401.0,4.0,2.0,Enugu,3,3,0,0,1,30000.0,1.0,3,3,1,1,1,42,6,9.0,48500.0,7,1,3000.0
149003,3,2,2,3,3,1,2,2,3,1,1,1,1.0,1.0,1.0,2.0,25.0,14.0,1401.0,4.0,2.0,Enugu,3,3,0,0,2,20000.0,1.0,3,3,2,1,1,42,7,13.0,55000.0,7,1,20000.0
149004,1,1,1,1,1,1,1,1,1,1,1,1,1.0,1.0,1.0,2.0,26.0,14.0,1401.0,4.0,2.0,Enugu,1,0,0,0,1,45000.0,0.0,1,0,1,0,1,42,4,5.0,72500.0,7,2,140000.0
149005,1,1,1,1,1,1,1,1,1,1,1,1,1.0,1.0,1.0,2.0,26.0,14.0,1401.0,4.0,2.0,Enugu,1,1,0,0,0,0.0,1.0,1,1,1,1,1,42,4,4.0,60500.0,7,1,40000.0
149006,2,0,0,2,2,0,0,0,0,0,0,0,2.0,2.0,1.0,1.0,79.0,14.0,1401.0,4.0,2.0,Enugu,2,2,0,0,1,30000.0,1.0,2,2,0,1,0,42,3,4.0,24000.0,7,0,0.0
149007,1,1,1,1,1,1,0,1,0,0,1,0,1.0,1.0,1.0,2.0,62.0,14.0,1401.0,4.0,2.0,Enugu,1,1,0,0,0,0.0,1.0,1,1,0,1,0,42,7,18.0,102000.0,7,0,0.0
149008,3,1,1,3,3,1,1,0,3,1,0,1,4.0,4.0,1.0,1.0,75.0,14.0,1401.0,4.0,2.0,Enugu,4,3,0,0,0,0.0,0.75,3,2,0,1,0,42,12,19.0,903000.0,7,3,230000.0
149011,4,2,0,4,4,1,2,2,2,1,1,1,4.0,4.0,1.0,1.0,27.0,14.0,1401.0,4.0,2.0,Enugu,4,3,0,0,1,4000.0,0.75,4,3,2,1,1,42,7,12.0,53700.0,7,2,11000.0
149013,2,0,0,2,2,0,1,0,0,1,0,0,4.0,4.0,1.0,1.0,42.0,14.0,1401.0,4.0,2.0,Enugu,4,2,0,0,1,30000.0,0.5,3,2,1,1,1,42,4,10.0,30500.0,7,0,0.0
149015,4,0,0,4,4,0,1,0,0,1,0,0,9.0,9.0,1.0,1.0,48.0,14.0,1401.0,4.0,2.0,Enugu,8,2,0,0,1,8000.0,0.25,5,3,2,1,1,42,11,24.0,159000.0,7,0,0.0
149016,1,0,0,1,1,0,1,1,0,1,1,0,4.0,4.0,1.0,1.0,41.0,14.0,1401.0,4.0,2.0,Enugu,3,1,0,0,1,25000.0,0.3333333333333333,1,1,0,1,0,42,5,10.0,28100.0,7,0,0.0
149017,1,0,0,1,1,0,0,0,0,0,0,0,4.0,4.0,2.0,2.0,47.0,14.0,1401.0,4.0,2.0,Enugu,3,1,0,0,1,25000.0,0.3333333333333333,2,1,0,1,0,42,10,18.0,130100.0,7,0,0.0
149018,1,0,0,1,1,0,0,0,0,0,0,0,1.0,1.0,1.0,2.0,65.0,14.0,1401.0,4.0,2.0,Enugu,1,1,0,0,0,0.0,1.0,1,1,0,1,0,42,3,3.0,10000.0,7,0,0.0
149019,4,0,0,4,4,0,0,0,0,0,0,0,6.0,6.0,1.0,1.0,60.0,14.0,1401.0,4.0,2.0,Enugu,6,4,0,0,4,65000.0,0.6666666666666666,6,3,0,1,0,42,9,16.0,365500.0,7,0,0.0
149020,3,0,3,3,3,1,0,0,0,0,0,0,3.0,3.0,1.0,1.0,72.0,14.0,1401.0,4.0,2.0,Enugu,3,1,0,1,2,40000.0,0.3333333333333333,3,3,0,1,0,42,11,23.0,254300.0,7,0,0.0
149021,3,0,2,3,3,1,0,0,0,0,0,0,4.0,4.0,2.0,2.0,47.0,14.0,1401.0,4.0,2.0,Enugu,4,4,0,0,4,90000.0,1.0,4,1,0,1,0,42,10,13.0,127800.0,7,0,0.0
149022,3,0,0,3,3,0,1,0,0,1,0,0,4.0,4.0,1.0,1.0,54.0,14.0,1401.0,4.0,2.0,Enugu,4,2,0,0,0,0.0,0.5,4,1,0,1,0,42,4,5.0,10500.0,7,0,0.0
149023,2,1,2,2,2,1,1,0,0,1,0,0,3.0,3.0,1.0,1.0,70.0,14.0,1401.0,4.0,2.0,Enugu,3,3,0,0,3,70000.0,1.0,3,1,0,1,0,42,7,9.0,121800.0,7,0,0.0
149025,1,0,1,1,1,1,0,0,0,0,0,0,1.0,1.0,1.0,2.0,60.0,14.0,1402.0,4.0,2.0,Enugu,1,1,0,0,0,0.0,1.0,1,0,0,0,0,42,5,6.0,47000.0,7,0,0.0
149026,1,0,0,1,1,0,0,0,0,0,0,0,1.0,1.0,3.0,2.0,69.0,14.0,1402.0,4.0,2.0,Enugu,1,1,0,0,0,0.0,1.0,1,1,0,1,0,42,3,5.0,4500.0,7,0,0.0
149028,1,0,0,1,1,0,0,0,0,0,0,0,2.0,2.0,1.0,1.0,42.0,14.0,1402.0,4.0,2.0,Enugu,2,1,0,0,1,15000.0,0.5,1,0,0,0,0,42,5,5.0,7300.0,7,0,0.0
149029,1,0,0,1,1,0,0,0,0,0,0,0,1.0,1.0,1.0,1.0,25.0,14.0,1402.0,4.0,2.0,Enugu,1,0,0,0,0,0.0,0.0,1,1,0,1,0,42,2,2.0,7000.0,7,0,0.0
149030,2,0,0,2,2,0,1,0,0,1,0,0,2.0,2.0,2.0,2.0,64.0,14.0,1402.0,4.0,2.0,Enugu,3,1,0,0,1,70000.0,0.3333333333333333,3,2,0,1,0,42,11,20.0,35500.0,7,0,0.0
149031,3,0,0,3,3,0,0,0,0,0,0,0,3.0,3.0,1.0,1.0,73.0,14.0,1402.0,4.0,2.0,Enugu,3,1,0,0,1,20000.0,0.3333333333333333,3,2,0,1,0,42,5,9.0,14300.0,7,0,0.0
149032,3,0,0,3,3,0,2,0,0,1,0,0,4.0,4.0,1.0,1.0,66.0,14.0,1402.0,4.0,2.0,Enugu,4,2,0,0,2,70000.0,0.5,4,3,1,1,1,42,8,25.0,35000.0,7,0,0.0
149033,3,2,2,3,3,1,2,2,2,1,1,1,3.0,3.0,1.0,1.0,71.0,14.0,1403.0,4.0,2.0,Enugu,3,2,0,0,2,80000.0,0.6666666666666666,3,3,2,1,1,42,11,14.0,277500.0,7,1,240000.0
149034,1,0,1,1,1,1,0,0,0,0,0,0,1.0,1.0,1.0,2.0,68.0,14.0,1402.0,4.0,2.0,Enugu,1,1,0,0,1,30000.0,1.0,1,1,0,1,0,42,3,3.0,8000.0,7,0,0.0
149036,1,1,1,1,1,1,0,0,0,0,0,0,1.0,1.0,1.0,2.0,60.0,14.0,1402.0,4.0,2.0,Enugu,1,1,0,0,1,20000.0,1.0,1,1,0,1,0,42,4,8.0,16500.0,7,0,0.0
149037,2,0,0,2,2,0,2,0,0,1,0,0,4.0,4.0,1.0,1.0,64.0,14.0,1403.0,4.0,1.0,Enugu,3,0,0,0,0,0.0,0.0,3,2,0,1,0,42,19,44.0,332000.0,7,0,0.0
149038,8,3,0,8,8,1,3,6,7,1,1,1,9.0,9.0,1.0,2.0,49.0,14.0,1403.0,4.0,1.0,Enugu,9,5,0,0,1,200000.0,0.5555555555555556,9,9,7,1,1,42,15,30.0,241500.0,7,0,0.0
149039,2,0,0,2,2,0,2,0,0,1,0,0,3.0,3.0,1.0,1.0,34.0,14.0,1403.0,4.0,1.0,Enugu,2,2,0,0,2,51000.0,1.0,2,2,0,1,0,42,12,15.0,96500.0,7,0,0.0
149040,1,0,1,1,1,1,0,0,0,0,0,0,1.0,1.0,2.0,2.0,68.0,14.0,1403.0,4.0,1.0,Enugu,2,0,0,0,0,0.0,0.0,2,1,0,1,0,42,7,8.0,22500.0,7,0,0.0
149044,6,3,1,6,6,1,3,3,3,1,1,1,6.0,6.0,1.0,1.0,56.0,14.0,1403.0,4.0,1.0,Enugu,6,2,0,0,2,80000.0,0.3333333333333333,6,4,2,1,1,42,9,13.0,168500.0,7,1,300000.0
149045,5,2,0,5,5,1,2,5,3,1,1,1,7.0,7.0,1.0,1.0,56.0,14.0,1403.0,4.0,1.0,Enugu,7,2,0,0,2,300000.0,0.2857142857142857,6,6,5,1,1,42,11,22.0,267500.0,7,0,0.0
149046,2,1,1,2,2,1,2,2,2,1,1,1,6.0,6.0,1.0,1.0,38.0,14.0,1403.0,4.0,1.0,Enugu,6,2,0,0,2,25000.0,0.3333333333333333,3,2,2,1,1,42,13,20.0,228500.0,7,1,240000.0
149047,5,2,1,5,5,1,4,5,0,1,1,0,5.0,5.0,1.0,2.0,47.0,14.0,1403.0,4.0,1.0,Enugu,5,0,0,0,0,0.0,0.0,5,4,1,1,1,42,17,43.0,497500.0,7,0,0.0
149048,3,0,0,3,3,0,2,2,0,1,1,0,7.0,7.0,1.0,1.0,49.0,14.0,1403.0,4.0,1.0,Enugu,6,5,0,0,5,88000.0,0.8333333333333334,4,2,0,1,0,42,5,7.0,28800.0,7,0,0.0
149049,4,0,0,4,4,0,4,3,0,1,1,0,5.0,5.0,2.0,2.0,47.0,14.0,1403.0,4.0,2.0,Enugu,5,3,0,0,0,0.0,0.6,5,5,3,1,1,42,7,7.0,230500.0,7,1,10000.0
149051,2,0,1,2,2,1,2,2,0,1,1,0,2.0,2.0,1.0,1.0,61.0,14.0,1403.0,4.0,2.0,Enugu,2,2,0,0,2,45000.0,1.0,2,2,0,1,0,42,6,7.0,43000.0,7,0,0.0
149052,1,0,0,1,1,0,0,0,0,0,0,0,1.0,1.0,1.0,2.0,66.0,14.0,1403.0,4.0,2.0,Enugu,1,1,0,0,1,18000.0,1.0,1,0,0,0,0,42,3,3.0,25000.0,7,1,30000.0
149053,2,0,0,2,2,0,0,0,0,0,0,0,5.0,5.0,1.0,1.0,28.0,14.0,1403.0,4.0,2.0,Enugu,5,2,0,0,2,7000.0,0.4,2,1,0,1,0,42,9,9.0,236500.0,7,1,30000.0
149054,3,1,1,3,3,1,3,3,1,1,1,1,4.0,4.0,2.0,2.0,53.0,14.0,1403.0,4.0,2.0,Enugu,4,1,1,2,4,58000.0,0.25,3,3,2,1,1,42,5,8.0,40700.0,7,0,0.0
149055,1,0,0,1,1,0,0,0,0,0,0,0,3.0,3.0,2.0,2.0,36.0,14.0,1403.0,4.0,2.0,Enugu,3,1,0,0,1,3000.0,0.3333333333333333,2,1,0,1,0,42,7,8.0,118500.0,7,1,55000.0
149056,3,0,0,3,3,0,0,0,0,0,0,0,4.0,4.0,1.0,1.0,40.0,14.0,1403.0,4.0,2.0,Enugu,4,3,0,0,1,30000.0,0.75,4,2,0,1,0,42,9,14.0,121000.0,7,0,0.0
149057,1,0,0,1,1,0,0,0,0,0,0,0,1.0,1.0,1.0,2.0,102.0,14.0,1403.0,4.0,2.0,Enugu,1,0,0,0,0,0.0,0.0,1,0,0,0,0,42,1,1.0,15000.0,7,0,0.0
149059,2,2,2,2,2,1,2,0,0,1,0,0,4.0,4.0,1.0,1.0,39.0,14.0,1403.0,4.0,2.0,Enugu,3,3,0,0,2,70000.0,1.0,3,2,0,1,0,42,5,10.0,32300.0,7,0,0.0
149060,6,2,2,6,6,1,5,4,1,1,1,1,8.0,8.0,1.0,1.0,64.0,14.0,1403.0,4.0,2.0,Enugu,8,3,0,0,1,30000.0,0.375,7,5,5,1,1,42,16,30.0,315000.0,7,0,0.0
149061,5,5,2,5,5,1,5,5,0,1,1,0,6.0,6.0,1.0,1.0,58.0,14.0,1403.0,4.0,1.0,Enugu,6,4,0,0,2,350000.0,0.6666666666666666,5,5,5,1,1,42,20,32.0,1220500.0,7,0,0.0
149062,4,0,0,4,4,0,3,0,1,1,0,1,4.0,4.0,1.0,1.0,60.0,14.0,1403.0,4.0,1.0,Enugu,4,1,0,0,1,50000.0,0.25,4,4,3,1,1,42,19,35.0,3708500.0,7,0,0.0
149063,3,0,0,3,3,0,3,0,0,1,0,0,4.0,4.0,1.0,1.0,35.0,14.0,1403.0,4.0,1.0,Enugu,3,2,0,0,2,189000.0,0.6666666666666666,3,3,3,1,1,42,12,17.0,990000.0,7,0,0.0
149065,2,0,0,2,2,0,2,2,0,1,1,0,4.0,4.0,1.0,1.0,37.0,14.0,1403.0,4.0,1.0,Enugu,2,2,0,0,2,100000.0,1.0,2,2,2,1,1,42,14,18.0,376700.0,7,0,0.0
149068,4,1,1,4,4,1,3,4,0,1,1,0,7.0,7.0,1.0,1.0,47.0,14.0,1403.0,4.0,1.0,Enugu,7,1,0,0,1,450000.0,0.14285714285714285,6,6,6,1,1,42,26,42.0,2289800.0,7,3,1450000.0
149070,4,1,0,4,4,1,4,0,0,1,0,0,5.0,5.0,1.0,1.0,61.0,14.0,1403.0,4.0,1.0,Enugu,5,1,0,0,1,300000.0,0.2,5,5,5,1,1,42,17,41.0,3920000.0,7,1,600000.0
149072,6,5,2,6,6,1,4,4,3,1,1,1,6.0,6.0,1.0,1.0,55.0,14.0,1403.0,4.0,1.0,Enugu,6,4,0,0,2,125000.0,0.6666666666666666,6,4,4,1,1,42,14,28.0,206000.0,7,0,0.0
149073,1,1,0,1,1,1,1,1,1,1,1,1,1.0,1.0,1.0,1.0,35.0,14.0,1405.0,4.0,1.0,Enugu,1,1,0,0,1,5000.0,1.0,1,1,1,1,1,42,8,10.0,707500.0,7,0,0.0
149074,2,1,1,2,2,1,1,1,1,1,1,1,7.0,7.0,1.0,1.0,39.0,14.0,1405.0,4.0,1.0,Enugu,7,2,0,0,2,11000.0,0.2857142857142857,5,5,3,1,1,42,11,21.0,339000.0,7,0,0.0
149076,1,0,0,1,1,0,0,0,1,0,0,1,4.0,4.0,2.0,2.0,30.0,14.0,1405.0,4.0,1.0,Enugu,4,2,0,0,0,0.0,0.5,3,1,0,1,0,42,2,2.0,6000.0,7,0,0.0
149077,3,0,0,3,3,0,1,2,1,1,1,1,6.0,6.0,1.0,1.0,37.0,14.0,1405.0,4.0,1.0,Enugu,5,3,0,0,2,40000.0,0.6,3,2,0,1,0,42,3,6.0,14500.0,7,0,0.0
149078,2,1,2,2,2,1,1,1,2,1,1,1,6.0,6.0,1.0,1.0,36.0,14.0,1405.0,4.0,1.0,Enugu,3,1,0,0,1,10000.0,0.3333333333333333,2,2,1,1,1,42,10,11.0,662000.0,7,0,0.0
149079,3,0,0,3,3,0,1,2,2,1,1,1,7.0,7.0,1.0,1.0,49.0,14.0,1405.0,4.0,1.0,Enugu,6,3,0,0,3,55000.0,0.5,5,3,1,1,1,42,11,28.0,80000.0,7,0,0.0
149080,2,2,0,2,2,1,2,2,0,1,1,0,2.0,2.0,1.0,1.0,40.0,14.0,1405.0,4.0,1.0,Enugu,2,2,0,0,2,75000.0,1.0,2,2,0,1,0,42,5,7.0,40800.0,7,0,0.0
149082,2,2,2,2,2,1,2,2,2,1,1,1,4.0,4.0,1.0,1.0,34.0,14.0,1405.0,4.0,1.0,Enugu,4,1,1,0,2,23000.0,0.25,4,2,1,1,1,42,10,15.0,1111000.0,7,1,50000.0
149083,4,2,2,4,4,1,2,2,2,1,1,1,4.0,4.0,1.0,1.0,64.0,14.0,1405.0,4.0,1.0,Enugu,4,2,0,0,2,90000.0,0.5,4,4,2,1,1,42,13,21.0,394500.0,7,2,1160000.0
149084,1,0,0,1,1,0,0,0,1,0,0,1,1.0,1.0,1.0,2.0,67.0,14.0,1405.0,4.0,1.0,Enugu,1,1,0,0,0,0.0,1.0,1,1,0,1,0,42,4,5.0,51500.0,7,2,15000.0
149085,2,0,2,2,2,1,0,0,2,0,0,1,2.0,2.0,1.0,1.0,73.0,14.0,1406.0,4.0,2.0,Enugu,2,1,0,0,0,0.0,0.5,2,2,0,1,0,42,10,17.0,33500.0,7,1,10000.0
149086,5,0,0,5,5,0,0,2,0,0,1,0,5.0,5.0,1.0,1.0,70.0,14.0,1406.0,4.0,2.0,Enugu,6,5,0,0,1,10000.0,0.8333333333333334,5,4,2,1,1,42,3,7.0,15500.0,7,0,0.0
149087,1,0,0,1,1,0,0,1,0,0,1,0,3.0,3.0,1.0,2.0,69.0,14.0,1406.0,4.0,2.0,Enugu,3,3,0,0,0,0.0,1.0,3,3,0,1,0,42,6,7.0,75200.0,7,0,0.0
149088,3,1,0,3,3,1,1,3,2,1,1,1,5.0,5.0,2.0,1.0,50.0,14.0,1406.0,4.0,2.0,Enugu,5,2,0,0,2,80000.0,0.4,5,3,0,1,0,42,4,12.0,23500.0,7,0,0.0
149089,3,1,0,3,3,1,2,2,1,1,1,1,3.0,3.0,1.0,2.0,64.0,14.0,1406.0,4.0,2.0,Enugu,3,3,0,0,1,7000.0,1.0,3,3,1,1,1,42,3,7.0,54500.0,7,2,36000.0
149090,3,0,2,3,3,1,0,0,1,0,0,1,6.0,6.0,2.0,1.0,46.0,14.0,1406.0,4.0,2.0,Enugu,5,5,0,0,2,18000.0,1.0,4,4,0,1,0,42,5,10.0,18500.0,7,0,0.0
149091,2,0,0,2,2,0,0,1,1,0,1,1,2.0,2.0,1.0,2.0,42.0,14.0,1406.0,4.0,2.0,Enugu,2,2,0,0,2,20000.0,1.0,2,1,1,1,1,42,2,2.0,7000.0,7,0,0.0
149093,2,0,1,2,2,1,0,0,2,0,0,1,2.0,2.0,1.0,2.0,81.0,14.0,1406.0,4.0,2.0,Enugu,2,1,0,0,0,0.0,0.5,2,2,0,1,0,42,4,6.0,11500.0,7,0,0.0
149094,3,0,0,3,3,0,1,2,2,1,1,1,6.0,6.0,1.0,1.0,44.0,14.0,1406.0,4.0,2.0,Enugu,5,4,0,0,0,0.0,0.8,4,2,0,1,0,42,3,5.0,76000.0,7,0,0.0
149096,2,0,0,2,2,0,0,0,1,0,0,1,4.0,4.0,1.0,1.0,58.0,14.0,1406.0,4.0,2.0,Enugu,4,4,0,0,2,10000.0,1.0,3,3,0,1,0,42,1,1.0,13000.0,7,0,0.0
149097,1,0,0,1,1,0,0,0,0,0,0,0,1.0,1.0,2.0,2.0,83.0,14.0,1411.0,4.0,2.0,Enugu,1,1,0,0,1,4500.0,1.0,1,1,0,1,0,42,5,5.0,9900.0,7,0,0.0
149098,1,0,0,1,1,0,0,0,0,0,0,0,1.0,1.0,1.0,2.0,68.0,14.0,1411.0,4.0,2.0,Enugu,1,1,0,0,1,20000.0,1.0,1,1,0,1,0,42,3,3.0,6800.0,7,0,0.0
149099,2,1,1,2,2,1,2,0,0,1,0,0,2.0,2.0,1.0,1.0,75.0,14.0,1411.0,4.0,2.0,Enugu,2,2,0,0,2,60000.0,1.0,2,2,0,1,0,42,5,10.0,116500.0,7,0,0.0
149102,2,2,1,2,2,1,2,0,0,1,0,0,4.0,4.0,1.0,1.0,56.0,14.0,1411.0,4.0,2.0,Enugu,3,2,0,0,2,60000.0,0.6666666666666666,3,2,0,1,0,42,5,13.0,42500.0,7,0,0.0
149103,1,0,0,1,1,0,0,0,0,0,0,0,1.0,1.0,1.0,2.0,84.0,14.0,1411.0,4.0,2.0,Enugu,1,0,0,0,0,0.0,0.0,1,1,0,1,0,42,3,5.0,10500.0,7,0,0.0
149104,1,0,0,1,1,0,0,0,0,0,0,0,1.0,1.0,1.0,2.0,68.0,14.0,1411.0,4.0,2.0,Enugu,1,1,0,0,1,5000.0,1.0,1,1,0,1,0,42,6,6.0,10000.0,7,0,0.0
149105,3,0,0,3,3,0,2,0,0,1,0,0,1.0,1.0,1.0,2.0,68.0,14.0,1411.0,4.0,2.0,Enugu,3,2,0,0,2,13000.0,0.6666666666666666,3,2,1,1,1,42,8,12.0,100000.0,7,0,0.0
149107,1,1,0,1,1,1,1,1,0,1,1,0,1.0,1.0,1.0,1.0,48.0,14.0,1411.0,4.0,2.0,Enugu,1,0,0,0,1,30000.0,0.0,1,1,1,1,1,42,4,7.0,26300.0,7,0,0.0
149108,1,0,1,1,1,1,0,1,1,0,1,1,1.0,1.0,1.0,2.0,64.0,14.0,1411.0,4.0,2.0,Enugu,1,0,0,0,0,0.0,0.0,1,1,0,1,0,42,3,5.0,8500.0,7,2,150000.0
149109,4,0,0,4,4,0,2,0,0,1,0,0,3.0,3.0,1.0,1.0,77.0,14.0,1411.0,4.0,2.0,Enugu,4,1,0,0,1,30000.0,0.25,4,4,0,1,0,42,9,23.0,136500.0,7,0,0.0
149110,1,0,1,1,1,1,0,0,1,0,0,1,1.0,1.0,2.0,2.0,75.0,14.0,1411.0,4.0,2.0,Enugu,1,0,0,0,0,0.0,0.0,1,0,0,0,0,42,4,6.0,25000.0,7,0,0.0
149111,1,0,0,1,1,0,0,0,0,0,0,0,1.0,1.0,1.0,2.0,70.0,14.0,1411.0,4.0,2.0,Enugu,1,1,0,0,1,4800.0,1.0,1,1,0,1,0,42,4,8.0,7000.0,7,0,0.0
149112,1,0,0,1,1,0,0,0,0,0,0,0,1.0,1.0,1.0,2.0,76.0,14.0,1411.0,4.0,2.0,Enugu,1,0,1,0,1,8000.0,0.0,1,1,0,1,0,42,4,6.0,11000.0,7,0,0.0
149114,2,2,0,2,2,1,2,0,0,1,0,0,5.0,5.0,1.0,1.0,41.0,14.0,1411.0,4.0,2.0,Enugu,4,1,0,0,1,100000.0,0.25,2,2,0,1,0,42,4,8.0,25500.0,7,0,0.0
149115,2,1,0,2,2,1,1,1,0,1,1,0,2.0,2.0,1.0,2.0,82.0,14.0,1411.0,4.0,2.0,Enugu,2,1,0,0,1,30000.0,0.5,2,2,1,1,1,42,8,11.0,167000.0,7,0,0.0
149116,2,0,0,2,2,0,1,0,0,1,0,0,1.0,1.0,1.0,1.0,61.0,14.0,1411.0,4.0,2.0,Enugu,2,2,0,0,2,30000.0,1.0,2,1,0,1,0,42,9,14.0,20200.0,7,0,0.0
149119,2,1,0,2,2,1,2,0,0,1,0,0,5.0,5.0,7.0,1.0,44.0,14.0,1411.0,4.0,2.0,Enugu,5,2,0,0,2,100000.0,0.4,4,2,1,1,1,42,6,9.0,55800.0,7,0,0.0
149120,2,1,2,2,2,1,1,0,1,1,0,1,4.0,4.0,7.0,1.0,40.0,14.0,1411.0,4.0,2.0,Enugu,4,1,0,0,1,100000.0,0.25,3,2,1,1,1,42,6,12.0,51600.0,7,1,50000.0
149122,4,2,2,4,4,1,4,2,4,1,1,1,4.0,4.0,1.0,1.0,69.0,14.0,1416.0,4.0,2.0,Enugu,4,4,0,0,3,34000.0,1.0,4,4,2,1,1,42,11,23.0,250000.0,7,1,9000.0
149123,3,3,2,3,3,1,3,3,3,1,1,1,4.0,4.0,1.0,1.0,75.0,14.0,1416.0,4.0,2.0,Enugu,4,3,0,0,3,50000.0,0.75,4,3,1,1,1,42,10,18.0,178500.0,7,0,0.0
149125,3,0,0,3,3,0,0,0,0,0,0,0,2.0,2.0,1.0,1.0,76.0,14.0,1416.0,4.0,2.0,Enugu,3,3,0,0,0,0.0,1.0,3,3,0,1,0,42,5,9.0,41000.0,7,0,0.0
149126,1,1,0,1,1,1,1,0,1,1,0,1,1.0,1.0,1.0,2.0,77.0,14.0,1416.0,4.0,2.0,Enugu,1,1,0,0,1,20000.0,1.0,1,1,0,1,0,42,6,8.0,95000.0,7,0,0.0
149127,3,0,0,3,3,0,0,3,0,0,1,0,4.0,4.0,1.0,1.0,65.0,14.0,1416.0,4.0,2.0,Enugu,4,4,0,0,3,62000.0,1.0,3,3,0,1,0,42,2,3.0,10000.0,7,0,0.0
149128,2,1,1,2,2,1,1,2,1,1,1,1,2.0,2.0,1.0,1.0,91.0,14.0,1416.0,4.0,2.0,Enugu,2,2,0,0,0,0.0,1.0,2,2,0,1,0,42,5,13.0,59200.0,7,1,11000.0
149129,4,1,1,4,4,1,1,1,2,1,1,1,4.0,4.0,1.0,1.0,68.0,14.0,1416.0,4.0,2.0,Enugu,4,2,0,0,1,20000.0,0.5,4,2,0,1,0,42,1,1.0,500.0,7,0,0.0
149130,5,2,0,5,5,1,2,1,1,1,1,1,6.0,6.0,1.0,1.0,60.0,14.0,1416.0,4.0,2.0,Enugu,6,5,0,0,1,0.0,0.8333333333333334,6,4,1,1,1,42,5,13.0,22500.0,7,0,0.0
149132,3,0,0,3,3,0,1,0,3,1,0,1,8.0,8.0,1.0,2.0,32.0,14.0,1416.0,4.0,2.0,Enugu,6,3,0,0,2,15000.0,0.5,4,3,2,1,1,42,4,11.0,53500.0,7,0,0.0
149133,3,2,2,3,3,1,2,0,2,1,0,1,4.0,4.0,1.0,1.0,38.0,14.0,1417.0,4.0,2.0,Enugu,5,3,0,0,3,50000.0,0.6,3,3,1,1,1,42,5,9.0,75800.0,7,1,70000.0
149134,2,2,1,2,2,1,2,2,1,1,1,1,6.0,6.0,1.0,1.0,35.0,14.0,1417.0,4.0,2.0,Enugu,4,2,0,0,2,27000.0,0.5,2,2,0,1,0,42,4,5.0,100600.0,7,1,6000.0
149135,1,1,0,1,1,1,1,1,1,1,1,1,1.0,1.0,1.0,1.0,62.0,14.0,1417.0,4.0,2.0,Enugu,1,1,0,0,1,50000.0,1.0,1,1,0,1,0,42,2,2.0,6000.0,7,0,0.0
149136,2,1,1,2,2,1,1,1,1,1,1,1,7.0,7.0,1.0,1.0,48.0,14.0,1417.0,4.0,2.0,Enugu,6,4,0,0,4,19000.0,0.6666666666666666,4,3,0,1,0,42,5,10.0,86500.0,7,1,100000.0
149138,2,2,1,2,2,1,1,2,1,1,1,1,4.0,4.0,1.0,1.0,43.0,14.0,1417.0,4.0,2.0,Enugu,4,2,0,0,1,7000.0,0.5,2,2,0,1,0,42,4,6.0,97000.0,7,1,8000.0
149139,1,0,0,1,1,0,0,1,1,0,1,1,1.0,1.0,1.0,1.0,50.0,14.0,1417.0,4.0,2.0,Enugu,1,1,0,0,0,0.0,1.0,1,1,0,1,0,42,4,4.0,68500.0,7,0,0.0
149140,3,1,2,3,3,1,1,0,1,1,0,1,4.0,4.0,2.0,1.0,36.0,14.0,1417.0,4.0,2.0,Enugu,3,3,0,0,3,35000.0,1.0,3,2,0,1,0,42,4,5.0,94000.0,7,1,40000.0
149142,2,0,0,2,2,0,1,2,2,1,1,1,1.0,1.0,5101.0,1.0,32.0,14.0,1417.0,4.0,2.0,Enugu,3,3,0,0,1,50000.0,1.0,3,3,2,1,1,42,5,5.0,91000.0,7,0,0.0
149143,4,1,2,4,4,1,1,0,0,1,0,0,4.0,4.0,1.0,1.0,73.0,4.0,405.0,4.0,2.0,Anambra,4,1,0,0,1,6000.0,0.25,4,4,2,1,1,42,16,39.0,541800.0,7,0,0.0
149155,1,0,0,1,1,0,1,1,0,1,1,0,1.0,1.0,1.0,2.0,46.0,14.0,1403.0,4.0,1.0,Enugu,1,1,0,0,1,90000.0,1.0,1,1,0,1,0,42,12,13.0,365000.0,7,0,0.0
149156,3,0,0,3,3,0,2,0,0,1,0,0,5.0,5.0,1.0,1.0,51.0,14.0,1403.0,4.0,1.0,Enugu,6,2,0,0,2,480000.0,0.3333333333333333,5,5,3,1,1,42,25,62.0,4613500.0,7,0,0.0
149162,3,0,0,3,3,0,2,0,0,1,0,0,4.0,4.0,1.0,1.0,65.0,14.0,1411.0,4.0,2.0,Enugu,4,2,0,0,0,0.0,0.5,3,2,0,1,0,42,3,4.0,138000.0,7,0,0.0
150001,3,1,0,3,3,1,1,3,1,1,1,1,5.0,5.0,1.0,1.0,38.0,15.0,1506.0,2.0,1.0,Gombe,4,2,0,0,2,10000.0,0.5,3,3,3,1,1,42,5,10.0,81100.0,7,0,0.0
150002,3,1,2,3,3,1,1,1,2,1,1,1,3.0,3.0,1.0,1.0,27.0,15.0,1506.0,2.0,1.0,Gombe,4,1,0,0,1,3500.0,0.25,3,3,2,1,1,42,10,16.0,49500.0,7,0,0.0
150003,7,4,1,7,7,1,4,6,4,1,1,1,14.0,14.0,1.0,1.0,60.0,15.0,1506.0,2.0,1.0,Gombe,14,8,0,0,8,79500.0,0.5714285714285714,12,12,12,1,1,42,15,47.0,2882000.0,7,1,270000.0
150004,3,2,1,3,3,1,2,2,2,1,1,1,8.0,8.0,1.0,1.0,44.0,15.0,1506.0,2.0,1.0,Gombe,8,1,0,0,1,70000.0,0.125,6,3,2,1,1,42,4,6.0,19500.0,7,0,0.0
150005,1,1,1,1,1,1,1,1,1,1,1,1,1.0,1.0,1.0,2.0,37.0,15.0,1506.0,2.0,1.0,Gombe,1,1,0,0,1,40000.0,1.0,1,1,1,1,1,42,11,12.0,122600.0,7,1,18000.0
150007,6,1,1,6,6,1,3,4,2,1,1,1,15.0,15.0,1.0,1.0,44.0,15.0,1506.0,2.0,1.0,Gombe,13,2,1,0,3,83000.0,0.15384615384615385,9,4,1,1,1,42,9,17.0,335000.0,7,0,0.0
150008,6,0,1,6,6,1,1,3,0,1,1,0,7.0,7.0,1.0,1.0,56.0,15.0,1506.0,2.0,1.0,Gombe,7,1,2,0,3,25000.0,0.14285714285714285,7,7,7,1,1,42,6,16.0,36800.0,7,0,0.0
150010,1,1,0,1,1,1,1,1,1,1,1,1,1.0,1.0,1.0,1.0,39.0,15.0,1506.0,2.0,1.0,Gombe,1,0,0,0,0,0.0,0.0,1,1,1,1,1,42,3,4.0,53000.0,7,1,15000.0
150012,2,0,0,2,2,0,0,2,0,0,1,0,7.0,7.0,301.0,1.0,55.0,15.0,1508.0,2.0,2.0,Gombe,4,1,0,0,0,0.0,0.25,4,4,0,1,0,42,5,11.0,16800.0,7,0,0.0
150013,8,2,1,8,8,1,3,3,2,1,1,1,9.0,9.0,1.0,1.0,76.0,15.0,1508.0,2.0,2.0,Gombe,9,8,0,0,0,0.0,0.8888888888888888,9,9,0,1,0,42,4,15.0,31500.0,7,1,20000.0
150014,3,1,0,3,3,1,1,3,2,1,1,1,5.0,5.0,1.0,1.0,49.0,15.0,1510.0,2.0,2.0,Gombe,5,5,0,0,1,30000.0,1.0,5,5,5,1,1,42,5,7.0,19800.0,7,0,0.0
150015,3,0,0,3,3,0,0,1,0,0,1,0,9.0,9.0,1.0,1.0,55.0,15.0,1508.0,2.0,2.0,Gombe,5,4,0,0,0,0.0,0.8,4,4,0,1,0,42,4,9.0,34500.0,7,0,0.0
150016,6,3,3,6,6,1,3,3,3,1,1,1,8.0,8.0,1.0,1.0,60.0,15.0,1508.0,2.0,2.0,Gombe,8,7,0,0,1,40000.0,0.875,7,7,4,1,1,42,9,17.0,111800.0,7,0,0.0
150017,4,3,1,4,4,1,3,1,2,1,1,1,5.0,5.0,2.0,2.0,46.0,15.0,1508.0,2.0,2.0,Gombe,5,3,0,0,0,0.0,0.6,5,5,4,1,1,42,5,7.0,52500.0,7,1,12000.0
150018,3,0,3,3,3,1,0,0,1,0,0,1,3.0,3.0,1.0,1.0,43.0,15.0,1508.0,2.0,2.0,Gombe,3,3,0,0,1,3000.0,1.0,3,3,2,1,1,42,3,5.0,16500.0,7,1,15000.0
150019,3,3,3,3,3,1,3,3,3,1,1,1,2.0,2.0,1.0,1.0,50.0,15.0,1508.0,2.0,2.0,Gombe,3,2,0,0,1,20000.0,0.6666666666666666,3,3,3,1,1,42,6,13.0,74800.0,7,1,25000.0
150020,3,1,1,3,3,1,1,0,2,1,0,1,2.0,2.0,6.0,1.0,31.0,15.0,1508.0,2.0,2.0,Gombe,3,0,0,0,0,0.0,0.0,3,3,3,1,1,42,3,4.0,55500.0,7,0,0.0
150021,3,1,0,3,3,1,1,1,1,1,1,1,13.0,13.0,1.0,1.0,54.0,15.0,1511.0,2.0,2.0,Gombe,11,5,0,0,3,47000.0,0.45454545454545453,8,8,5,1,1,42,8,24.0,53400.0,7,1,35000.0
150022,4,0,1,4,4,1,0,0,0,0,0,0,8.0,8.0,1.0,1.0,47.0,15.0,1511.0,2.0,2.0,Gombe,8,5,0,0,1,5000.0,0.625,6,6,0,1,0,42,5,13.0,45200.0,7,1,30000.0
150023,5,1,1,5,5,1,1,1,1,1,1,1,10.0,10.0,1.0,1.0,56.0,15.0,1511.0,2.0,2.0,Gombe,8,7,0,0,3,29000.0,0.875,5,5,0,1,0,42,4,14.0,41500.0,7,1,35000.0
150024,2,0,1,2,2,1,0,1,0,0,1,0,7.0,7.0,1.0,1.0,44.0,15.0,1511.0,2.0,2.0,Gombe,5,3,0,0,3,6000.0,0.6,4,4,3,1,1,42,4,7.0,22400.0,7,0,0.0
150025,3,1,1,3,3,1,3,2,1,1,1,1,9.0,9.0,1.0,1.0,39.0,15.0,1511.0,2.0,2.0,Gombe,8,1,0,0,1,100000.0,0.125,5,5,1,1,1,42,7,11.0,1276800.0,7,0,0.0
150026,4,1,2,4,4,1,1,1,1,1,1,1,5.0,5.0,8.0,1.0,39.0,15.0,1511.0,2.0,2.0,Gombe,6,5,0,0,3,20400.0,0.8333333333333334,4,4,1,1,1,42,5,9.0,37900.0,7,1,23000.0
150027,2,0,0,2,2,0,0,0,0,0,0,0,5.0,5.0,2.0,2.0,43.0,15.0,1511.0,2.0,2.0,Gombe,4,1,0,0,0,0.0,0.25,4,3,0,1,0,42,3,3.0,12500.0,7,1,2000.0
150028,3,1,1,3,3,1,1,1,2,1,1,1,7.0,7.0,1.0,1.0,46.0,15.0,1511.0,2.0,2.0,Gombe,6,2,0,1,3,309000.0,0.3333333333333333,4,4,3,1,1,42,8,15.0,150100.0,7,0,0.0
150029,4,1,3,4,4,1,1,1,3,1,1,1,8.0,8.0,1.0,1.0,53.0,15.0,1511.0,2.0,2.0,Gombe,7,7,0,0,5,75500.0,1.0,7,7,3,1,1,42,10,24.0,134100.0,7,0,0.0
150030,3,0,0,3,3,0,0,0,0,0,0,0,5.0,5.0,2.0,2.0,64.0,15.0,1511.0,2.0,2.0,Gombe,5,0,0,0,0,0.0,0.0,5,3,1,1,1,42,5,6.0,17500.0,7,0,0.0
150061,2,2,2,2,2,1,2,2,2,1,1,1,1.0,1.0,1.0,1.0,34.0,15.0,1503.0,2.0,2.0,Gombe,2,1,0,0,1,29000.0,0.5,2,2,2,1,1,42,8,8.0,423200.0,7,0,0.0
150062,3,0,0,3,3,0,1,1,0,1,1,0,6.0,6.0,1.0,1.0,49.0,15.0,1503.0,2.0,2.0,Gombe,6,0,0,0,0,0.0,0.0,5,3,0,1,0,42,4,9.0,20100.0,7,2,410000.0
150063,3,1,1,3,3,1,2,2,2,1,1,1,6.0,6.0,1.0,1.0,38.0,15.0,1503.0,2.0,2.0,Gombe,5,3,0,0,3,36000.0,0.6,4,4,4,1,1,42,5,11.0,43700.0,7,0,0.0
150064,6,3,0,6,6,1,3,5,4,1,1,1,3.0,3.0,4.0,1.0,31.0,15.0,1503.0,2.0,2.0,Gombe,8,3,0,0,3,322000.0,0.375,8,8,8,1,1,42,5,16.0,65700.0,7,0,0.0
150065,3,1,1,3,3,1,3,3,3,1,1,1,4.0,4.0,1.0,1.0,51.0,15.0,1503.0,2.0,2.0,Gombe,4,1,0,0,0,0.0,0.25,4,4,2,1,1,42,9,23.0,130700.0,7,2,50000.0
150066,4,3,2,4,4,1,3,1,1,1,1,1,5.0,5.0,2.0,2.0,55.0,15.0,1503.0,2.0,2.0,Gombe,5,5,0,0,1,4000.0,1.0,5,5,3,1,1,42,5,12.0,36100.0,7,1,25000.0
150067,2,2,2,2,2,1,2,2,2,1,1,1,4.0,4.0,1.0,1.0,42.0,15.0,1503.0,2.0,2.0,Gombe,4,1,0,0,0,0.0,0.25,2,2,2,1,1,42,9,16.0,183200.0,7,2,50000.0
150068,4,3,3,4,4,1,4,4,3,1,1,1,6.0,6.0,1.0,1.0,60.0,15.0,1503.0,2.0,2.0,Gombe,6,1,0,0,1,35000.0,0.16666666666666666,5,4,1,1,1,42,9,13.0,645000.0,7,1,750000.0
150069,5,5,5,5,5,1,5,5,5,1,1,1,7.0,7.0,1.0,1.0,57.0,15.0,1503.0,2.0,2.0,Gombe,7,4,0,0,1,3000.0,0.5714285714285714,6,6,6,1,1,42,13,23.0,517800.0,7,1,50000.0
150070,6,5,0,6,6,1,5,6,4,1,1,1,6.0,6.0,1.0,1.0,55.0,15.0,1503.0,2.0,2.0,Gombe,6,3,0,0,3,30000.0,0.5,6,6,6,1,1,42,12,24.0,236000.0,7,0,0.0
150071,4,2,0,4,4,1,4,0,0,1,0,0,5.0,5.0,7.0,1.0,54.0,25.0,2504.0,1.0,1.0,Nasarawa,5,2,0,0,2,175000.0,0.4,5,5,5,1,1,42,14,25.0,407000.0,7,0,0.0
150072,3,3,0,3,3,1,3,3,1,1,1,1,4.0,4.0,2.0,2.0,53.0,15.0,1501.0,2.0,2.0,Gombe,4,3,0,0,0,0.0,0.75,4,4,4,1,1,42,14,25.0,174400.0,7,1,375000.0
150073,3,2,0,3,3,1,2,1,1,1,1,1,6.0,6.0,1.0,1.0,44.0,34.0,3415.0,2.0,1.0,Taraba,6,2,0,0,2,187000.0,0.3333333333333333,5,1,1,1,1,42,19,42.0,775000.0,7,0,0.0
150075,3,3,3,3,3,1,3,3,3,1,1,1,3.0,3.0,3.0,1.0,24.0,15.0,1506.0,2.0,1.0,Gombe,3,1,0,0,1,40000.0,0.3333333333333333,3,3,2,1,1,42,5,9.0,52500.0,7,2,35000.0
150076,4,3,2,4,4,1,2,3,3,1,1,1,8.0,8.0,1.0,1.0,47.0,15.0,1506.0,2.0,1.0,Gombe,8,0,0,0,1,50000.0,0.0,6,6,0,1,0,42,11,24.0,104000.0,7,1,15000.0
150077,5,2,1,5,5,1,2,2,2,1,1,1,2.0,2.0,102.0,1.0,38.0,15.0,1506.0,2.0,1.0,Gombe,7,0,3,0,3,58000.0,0.0,6,4,1,1,1,42,7,12.0,497000.0,7,0,0.0
150078,6,2,0,6,6,1,2,6,2,1,1,1,7.0,7.0,1.0,1.0,77.0,15.0,1506.0,2.0,1.0,Gombe,7,2,1,0,3,38000.0,0.2857142857142857,7,7,7,1,1,42,7,17.0,53000.0,7,1,160000.0
150079,6,5,4,6,6,1,6,6,5,1,1,1,16.0,16.0,1.0,1.0,51.0,15.0,1508.0,2.0,2.0,Gombe,13,1,1,0,3,105000.0,0.07692307692307693,10,7,5,1,1,42,18,31.0,429200.0,7,1,45000.0
150080,9,2,0,9,9,1,6,5,6,1,1,1,11.0,11.0,1.0,1.0,60.0,15.0,1506.0,2.0,1.0,Gombe,11,6,0,0,6,117200.0,0.5454545454545454,10,10,8,1,1,42,19,57.0,482900.0,7,1,75000.0
159001,5,0,0,5,5,0,1,0,0,1,0,0,7.0,7.0,1.0,1.0,46.0,15.0,1502.0,2.0,2.0,Gombe,7,4,0,0,1,12000.0,0.5714285714285714,6,5,0,1,0,42,4,7.0,18600.0,7,0,0.0
159002,5,0,0,5,5,0,0,4,0,0,1,0,10.0,10.0,2.0,2.0,60.0,15.0,1502.0,2.0,2.0,Gombe,9,5,0,0,0,0.0,0.5555555555555556,6,6,0,1,0,42,5,11.0,32000.0,7,1,40000.0
159003,2,0,1,2,2,1,0,1,1,0,1,1,7.0,7.0,1.0,1.0,40.0,15.0,1502.0,2.0,2.0,Gombe,5,0,1,0,1,8000.0,0.0,3,3,2,1,1,42,5,9.0,211400.0,7,0,0.0
159004,2,0,0,2,2,0,0,2,0,0,1,0,6.0,6.0,1.0,1.0,37.0,15.0,1502.0,2.0,2.0,Gombe,4,4,0,0,0,0.0,1.0,4,4,0,1,0,42,4,7.0,46800.0,7,0,0.0
159005,3,0,3,3,3,1,0,0,0,0,0,0,5.0,5.0,1.0,1.0,34.0,15.0,1502.0,2.0,2.0,Gombe,4,3,0,0,1,10000.0,0.75,3,3,1,1,1,42,4,12.0,47800.0,7,0,0.0
159006,7,1,3,7,7,1,1,7,4,1,1,1,12.0,12.0,1.0,1.0,71.0,15.0,1502.0,2.0,2.0,Gombe,10,6,0,0,0,0.0,0.6,8,8,8,1,1,42,4,13.0,40100.0,7,0,0.0
159007,1,0,1,1,1,1,0,0,0,0,0,0,1.0,1.0,1.0,1.0,59.0,15.0,1502.0,2.0,2.0,Gombe,1,1,0,0,1,1000.0,1.0,1,1,0,1,0,42,3,3.0,10700.0,7,1,5000.0
159010,2,0,0,2,2,0,0,0,0,0,0,0,9.0,9.0,1.0,1.0,61.0,15.0,1502.0,2.0,2.0,Gombe,4,3,0,0,0,0.0,0.75,2,2,0,1,0,42,3,7.0,25600.0,7,1,12000.0
159011,2,0,0,2,2,0,1,1,0,1,1,0,1.0,1.0,2.0,1.0,20.0,15.0,1502.0,2.0,2.0,Gombe,2,1,1,0,1,1500.0,0.5,2,2,0,1,0,42,2,3.0,5000.0,7,0,0.0
159012,4,1,2,4,4,1,2,4,3,1,1,1,5.0,5.0,1.0,1.0,56.0,15.0,1502.0,2.0,2.0,Gombe,5,2,1,0,2,37000.0,0.4,5,5,5,1,1,42,6,16.0,44700.0,7,0,0.0
159013,5,0,5,5,5,1,0,0,0,0,0,0,8.0,8.0,1.0,1.0,41.0,15.0,1503.0,2.0,2.0,Gombe,8,7,0,0,1,3000.0,0.875,7,6,1,1,1,42,4,9.0,22000.0,7,0,0.0
159014,2,0,1,2,2,1,1,1,0,1,1,0,4.0,4.0,1.0,1.0,36.0,15.0,1503.0,2.0,2.0,Gombe,4,2,0,0,0,0.0,0.5,3,2,1,1,1,42,3,4.0,10000.0,7,0,0.0
159015,1,0,0,1,1,0,0,0,0,0,0,0,1.0,1.0,1.0,1.0,42.0,15.0,1503.0,2.0,2.0,Gombe,1,1,0,0,0,0.0,1.0,1,1,0,1,0,42,2,2.0,7000.0,7,0,0.0
159016,5,0,3,5,5,1,0,0,1,0,0,1,9.0,9.0,1.0,1.0,56.0,15.0,1503.0,2.0,2.0,Gombe,9,8,0,0,0,0.0,0.8888888888888888,7,7,2,1,1,42,4,13.0,17400.0,7,0,0.0
159017,2,0,0,2,2,0,0,0,0,0,0,0,7.0,7.0,1.0,1.0,42.0,15.0,1503.0,2.0,2.0,Gombe,7,6,0,0,0,0.0,0.8571428571428571,5,5,0,1,0,42,6,11.0,20000.0,7,0,0.0
159018,6,1,1,6,6,1,3,2,1,1,1,1,8.0,8.0,1.0,1.0,63.0,15.0,1503.0,2.0,2.0,Gombe,8,4,0,0,2,110000.0,0.5,8,7,3,1,1,42,8,15.0,2470500.0,7,1,250000.0
159019,1,0,0,1,1,0,0,0,0,0,0,0,5.0,5.0,2.0,2.0,29.0,15.0,1503.0,2.0,2.0,Gombe,5,0,0,0,0,0.0,0.0,2,2,0,1,0,42,3,4.0,39000.0,7,0,0.0
159021,3,0,1,3,3,1,0,3,1,0,1,1,4.0,4.0,1.0,1.0,50.0,15.0,1503.0,2.0,2.0,Gombe,4,4,0,0,0,0.0,1.0,4,4,4,1,1,42,4,8.0,19000.0,7,0,0.0
159022,6,2,2,6,6,1,0,5,3,0,1,1,8.0,8.0,1.0,1.0,55.0,15.0,1503.0,2.0,2.0,Gombe,9,6,0,0,6,550000.0,0.6666666666666666,8,8,8,1,1,42,4,11.0,22600.0,7,0,0.0
159023,3,0,0,3,3,0,0,0,0,0,0,0,6.0,6.0,1.0,1.0,88.0,15.0,1503.0,2.0,2.0,Gombe,6,6,0,0,0,0.0,1.0,3,3,2,1,1,42,4,10.0,22400.0,7,0,0.0
159025,6,3,3,6,6,1,3,3,3,1,1,1,6.0,6.0,1.0,1.0,59.0,15.0,1503.0,2.0,2.0,Gombe,6,2,0,0,1,60000.0,0.3333333333333333,6,5,1,1,1,42,5,8.0,51000.0,7,1,20000.0
159026,4,1,0,4,4,1,1,2,1,1,1,1,6.0,6.0,1.0,2.0,51.0,15.0,1503.0,2.0,2.0,Gombe,6,6,0,0,0,0.0,1.0,6,4,0,1,0,42,5,9.0,31200.0,7,2,12000.0
159027,5,5,5,5,5,1,5,5,5,1,1,1,6.0,6.0,1.0,2.0,59.0,15.0,1503.0,2.0,2.0,Gombe,6,3,0,0,0,0.0,0.5,6,4,3,1,1,42,2,3.0,6000.0,7,0,0.0
159028,3,0,3,3,3,1,2,0,3,1,0,1,3.0,3.0,1.0,2.0,60.0,15.0,1503.0,2.0,2.0,Gombe,3,3,0,0,1,30000.0,1.0,3,3,2,1,1,42,3,5.0,12800.0,7,0,0.0
159029,2,0,0,2,2,0,1,2,1,1,1,1,3.0,3.0,1.0,1.0,44.0,15.0,1503.0,2.0,2.0,Gombe,3,2,0,0,0,0.0,0.6666666666666666,2,2,0,1,0,42,3,3.0,6000.0,7,1,7000.0
159032,2,0,1,2,2,1,0,1,1,0,1,1,1.0,1.0,3.0,1.0,32.0,15.0,1503.0,2.0,2.0,Gombe,3,2,0,0,1,7000.0,0.6666666666666666,2,2,2,1,1,42,4,6.0,68300.0,7,0,0.0
159033,2,0,1,2,2,1,2,1,1,1,1,1,4.0,4.0,1.0,1.0,45.0,15.0,1503.0,2.0,2.0,Gombe,4,4,0,0,1,7000.0,1.0,3,2,2,1,1,42,11,22.0,270000.0,7,1,45000.0
159034,3,2,1,3,3,1,3,3,1,1,1,1,6.0,6.0,1.0,2.0,75.0,15.0,1503.0,2.0,2.0,Gombe,8,2,0,0,1,32000.0,0.25,5,5,2,1,1,42,5,7.0,62000.0,7,0,0.0
159035,2,1,0,2,2,1,1,2,2,1,1,1,2.0,2.0,2.0,2.0,76.0,15.0,1503.0,2.0,2.0,Gombe,2,2,0,0,1,3500.0,1.0,2,2,2,1,1,42,6,9.0,94500.0,7,0,0.0
159036,5,3,3,5,5,1,4,4,5,1,1,1,7.0,7.0,1.0,2.0,63.0,15.0,1506.0,2.0,1.0,Gombe,7,6,0,0,5,128000.0,0.8571428571428571,5,5,4,1,1,42,17,34.0,380300.0,7,0,0.0
159037,3,3,3,3,3,1,2,3,3,1,1,1,8.0,8.0,1.0,1.0,53.0,15.0,1506.0,2.0,1.0,Gombe,6,1,0,0,1,130000.0,0.16666666666666666,3,3,3,1,1,42,18,29.0,684000.0,7,0,0.0
159038,4,2,1,4,4,1,2,4,2,1,1,1,9.0,9.0,1.0,1.0,46.0,15.0,1506.0,2.0,1.0,Gombe,9,2,1,0,3,50000.0,0.2222222222222222,6,6,6,1,1,42,12,24.0,293600.0,7,0,0.0
159039,3,1,2,3,3,1,2,2,2,1,1,1,6.0,6.0,1.0,1.0,45.0,15.0,1506.0,2.0,1.0,Gombe,6,5,0,0,2,5600.0,0.8333333333333334,4,4,3,1,1,42,15,27.0,363400.0,7,1,15000.0
159040,2,1,1,2,2,1,1,0,0,1,0,0,4.0,4.0,1.0,1.0,45.0,15.0,1506.0,2.0,1.0,Gombe,3,1,0,0,1,40000.0,0.3333333333333333,2,2,1,1,1,42,8,12.0,40900.0,7,1,20000.0
159042,9,9,9,9,9,1,9,9,9,1,1,1,13.0,13.0,1.0,1.0,69.0,15.0,1506.0,2.0,1.0,Gombe,13,2,0,0,3,10090000.0,0.15384615384615385,12,12,11,1,1,42,24,98.0,5951000.0,7,4,25500000.0
159043,6,3,3,6,6,1,4,3,2,1,1,1,7.0,7.0,1.0,1.0,69.0,15.0,1506.0,2.0,1.0,Gombe,7,1,0,0,1,35000.0,0.14285714285714285,7,7,3,1,1,42,24,67.0,2805500.0,7,2,930000.0
159045,2,0,0,2,2,0,1,0,0,1,0,0,2.0,2.0,1.0,1.0,61.0,15.0,1506.0,2.0,1.0,Gombe,2,0,0,0,0,0.0,0.0,2,2,0,1,0,42,3,5.0,27300.0,7,0,0.0
159047,4,1,0,4,4,1,0,1,1,0,1,1,8.0,8.0,1.0,1.0,44.0,15.0,1506.0,2.0,1.0,Gombe,8,1,0,0,1,20000.0,0.125,6,6,0,1,0,42,4,7.0,25300.0,7,1,20000.0
159048,4,2,2,4,4,1,1,1,1,1,1,1,7.0,7.0,1.0,1.0,48.0,15.0,1506.0,2.0,1.0,Gombe,5,2,0,0,1,95000.0,0.4,4,3,2,1,1,42,11,17.0,413000.0,7,0,0.0
159049,9,2,2,9,9,1,7,3,2,1,1,1,10.0,10.0,1.0,1.0,65.0,15.0,1506.0,2.0,1.0,Gombe,10,2,1,0,2,65000.0,0.2,9,8,4,1,1,42,13,26.0,516500.0,7,1,650000.0
159050,3,3,3,3,3,1,3,3,3,1,1,1,10.0,10.0,1.0,1.0,35.0,15.0,1506.0,2.0,1.0,Gombe,8,0,1,0,1,200000.0,0.0,6,6,6,1,1,42,24,58.0,2337700.0,7,2,1300000.0
159051,2,1,0,2,2,1,2,2,1,1,1,1,7.0,7.0,1.0,1.0,40.0,15.0,1506.0,2.0,1.0,Gombe,5,2,0,0,2,128000.0,0.4,2,2,2,1,1,42,18,25.0,576400.0,7,0,0.0
159052,3,2,1,3,3,1,2,3,3,1,1,1,9.0,9.0,1.0,1.0,41.0,15.0,1506.0,2.0,1.0,Gombe,6,3,0,0,3,157000.0,0.5,5,5,5,1,1,42,19,35.0,2410200.0,7,0,0.0
159053,5,5,5,5,5,1,5,5,5,1,1,1,9.0,9.0,1.0,1.0,52.0,15.0,1506.0,2.0,1.0,Gombe,8,0,0,1,1,70000.0,0.0,7,7,7,1,1,42,21,38.0,1375200.0,7,3,80000.0
159055,8,3,2,8,8,1,5,4,6,1,1,1,11.0,11.0,1.0,1.0,66.0,15.0,1506.0,2.0,1.0,Gombe,10,6,0,0,6,54000.0,0.6,10,10,7,1,1,42,11,34.0,105700.0,7,0,0.0
159056,6,2,0,6,6,1,5,6,3,1,1,1,7.0,7.0,1.0,1.0,60.0,15.0,1506.0,2.0,1.0,Gombe,7,6,0,0,1,0.0,0.8571428571428571,7,7,7,1,1,42,12,26.0,129500.0,7,0,0.0
159057,5,2,0,5,5,1,3,5,2,1,1,1,9.0,9.0,1.0,1.0,50.0,15.0,1506.0,2.0,1.0,Gombe,9,2,1,0,2,22000.0,0.2222222222222222,6,6,6,1,1,42,11,25.0,173600.0,7,2,265000.0
159059,8,5,5,8,8,1,5,4,5,1,1,1,12.0,12.0,701.0,1.0,42.0,15.0,1506.0,2.0,1.0,Gombe,10,0,0,0,0,0.0,0.0,8,8,4,1,1,42,13,30.0,197500.0,7,2,65000.0
159060,4,2,3,4,4,1,3,0,3,1,0,1,10.0,10.0,1.0,1.0,58.0,15.0,1506.0,2.0,1.0,Gombe,9,4,0,0,4,5000.0,0.4444444444444444,7,7,4,1,1,42,16,36.0,371000.0,7,1,15000.0
159061,3,3,1,3,3,1,3,3,3,1,1,1,7.0,7.0,1.0,1.0,67.0,15.0,1506.0,2.0,1.0,Gombe,7,1,0,0,1,100000.0,0.14285714285714285,5,5,4,1,1,42,12,25.0,233500.0,7,2,45000.0
159062,2,1,0,2,2,1,1,1,2,1,1,1,4.0,4.0,1.0,1.0,31.0,19.0,1928.0,3.0,1.0,Kano,2,1,0,0,1,60000.0,0.5,2,2,1,1,1,42,8,10.0,698500.0,7,0,0.0
159063,2,0,0,2,2,0,0,0,0,0,0,0,2.0,2.0,1.0,2.0,64.0,15.0,1506.0,2.0,1.0,Gombe,3,0,0,0,1,8000.0,0.0,2,2,0,1,0,42,7,10.0,41300.0,7,0,0.0
159064,5,0,0,5,5,0,1,0,0,1,0,0,7.0,7.0,1.0,1.0,80.0,15.0,1506.0,2.0,1.0,Gombe,7,1,0,0,1,4000.0,0.14285714285714285,6,5,2,1,1,42,10,34.0,410000.0,7,2,370000.0
159065,2,1,1,2,2,1,1,1,1,1,1,1,5.0,5.0,1.0,1.0,40.0,15.0,1506.0,2.0,1.0,Gombe,3,1,0,0,1,50000.0,0.3333333333333333,2,2,2,1,1,42,12,15.0,442000.0,7,0,0.0
159066,3,1,1,3,3,1,1,3,1,1,1,1,5.0,5.0,1.0,1.0,30.0,15.0,1506.0,2.0,1.0,Gombe,3,1,0,0,1,0.0,0.3333333333333333,3,3,3,1,1,42,8,18.0,142800.0,7,0,0.0
159067,9,1,0,9,9,1,6,9,4,1,1,1,9.0,9.0,1.0,1.0,77.0,15.0,1506.0,2.0,1.0,Gombe,9,2,3,0,5,69800.0,0.2222222222222222,9,9,9,1,1,42,9,23.0,58700.0,7,0,0.0
159068,5,0,5,5,5,1,1,0,5,1,0,1,14.0,14.0,1.0,1.0,55.0,15.0,1506.0,2.0,1.0,Gombe,13,3,0,0,5,11200.0,0.23076923076923078,10,10,1,1,1,42,8,33.0,44400.0,7,1,14000.0
159071,1,0,0,1,1,0,1,1,1,1,1,1,1.0,1.0,1601.0,1.0,29.0,15.0,1506.0,2.0,1.0,Gombe,1,1,0,0,1,3000.0,1.0,1,1,1,1,1,42,8,8.0,205400.0,7,1,15000.0
159072,6,3,5,6,6,1,4,5,5,1,1,1,7.0,7.0,3.0,2.0,56.0,15.0,1509.0,2.0,2.0,Gombe,9,7,0,0,3,47000.0,0.7777777777777778,9,9,6,1,1,42,9,28.0,319000.0,7,1,15000.0
159073,2,1,1,2,2,1,1,1,1,1,1,1,5.0,5.0,2.0,2.0,55.0,15.0,1509.0,2.0,2.0,Gombe,5,0,0,0,0,0.0,0.0,5,5,1,1,1,42,5,7.0,27500.0,7,0,0.0
159074,4,3,3,4,4,1,3,3,3,1,1,1,4.0,4.0,2.0,2.0,53.0,15.0,1509.0,2.0,2.0,Gombe,4,2,0,0,0,0.0,0.5,4,3,3,1,1,42,7,10.0,144700.0,7,0,0.0
159076,3,1,1,3,3,1,2,2,2,1,1,1,8.0,8.0,1.0,1.0,41.0,15.0,1509.0,2.0,2.0,Gombe,6,2,0,0,2,42000.0,0.3333333333333333,5,5,1,1,1,42,5,16.0,35000.0,7,1,20000.0
159078,5,3,3,5,5,1,4,4,5,1,1,1,11.0,11.0,1.0,1.0,49.0,15.0,1509.0,2.0,2.0,Gombe,10,4,0,0,2,165000.0,0.4,7,6,5,1,1,42,5,14.0,75000.0,7,0,0.0
159079,5,2,2,5,5,1,2,3,2,1,1,1,4.0,4.0,2.0,2.0,64.0,15.0,1509.0,2.0,2.0,Gombe,5,1,0,0,2,30000.0,0.2,5,5,4,1,1,42,7,14.0,188300.0,7,0,0.0
159081,5,0,0,5,5,0,1,1,0,1,1,0,14.0,14.0,1.0,1.0,53.0,15.0,1509.0,2.0,2.0,Gombe,9,4,0,0,2,11000.0,0.4444444444444444,6,5,0,1,0,42,4,15.0,30500.0,7,0,0.0
159082,8,1,2,8,8,1,3,3,4,1,1,1,18.0,18.0,1.0,1.0,54.0,15.0,1509.0,2.0,2.0,Gombe,13,7,0,0,5,38000.0,0.5384615384615384,11,11,11,1,1,42,8,22.0,102500.0,7,0,0.0
159083,2,1,0,2,2,1,1,2,2,1,1,1,5.0,5.0,1.0,1.0,42.0,15.0,1509.0,2.0,2.0,Gombe,4,1,0,0,1,30000.0,0.25,3,3,3,1,1,42,7,12.0,89900.0,7,1,11000.0
159084,4,1,0,4,4,1,0,0,0,0,0,0,4.0,4.0,4.0,1.0,32.0,15.0,1510.0,2.0,2.0,Gombe,4,2,0,0,0,0.0,0.5,4,4,0,1,0,42,3,6.0,17000.0,7,1,15000.0
159085,10,2,1,10,10,1,2,2,1,1,1,1,13.0,13.0,1.0,1.0,50.0,15.0,1510.0,2.0,2.0,Gombe,13,12,0,0,2,3000.0,0.9230769230769231,11,11,10,1,1,42,3,12.0,159700.0,7,0,0.0
159086,3,0,2,3,3,1,0,0,1,0,0,1,6.0,6.0,1.0,1.0,42.0,15.0,1510.0,2.0,2.0,Gombe,6,6,0,0,0,0.0,1.0,4,3,0,1,0,42,3,8.0,10800.0,7,1,4500.0
159087,1,0,0,1,1,0,0,0,0,0,0,0,1.0,1.0,1.0,1.0,31.0,15.0,1510.0,2.0,2.0,Gombe,1,1,0,0,0,0.0,1.0,1,1,0,1,0,42,1,1.0,500.0,7,1,5000.0
159088,4,0,0,4,4,0,0,0,0,0,0,0,4.0,4.0,2.0,2.0,66.0,15.0,1510.0,2.0,2.0,Gombe,4,3,0,0,0,0.0,0.75,4,4,0,1,0,42,3,5.0,22000.0,7,1,10000.0
159089,2,0,0,2,2,0,1,0,0,1,0,0,3.0,3.0,1.0,1.0,64.0,15.0,1510.0,2.0,2.0,Gombe,3,1,0,0,0,0.0,0.3333333333333333,3,3,0,1,0,42,2,3.0,5500.0,7,0,0.0
159090,4,0,2,4,4,1,0,1,0,0,1,0,6.0,6.0,1.0,1.0,49.0,15.0,1510.0,2.0,2.0,Gombe,6,5,0,0,1,12000.0,0.8333333333333334,6,6,0,1,0,42,3,6.0,6300.0,7,0,0.0
159093,2,0,2,2,2,1,0,2,0,0,1,0,3.0,3.0,1.0,1.0,88.0,15.0,1510.0,2.0,2.0,Gombe,3,3,0,0,0,0.0,1.0,2,2,0,1,0,42,2,4.0,700.0,7,0,0.0
159094,6,0,6,6,6,1,0,0,0,0,0,0,8.0,8.0,1.0,1.0,69.0,15.0,1510.0,2.0,2.0,Gombe,8,6,0,0,3,5100.0,0.75,7,7,7,1,1,42,4,14.0,19500.0,7,0,0.0
159095,3,0,0,3,3,0,0,0,0,0,0,0,8.0,8.0,1.0,1.0,54.0,15.0,1510.0,2.0,2.0,Gombe,8,2,0,0,0,0.0,0.25,5,5,1,1,1,42,2,3.0,4000.0,7,0,0.0
159096,5,3,4,5,5,1,4,3,3,1,1,1,11.0,11.0,1.0,1.0,56.0,15.0,1511.0,2.0,2.0,Gombe,9,5,0,0,1,7000.0,0.5555555555555556,7,5,2,1,1,42,9,14.0,440000.0,7,0,0.0
159097,2,0,1,2,2,1,2,2,2,1,1,1,3.0,3.0,1.0,1.0,30.0,15.0,1511.0,2.0,2.0,Gombe,2,2,0,0,0,0.0,1.0,2,2,0,1,0,42,5,9.0,41300.0,7,1,8000.0
159098,2,0,0,2,2,0,0,0,0,0,0,0,6.0,6.0,1.0,1.0,41.0,15.0,1511.0,2.0,2.0,Gombe,6,6,0,0,0,0.0,1.0,4,4,0,1,0,42,3,5.0,12600.0,7,0,0.0
159099,5,2,1,5,5,1,2,1,2,1,1,1,7.0,7.0,1.0,1.0,46.0,15.0,1511.0,2.0,2.0,Gombe,7,4,0,0,0,0.0,0.5714285714285714,6,5,2,1,1,42,4,9.0,25500.0,7,0,0.0
159100,2,0,0,2,2,0,0,0,0,0,0,0,4.0,4.0,2.0,2.0,35.0,15.0,1511.0,2.0,2.0,Gombe,4,4,0,0,0,0.0,1.0,2,2,0,1,0,42,3,5.0,18000.0,7,1,11000.0
159101,4,1,2,4,4,1,2,4,2,1,1,1,5.0,5.0,1.0,1.0,86.0,15.0,1511.0,2.0,2.0,Gombe,5,1,0,0,0,0.0,0.2,5,5,5,1,1,42,3,7.0,10400.0,7,1,282000.0
159102,3,0,0,3,3,0,1,2,0,1,1,0,2.0,2.0,1.0,1.0,66.0,15.0,1511.0,2.0,2.0,Gombe,3,2,0,0,0,0.0,0.6666666666666666,3,3,0,1,0,42,5,10.0,33200.0,7,1,10000.0
159105,6,1,0,6,6,1,1,1,1,1,1,1,8.0,8.0,1.0,1.0,31.0,15.0,1511.0,2.0,2.0,Gombe,7,5,0,0,3,36700.0,0.7142857142857143,6,6,4,1,1,42,7,18.0,44200.0,7,1,7000.0
159106,4,0,0,4,4,0,0,0,0,0,0,0,11.0,11.0,1.0,1.0,51.0,15.0,1511.0,2.0,2.0,Gombe,9,2,0,0,0,0.0,0.2222222222222222,7,5,0,1,0,42,5,8.0,52500.0,7,0,0.0
159107,4,0,3,4,4,1,0,3,1,0,1,1,8.0,8.0,1.0,1.0,38.0,15.0,1511.0,2.0,2.0,Gombe,7,3,0,0,3,500000.0,0.42857142857142855,6,6,4,1,1,42,4,11.0,78450.0,7,0,0.0
159111,6,2,1,6,6,1,2,2,2,1,1,1,5.0,5.0,1.0,2.0,66.0,15.0,1503.0,2.0,2.0,Gombe,6,4,0,0,2,22500.0,0.6666666666666666,6,6,4,1,1,42,11,19.0,250600.0,7,1,33000.0
159112,11,4,1,11,11,1,5,11,6,1,1,1,18.0,18.0,1.0,1.0,55.0,15.0,1506.0,2.0,1.0,Gombe,18,4,3,0,8,1547000.0,0.2222222222222222,14,14,14,1,1,42,14,43.0,2197000.0,7,0,0.0
159119,5,2,2,5,5,1,2,1,1,1,1,1,6.0,6.0,1.0,1.0,62.0,15.0,1509.0,2.0,2.0,Gombe,7,4,0,0,1,20000.0,0.5714285714285714,6,6,2,1,1,42,8,18.0,272500.0,7,0,0.0
160001,2,2,0,2,2,1,2,0,0,1,0,0,2.0,2.0,1.0,1.0,83.0,16.0,1626.0,4.0,2.0,Imo,2,0,0,0,0,0.0,0.0,2,2,0,1,0,42,12,18.0,519000.0,7,2,415000.0
160002,2,2,0,2,2,1,2,2,0,1,1,0,4.0,4.0,1.0,1.0,70.0,16.0,1626.0,4.0,2.0,Imo,4,0,0,0,0,0.0,0.0,4,2,1,1,1,42,11,22.0,820000.0,7,1,720000.0
160003,4,0,0,4,4,0,4,0,4,1,0,1,5.0,5.0,1.0,1.0,59.0,16.0,1626.0,4.0,2.0,Imo,5,1,0,0,1,6000.0,0.2,5,5,3,1,1,42,13,22.0,373000.0,7,1,225000.0
160004,4,2,0,4,4,1,3,4,1,1,1,1,4.0,4.0,1.0,2.0,101.0,16.0,1626.0,4.0,2.0,Imo,4,1,0,0,1,110000.0,0.25,4,4,2,1,1,42,8,16.0,622000.0,7,1,30000.0
160005,6,1,1,6,6,1,5,2,6,1,1,1,6.0,6.0,1.0,1.0,65.0,16.0,1626.0,4.0,2.0,Imo,6,1,0,0,1,52000.0,0.16666666666666666,6,6,4,1,1,42,17,28.0,791300.0,7,1,14000.0
160006,2,2,0,2,2,1,2,2,0,1,1,0,2.0,2.0,1.0,1.0,74.0,16.0,1626.0,4.0,2.0,Imo,2,1,0,0,1,18000.0,0.5,2,2,0,1,0,42,13,30.0,1764000.0,7,1,720000.0
160007,3,2,0,3,3,1,3,1,1,1,1,1,3.0,3.0,1.0,2.0,64.0,16.0,1626.0,4.0,2.0,Imo,3,2,0,0,2,75000.0,0.6666666666666666,3,3,2,1,1,42,14,22.0,946500.0,7,2,240000.0
160008,3,3,1,3,3,1,3,1,1,1,1,1,4.0,4.0,1.0,1.0,75.0,16.0,1626.0,4.0,2.0,Imo,4,2,0,0,2,87000.0,0.5,3,3,1,1,1,42,14,28.0,554500.0,7,2,400000.0
160009,3,1,1,3,3,1,3,0,3,1,0,1,3.0,3.0,1.0,1.0,64.0,16.0,1626.0,4.0,2.0,Imo,3,3,0,0,2,71000.0,1.0,3,3,2,1,1,42,13,22.0,573000.0,7,1,240000.0
160010,4,0,0,4,4,0,4,2,4,1,1,1,6.0,6.0,1.0,1.0,64.0,16.0,1620.0,4.0,2.0,Imo,6,1,0,0,1,110000.0,0.16666666666666666,6,4,4,1,1,42,15,25.0,3691500.0,7,0,0.0
160018,5,3,1,5,5,1,2,3,2,1,1,1,5.0,5.0,2.0,2.0,52.0,16.0,1622.0,4.0,1.0,Imo,5,3,0,0,3,15000.0,0.6,5,5,4,1,1,42,19,32.0,2352000.0,7,0,0.0
160019,2,0,1,2,2,1,0,0,2,0,0,1,4.0,4.0,1401.0,1.0,48.0,16.0,1622.0,4.0,1.0,Imo,4,2,0,0,2,15000.0,0.5,4,4,0,1,0,42,11,21.0,178000.0,7,1,70000.0
160024,3,0,2,3,3,1,0,0,0,0,0,0,5.0,5.0,3.0,1.0,55.0,16.0,1622.0,4.0,1.0,Imo,5,2,0,0,2,9000.0,0.4,4,2,0,1,0,42,8,9.0,93000.0,7,0,0.0
160032,3,0,1,3,3,1,0,0,0,0,0,0,5.0,5.0,1.0,1.0,70.0,16.0,1622.0,4.0,1.0,Imo,6,2,0,1,1,7000.0,0.3333333333333333,4,1,0,1,0,42,4,9.0,42500.0,7,0,0.0
160035,2,0,0,2,2,0,1,0,1,1,0,1,5.0,5.0,1.0,1.0,65.0,16.0,1622.0,4.0,1.0,Imo,5,2,1,0,2,6000.0,0.4,4,3,3,1,1,42,10,20.0,330000.0,7,0,0.0
160036,3,0,0,3,3,0,1,0,0,1,0,0,7.0,7.0,1.0,1.0,93.0,16.0,1622.0,4.0,1.0,Imo,6,3,0,0,2,38000.0,0.5,4,3,0,1,0,42,8,13.0,112500.0,7,0,0.0
160041,2,1,0,2,2,1,1,0,2,1,0,1,4.0,4.0,2.0,1.0,49.0,16.0,1622.0,4.0,1.0,Imo,4,1,0,0,0,0.0,0.25,3,2,1,1,1,42,10,14.0,466500.0,7,0,0.0
160051,2,0,1,2,2,1,0,0,0,0,0,0,3.0,3.0,1.0,1.0,52.0,16.0,1613.0,4.0,2.0,Imo,3,2,0,0,2,63000.0,0.6666666666666666,3,2,0,1,0,42,7,12.0,83300.0,7,0,0.0
160053,2,1,0,2,2,1,1,1,0,1,1,0,1.0,1.0,1.0,2.0,69.0,16.0,1613.0,4.0,2.0,Imo,2,0,1,0,1,70000.0,0.0,2,1,1,1,1,42,5,10.0,241000.0,7,2,50000.0
160054,1,0,0,1,1,0,0,0,1,0,0,1,2.0,2.0,1.0,2.0,69.0,16.0,1613.0,4.0,2.0,Imo,2,1,0,0,0,0.0,0.5,2,1,0,1,0,42,6,9.0,82300.0,7,0,0.0
160055,3,0,0,3,3,0,0,0,0,0,0,0,5.0,5.0,1.0,2.0,83.0,16.0,1613.0,4.0,2.0,Imo,4,2,0,0,0,0.0,0.5,3,2,0,1,0,42,9,14.0,256000.0,7,0,0.0
160056,2,0,0,2,2,0,1,0,2,1,0,1,4.0,4.0,1.0,2.0,79.0,16.0,1613.0,4.0,2.0,Imo,4,1,0,0,0,0.0,0.25,4,3,1,1,1,42,7,10.0,329600.0,7,0,0.0
160057,2,0,1,2,2,1,1,1,0,1,1,0,2.0,2.0,2.0,2.0,66.0,16.0,1613.0,4.0,2.0,Imo,2,2,0,0,2,20000.0,1.0,2,2,0,1,0,42,11,28.0,618500.0,7,1,20000.0
160058,5,3,0,5,5,1,4,5,0,1,1,0,7.0,7.0,3.0,1.0,67.0,16.0,1613.0,4.0,2.0,Imo,7,7,0,0,1,65000.0,1.0,5,5,2,1,1,42,5,14.0,214500.0,7,1,10000.0
160059,3,1,0,3,3,1,1,1,0,1,1,0,5.0,5.0,1.0,2.0,71.0,16.0,1613.0,4.0,2.0,Imo,5,1,0,0,1,80000.0,0.2,5,2,1,1,1,42,4,6.0,36300.0,7,0,0.0
160060,2,0,0,2,2,0,1,0,0,1,0,0,6.0,6.0,2.0,1.0,40.0,16.0,1613.0,4.0,2.0,Imo,6,2,0,0,2,55000.0,0.3333333333333333,4,2,0,1,0,42,5,12.0,132500.0,7,0,0.0
160144,2,0,0,2,2,0,2,0,0,1,0,0,2.0,2.0,1.0,1.0,70.0,16.0,1605.0,4.0,2.0,Imo,2,2,0,0,1,25000.0,1.0,2,2,0,1,0,42,19,30.0,469500.0,7,0,0.0
160145,3,0,0,3,3,0,3,0,0,1,0,0,4.0,4.0,2.0,1.0,69.0,16.0,1605.0,4.0,2.0,Imo,4,4,0,0,2,32000.0,1.0,3,3,0,1,0,42,10,19.0,230500.0,7,0,0.0
160146,1,0,0,1,1,0,0,0,0,0,0,0,1.0,1.0,2.0,2.0,66.0,16.0,1605.0,4.0,2.0,Imo,1,1,0,0,1,18000.0,1.0,1,1,0,1,0,42,7,13.0,71500.0,7,1,40000.0
160147,2,0,0,2,2,0,2,0,0,1,0,0,3.0,3.0,2.0,2.0,63.0,16.0,1605.0,4.0,2.0,Imo,3,2,0,0,2,15000.0,0.6666666666666666,2,2,0,1,0,42,6,19.0,83500.0,7,0,0.0
160148,2,0,0,2,2,0,0,0,2,0,0,1,1.0,1.0,1.0,2.0,75.0,16.0,1605.0,4.0,2.0,Imo,2,1,0,0,0,0.0,0.5,2,1,0,1,0,42,7,13.0,75500.0,7,0,0.0
160149,2,1,1,2,2,1,1,0,1,1,0,1,2.0,2.0,1.0,1.0,78.0,16.0,1605.0,4.0,2.0,Imo,2,1,0,0,1,5000.0,0.5,2,2,0,1,0,42,5,11.0,25000.0,7,0,0.0
160150,2,2,0,2,2,1,2,0,2,1,0,1,1.0,1.0,1.0,2.0,54.0,16.0,1605.0,4.0,2.0,Imo,3,2,0,0,2,45000.0,0.6666666666666666,3,3,1,1,1,42,11,25.0,284000.0,7,0,0.0
160151,2,0,0,2,2,0,0,0,1,0,0,1,2.0,2.0,1.0,1.0,72.0,16.0,1605.0,4.0,2.0,Imo,2,1,0,0,1,2000.0,0.5,2,2,0,1,0,42,4,6.0,31000.0,7,0,0.0
160152,1,0,0,1,1,0,1,0,0,1,0,0,1.0,1.0,1.0,1.0,80.0,16.0,1605.0,4.0,2.0,Imo,1,0,0,0,0,0.0,0.0,1,1,0,1,0,42,6,11.0,101500.0,7,0,0.0
160153,1,0,0,1,1,0,0,0,0,0,0,0,1.0,1.0,1.0,2.0,79.0,16.0,1605.0,4.0,2.0,Imo,1,1,0,0,1,2000.0,1.0,1,1,0,1,0,42,6,8.0,42500.0,7,0,0.0
169001,4,2,0,4,4,1,2,0,2,1,0,1,4.0,4.0,1.0,1.0,108.0,16.0,1601.0,4.0,2.0,Imo,5,2,0,0,2,80000.0,0.4,5,3,0,1,0,42,10,28.0,466300.0,7,0,0.0
169002,3,1,0,3,3,1,1,0,0,1,0,0,4.0,4.0,1.0,2.0,83.0,16.0,1601.0,4.0,2.0,Imo,4,3,0,0,0,0.0,0.75,4,1,0,1,0,42,7,8.0,144000.0,7,0,0.0
169003,2,2,1,2,2,1,2,0,0,1,0,0,2.0,2.0,1.0,1.0,52.0,16.0,1601.0,4.0,2.0,Imo,2,2,0,0,1,5000.0,1.0,2,2,1,1,1,42,5,7.0,206500.0,7,1,5000.0
169004,3,1,0,3,3,1,1,0,0,1,0,0,6.0,6.0,1.0,1.0,46.0,16.0,1601.0,4.0,2.0,Imo,5,2,0,0,2,55000.0,0.4,4,3,0,1,0,42,7,10.0,143500.0,7,0,0.0
169007,4,2,2,4,4,1,3,0,0,1,0,0,7.0,7.0,2.0,1.0,42.0,16.0,1601.0,4.0,2.0,Imo,7,1,1,0,2,35000.0,0.14285714285714285,7,4,2,1,1,42,5,10.0,119500.0,7,2,30000.0
169008,1,0,0,1,1,0,0,1,0,0,1,0,2.0,2.0,1.0,2.0,53.0,16.0,1601.0,4.0,2.0,Imo,2,2,0,0,1,12000.0,1.0,2,1,0,1,0,42,6,17.0,117500.0,7,2,57000.0
169009,2,1,1,2,2,1,1,2,1,1,1,1,2.0,2.0,1.0,2.0,70.0,16.0,1601.0,4.0,2.0,Imo,2,1,0,0,1,47000.0,0.5,2,2,0,1,0,42,6,8.0,76000.0,7,1,7000.0
169010,1,0,0,1,1,0,1,0,1,1,0,1,1.0,1.0,1.0,1.0,47.0,16.0,1601.0,4.0,2.0,Imo,1,0,0,0,0,0.0,0.0,1,1,0,1,0,42,5,5.0,59500.0,7,1,20000.0
169011,2,0,0,2,2,0,1,1,1,1,1,1,2.0,2.0,1.0,2.0,73.0,16.0,1601.0,4.0,2.0,Imo,2,0,0,0,0,0.0,0.0,2,1,1,1,1,42,13,18.0,567000.0,7,1,150000.0
169012,3,2,0,3,3,1,2,1,0,1,1,0,6.0,6.0,1.0,2.0,68.0,16.0,1601.0,4.0,2.0,Imo,3,3,0,0,3,60000.0,1.0,3,2,0,1,0,42,6,15.0,131200.0,7,1,10000.0
169013,1,0,0,1,1,0,0,0,0,0,0,0,1.0,1.0,1.0,2.0,62.0,16.0,1602.0,4.0,2.0,Imo,1,1,0,0,0,0.0,1.0,1,1,0,1,0,42,10,12.0,543000.0,7,0,0.0
169014,2,0,0,2,2,0,0,0,0,0,0,0,3.0,3.0,1.0,1.0,74.0,16.0,1602.0,4.0,2.0,Imo,3,2,0,0,0,0.0,0.6666666666666666,3,1,0,1,0,42,5,7.0,117000.0,7,2,15000.0
169016,2,0,0,2,2,0,2,0,1,1,0,1,2.0,2.0,1.0,2.0,52.0,16.0,1602.0,4.0,2.0,Imo,2,1,0,0,1,3000.0,0.5,2,1,0,1,0,42,5,6.0,110000.0,7,0,0.0
169017,1,1,0,1,1,1,1,1,0,1,1,0,1.0,1.0,1.0,1.0,54.0,16.0,1602.0,4.0,2.0,Imo,1,1,0,0,0,0.0,1.0,1,1,0,1,0,42,6,8.0,214000.0,7,0,0.0
169018,3,1,0,3,3,1,0,2,0,0,1,0,3.0,3.0,1.0,2.0,62.0,16.0,1602.0,4.0,2.0,Imo,3,3,0,0,1,10000.0,1.0,3,1,0,1,0,42,4,7.0,70500.0,7,1,10000.0
169020,1,0,0,1,1,0,0,0,1,0,0,1,1.0,1.0,1.0,2.0,84.0,16.0,1602.0,4.0,2.0,Imo,1,0,0,0,0,0.0,0.0,1,0,0,0,0,42,4,5.0,43100.0,7,0,0.0
169021,6,1,1,6,6,1,3,2,1,1,1,1,8.0,8.0,1.0,1.0,61.0,16.0,1602.0,4.0,2.0,Imo,8,3,0,0,2,26000.0,0.375,8,6,2,1,1,42,9,18.0,313400.0,7,1,90000.0
169022,4,0,0,4,4,0,0,0,0,0,0,0,6.0,6.0,1.0,1.0,58.0,16.0,1602.0,4.0,2.0,Imo,6,2,0,0,0,0.0,0.3333333333333333,5,0,0,0,0,42,5,6.0,53300.0,7,0,0.0
169024,2,1,0,2,2,1,1,0,1,1,0,1,7.0,7.0,1.0,1.0,30.0,16.0,1602.0,4.0,2.0,Imo,5,2,0,0,2,60800.0,0.4,3,2,0,1,0,42,13,22.0,421500.0,7,1,20000.0
169026,4,0,0,4,4,0,3,4,4,1,1,1,5.0,5.0,101.0,1.0,59.0,16.0,1607.0,4.0,2.0,Imo,5,3,0,0,3,54000.0,0.6,5,4,3,1,1,42,10,15.0,396500.0,7,0,0.0
169027,2,2,2,2,2,1,2,1,2,1,1,1,2.0,2.0,1.0,1.0,74.0,16.0,1607.0,4.0,2.0,Imo,2,2,0,0,1,50000.0,1.0,2,2,2,1,1,42,13,27.0,826000.0,7,1,100000.0
169028,3,0,0,3,3,0,1,0,0,1,0,0,7.0,7.0,1.0,1.0,45.0,16.0,1607.0,4.0,2.0,Imo,6,2,0,0,0,0.0,0.3333333333333333,4,2,0,1,0,42,6,8.0,223000.0,7,0,0.0
169029,1,0,0,1,1,0,0,1,1,0,1,1,1.0,1.0,1.0,1.0,40.0,16.0,1607.0,4.0,2.0,Imo,1,1,0,0,1,1800.0,1.0,1,1,0,1,0,42,5,5.0,40500.0,7,0,0.0
169030,2,0,0,2,2,0,1,1,0,1,1,0,3.0,3.0,1.0,2.0,48.0,16.0,1607.0,4.0,2.0,Imo,3,1,0,0,0,0.0,0.3333333333333333,3,1,0,1,0,42,5,7.0,81000.0,7,0,0.0
169032,2,2,0,2,2,1,2,2,0,1,1,0,1.0,1.0,1.0,1.0,33.0,16.0,1607.0,4.0,2.0,Imo,2,2,0,0,2,60000.0,1.0,2,2,2,1,1,42,5,5.0,267500.0,7,1,10000.0
169033,1,1,0,1,1,1,1,0,0,1,0,0,4.0,4.0,2.0,2.0,38.0,16.0,1607.0,4.0,2.0,Imo,2,1,0,0,0,0.0,0.5,1,1,0,1,0,42,6,7.0,129000.0,7,0,0.0
169035,8,3,0,8,8,1,4,8,0,1,1,0,12.0,12.0,1.0,1.0,40.0,16.0,1607.0,4.0,2.0,Imo,11,8,0,0,6,89000.0,0.7272727272727273,9,9,3,1,1,42,7,21.0,296500.0,7,0,0.0
169036,4,1,1,4,4,1,1,3,0,1,1,0,9.0,9.0,1.0,1.0,52.0,16.0,1607.0,4.0,2.0,Imo,7,6,0,0,2,15000.0,0.8571428571428571,5,3,0,1,0,42,3,4.0,122000.0,7,1,10000.0
169038,3,0,2,3,3,1,2,0,1,1,0,1,2.0,2.0,1.0,1.0,74.0,16.0,1608.0,4.0,2.0,Imo,4,0,0,0,0,0.0,0.0,4,1,0,1,0,42,8,14.0,193500.0,7,1,150000.0
169040,2,0,0,2,2,0,1,0,1,1,0,1,2.0,2.0,1.0,2.0,105.0,16.0,1608.0,4.0,2.0,Imo,2,0,0,0,0,0.0,0.0,2,2,0,1,0,42,4,5.0,64000.0,7,1,20000.0
169041,2,2,2,2,2,1,2,0,0,1,0,0,6.0,6.0,1.0,1.0,45.0,16.0,1608.0,4.0,2.0,Imo,5,2,0,0,2,92000.0,0.4,3,2,0,1,0,42,12,27.0,340500.0,7,0,0.0
169042,3,0,2,3,3,1,1,0,0,1,0,0,6.0,6.0,1.0,2.0,69.0,16.0,1608.0,4.0,2.0,Imo,6,0,0,0,0,0.0,0.0,4,2,1,1,1,42,7,14.0,224000.0,7,1,75000.0
169043,3,1,0,3,3,1,3,0,0,1,0,0,4.0,4.0,1.0,1.0,65.0,16.0,1608.0,4.0,2.0,Imo,4,2,0,0,0,0.0,0.5,4,4,2,1,1,42,6,12.0,54200.0,7,0,0.0
169044,2,0,0,2,2,0,0,0,0,0,0,0,2.0,2.0,1.0,2.0,86.0,16.0,1608.0,4.0,2.0,Imo,2,1,0,0,1,2000.0,0.5,2,1,0,1,0,42,2,2.0,8000.0,7,0,0.0
169045,1,0,0,1,1,0,0,0,0,0,0,0,2.0,2.0,1.0,2.0,58.0,16.0,1608.0,4.0,2.0,Imo,2,0,0,0,0,0.0,0.0,2,2,0,1,0,42,5,7.0,52500.0,7,2,32000.0
169046,5,1,1,5,5,1,4,2,2,1,1,1,5.0,5.0,1.0,1.0,66.0,16.0,1608.0,4.0,2.0,Imo,5,4,0,0,3,95000.0,0.8,5,5,3,1,1,42,10,29.0,126500.0,7,2,340000.0
169047,1,0,1,1,1,1,1,0,1,1,0,1,1.0,1.0,2.0,1.0,45.0,16.0,1608.0,4.0,2.0,Imo,1,0,0,0,0,0.0,0.0,1,1,1,1,1,42,7,17.0,348500.0,7,1,115000.0
169048,2,0,0,2,2,0,2,1,2,1,1,1,2.0,2.0,1.0,1.0,47.0,16.0,1608.0,4.0,2.0,Imo,2,2,0,0,2,50000.0,1.0,2,2,2,1,1,42,9,10.0,1819000.0,7,0,0.0
169049,1,0,0,1,1,0,1,0,0,1,0,0,1.0,1.0,1.0,1.0,49.0,16.0,1610.0,4.0,2.0,Imo,1,1,0,0,1,80000.0,1.0,1,1,1,1,1,42,16,34.0,1015000.0,7,0,0.0
169050,3,0,0,3,3,0,0,0,3,0,0,1,3.0,3.0,1.0,1.0,70.0,16.0,1610.0,4.0,2.0,Imo,4,3,0,0,0,0.0,0.75,4,4,1,1,1,42,4,8.0,28800.0,7,0,0.0
169051,3,2,1,3,3,1,3,0,2,1,0,1,7.0,7.0,1.0,2.0,80.0,16.0,1610.0,4.0,2.0,Imo,5,1,1,0,2,10000.0,0.2,3,2,2,1,1,42,7,12.0,456000.0,7,0,0.0
169054,2,0,0,2,2,0,1,0,0,1,0,0,2.0,2.0,1.0,2.0,80.0,16.0,1610.0,4.0,2.0,Imo,3,1,0,0,1,5000.0,0.3333333333333333,3,2,1,1,1,42,18,35.0,362500.0,7,0,0.0
169056,2,0,0,2,2,0,0,0,1,0,0,1,2.0,2.0,1.0,2.0,67.0,16.0,1610.0,4.0,2.0,Imo,2,1,0,0,1,0.0,0.5,2,1,0,1,0,42,3,3.0,55000.0,7,1,2500.0
169057,3,0,0,3,3,0,3,0,3,1,0,1,5.0,5.0,1.0,2.0,61.0,16.0,1610.0,4.0,2.0,Imo,3,1,0,0,1,10000.0,0.3333333333333333,3,3,2,1,1,42,7,11.0,147000.0,7,0,0.0
169058,3,0,0,3,3,0,2,0,1,1,0,1,3.0,3.0,1.0,2.0,58.0,16.0,1610.0,4.0,2.0,Imo,3,1,0,0,1,15000.0,0.3333333333333333,3,2,0,1,0,42,6,10.0,21700.0,7,0,0.0
169059,4,0,0,4,4,0,2,0,0,1,0,0,3.0,3.0,1.0,2.0,75.0,16.0,1610.0,4.0,2.0,Imo,4,1,1,0,2,40000.0,0.25,4,3,1,1,1,42,6,12.0,111500.0,7,0,0.0
169060,3,0,0,3,3,0,2,0,2,1,0,1,3.0,3.0,1.0,1.0,72.0,16.0,1610.0,4.0,2.0,Imo,3,1,0,0,0,0.0,0.3333333333333333,3,3,1,1,1,42,6,14.0,57800.0,7,0,0.0
169061,3,0,0,3,3,0,3,0,0,1,0,0,8.0,8.0,3.0,1.0,41.0,16.0,1610.0,4.0,2.0,Imo,7,3,0,0,3,55000.0,0.42857142857142855,5,5,2,1,1,42,8,23.0,269000.0,7,1,300000.0
169065,3,1,1,3,3,1,3,0,0,1,0,0,2.0,2.0,1.0,2.0,54.0,16.0,1610.0,4.0,2.0,Imo,5,3,0,0,0,0.0,0.6,3,3,1,1,1,42,16,22.0,2417500.0,7,0,0.0
169066,2,0,0,2,2,0,1,0,1,1,0,1,3.0,3.0,1.0,2.0,45.0,16.0,1610.0,4.0,2.0,Imo,3,3,0,0,0,0.0,1.0,3,3,2,1,1,42,7,8.0,55500.0,7,0,0.0
169067,2,0,0,2,2,0,0,0,2,0,0,1,3.0,3.0,1.0,1.0,65.0,16.0,1610.0,4.0,2.0,Imo,3,3,0,0,3,2000.0,1.0,3,3,0,1,0,42,15,24.0,835500.0,7,0,0.0
169068,1,0,0,1,1,0,0,0,0,0,0,0,1.0,1.0,2.0,2.0,87.0,16.0,1610.0,4.0,2.0,Imo,1,0,0,0,0,0.0,0.0,1,1,0,1,0,42,4,6.0,48500.0,7,1,50000.0
169069,5,0,0,5,5,0,4,0,0,1,0,0,6.0,6.0,2101.0,1.0,60.0,16.0,1610.0,4.0,2.0,Imo,7,4,1,0,5,82000.0,0.5714285714285714,6,6,5,1,1,42,19,40.0,348000.0,7,0,0.0
169070,2,0,0,2,2,0,2,0,1,1,0,1,3.0,3.0,1.0,2.0,37.0,16.0,1610.0,4.0,2.0,Imo,3,2,0,0,2,0.0,0.6666666666666666,3,2,1,1,1,42,6,9.0,159500.0,7,0,0.0
169071,2,0,0,2,2,0,0,0,1,0,0,1,1.0,1.0,1.0,2.0,61.0,16.0,1610.0,4.0,2.0,Imo,2,1,0,0,1,0.0,0.5,2,2,0,1,0,42,5,8.0,34500.0,7,1,7000.0
169072,2,0,0,2,2,0,1,0,0,1,0,0,3.0,3.0,2.0,2.0,45.0,16.0,1610.0,4.0,2.0,Imo,3,2,0,0,0,0.0,0.6666666666666666,3,2,0,1,0,42,3,4.0,8500.0,7,0,0.0
169073,2,0,0,2,2,0,2,0,2,1,0,1,4.0,4.0,1.0,1.0,42.0,16.0,1610.0,4.0,2.0,Imo,4,1,0,0,1,9000.0,0.25,4,3,1,1,1,42,11,15.0,252500.0,7,0,0.0
169075,1,0,0,1,1,0,0,1,0,0,1,0,1.0,1.0,2.0,1.0,83.0,16.0,1610.0,4.0,2.0,Imo,1,0,0,0,0,0.0,0.0,1,1,0,1,0,42,5,11.0,127500.0,7,0,0.0
169077,1,0,0,1,1,0,0,0,0,0,0,0,1.0,1.0,1.0,2.0,71.0,16.0,1610.0,4.0,2.0,Imo,1,1,0,0,1,15000.0,1.0,1,0,0,0,0,42,4,5.0,67000.0,7,0,0.0
169078,3,3,0,3,3,1,3,3,0,1,1,0,4.0,4.0,1.0,1.0,36.0,16.0,1610.0,4.0,2.0,Imo,4,3,0,0,2,25000.0,0.75,3,3,1,1,1,42,6,10.0,216500.0,7,0,0.0
169079,4,0,0,4,4,0,2,0,4,1,0,1,4.0,4.0,1.0,1.0,76.0,16.0,1610.0,4.0,2.0,Imo,4,1,0,0,1,25000.0,0.25,4,4,2,1,1,42,13,22.0,232000.0,7,1,15000.0
169080,2,0,0,2,2,0,1,0,2,1,0,1,3.0,3.0,1.0,1.0,29.0,16.0,1610.0,4.0,2.0,Imo,2,1,0,0,1,120000.0,0.5,2,1,0,1,0,42,8,12.0,122000.0,7,0,0.0
169083,4,1,0,4,4,1,1,0,0,1,0,0,4.0,4.0,2.0,1.0,63.0,16.0,1610.0,4.0,2.0,Imo,4,2,0,0,2,75000.0,0.5,4,3,2,1,1,42,7,10.0,161000.0,7,0,0.0
169084,1,0,0,1,1,0,1,0,0,1,0,0,1.0,1.0,2.0,2.0,66.0,16.0,1610.0,4.0,2.0,Imo,1,1,0,0,1,20000.0,1.0,1,1,0,1,0,42,3,5.0,67500.0,7,0,0.0
169085,2,1,0,2,2,1,1,0,0,1,0,0,2.0,2.0,401.0,2.0,58.0,32.0,3222.0,5.0,2.0,Rivers,2,1,0,0,1,20000.0,0.5,2,2,1,1,1,42,9,10.0,57700.0,7,0,0.0
169088,6,5,0,6,6,1,6,2,4,1,1,1,6.0,6.0,1.0,1.0,69.0,16.0,1609.0,4.0,2.0,Imo,6,2,0,0,2,45000.0,0.3333333333333333,6,6,6,1,1,42,17,33.0,402300.0,7,0,0.0
169089,4,0,0,4,4,0,2,0,0,1,0,0,2.0,2.0,5101.0,1.0,62.0,16.0,1611.0,4.0,2.0,Imo,4,2,0,0,2,30000.0,0.5,4,2,1,1,1,42,9,17.0,128000.0,7,0,0.0
169091,2,1,0,2,2,1,2,0,2,1,0,1,2.0,2.0,1.0,1.0,80.0,16.0,1611.0,4.0,2.0,Imo,2,0,0,0,0,0.0,0.0,2,1,0,1,0,42,8,10.0,248000.0,7,1,132000.0
169092,2,0,0,2,2,0,2,1,2,1,1,1,4.0,4.0,1.0,1.0,46.0,16.0,1611.0,4.0,2.0,Imo,4,4,0,0,4,8000.0,1.0,4,4,3,1,1,42,16,29.0,3086500.0,7,0,0.0
169094,2,0,0,2,2,0,1,0,0,1,0,0,4.0,4.0,1.0,1.0,41.0,16.0,1611.0,4.0,2.0,Imo,4,1,0,0,1,15000.0,0.25,2,2,0,1,0,42,5,9.0,16500.0,7,0,0.0
169095,5,2,1,5,5,1,4,2,2,1,1,1,7.0,7.0,1.0,1.0,49.0,16.0,1611.0,4.0,2.0,Imo,7,4,0,0,4,6500.0,0.5714285714285714,7,5,4,1,1,42,8,13.0,222700.0,7,0,0.0
169096,5,0,0,5,5,0,0,1,1,0,1,1,7.0,7.0,2.0,2.0,38.0,16.0,1611.0,4.0,2.0,Imo,7,3,0,0,3,7000.0,0.42857142857142855,6,5,4,1,1,42,6,11.0,98700.0,7,0,0.0
169097,2,2,2,2,2,1,2,2,0,1,1,0,4.0,4.0,1.0,1.0,48.0,1.0,111.0,4.0,2.0,Abia,3,2,0,0,2,13000.0,0.6666666666666666,2,2,1,1,1,42,18,22.0,1170500.0,7,0,0.0
169099,2,0,2,2,2,1,2,0,2,1,0,1,2.0,2.0,1.0,1.0,37.0,16.0,1615.0,4.0,2.0,Imo,3,1,0,0,1,20000.0,0.3333333333333333,2,2,1,1,1,42,7,9.0,305500.0,7,1,1200000.0
169101,3,0,3,3,3,1,3,0,0,1,0,0,6.0,6.0,1.0,1.0,36.0,16.0,1615.0,4.0,2.0,Imo,4,2,0,0,2,45000.0,0.5,3,2,2,1,1,42,8,11.0,227500.0,7,0,0.0
169103,6,4,0,6,6,1,4,2,1,1,1,1,10.0,10.0,1402.0,1.0,53.0,32.0,3222.0,5.0,2.0,Rivers,10,3,0,0,3,300000.0,0.3,9,9,9,1,1,42,18,43.0,1549500.0,7,0,0.0
169104,4,1,1,4,4,1,1,1,2,1,1,1,5.0,5.0,1.0,2.0,62.0,16.0,1615.0,4.0,2.0,Imo,5,1,0,0,1,15000.0,0.2,5,4,3,1,1,42,9,19.0,112000.0,7,0,0.0
169105,1,0,0,1,1,0,0,0,1,0,0,1,1.0,1.0,1.0,2.0,70.0,16.0,1615.0,4.0,2.0,Imo,1,1,0,0,0,0.0,1.0,1,1,0,1,0,42,17,36.0,479000.0,7,2,150000.0
169107,4,0,0,4,4,0,2,1,1,1,1,1,4.0,4.0,1.0,1.0,74.0,16.0,1615.0,4.0,2.0,Imo,4,2,0,0,2,2000.0,0.5,4,4,0,1,0,42,6,8.0,232000.0,7,0,0.0
169108,2,0,0,2,2,0,2,0,0,1,0,0,2.0,2.0,301.0,1.0,76.0,16.0,1615.0,4.0,2.0,Imo,2,1,0,0,1,7000.0,0.5,2,2,0,1,0,42,3,5.0,113500.0,7,0,0.0
169109,1,0,0,1,1,0,0,1,1,0,1,1,1.0,1.0,1.0,1.0,71.0,16.0,1616.0,4.0,2.0,Imo,1,0,0,0,0,0.0,0.0,1,1,0,1,0,42,5,11.0,86000.0,7,0,0.0
169111,2,1,0,2,2,1,2,0,0,1,0,0,2.0,2.0,1.0,1.0,80.0,16.0,1616.0,4.0,2.0,Imo,2,1,0,0,0,0.0,0.5,2,2,0,1,0,42,10,15.0,336100.0,7,0,0.0
169113,8,0,0,8,8,0,7,3,8,1,1,1,9.0,9.0,1.0,1.0,61.0,16.0,1616.0,4.0,2.0,Imo,9,1,0,0,1,15000.0,0.1111111111111111,9,8,6,1,1,42,14,25.0,904500.0,7,0,0.0
169114,2,1,0,2,2,1,1,0,0,1,0,0,3.0,3.0,1.0,1.0,68.0,16.0,1616.0,4.0,2.0,Imo,3,2,0,0,1,22600.0,0.6666666666666666,3,2,0,1,0,42,6,6.0,159500.0,7,0,0.0
169115,2,2,1,2,2,1,2,1,2,1,1,1,6.0,6.0,1.0,1.0,52.0,16.0,1616.0,4.0,2.0,Imo,4,2,0,0,2,25000.0,0.5,2,2,1,1,1,42,13,18.0,2309500.0,7,0,0.0
169116,5,5,0,5,5,1,5,5,0,1,1,0,5.0,5.0,1.0,2.0,59.0,16.0,1616.0,4.0,2.0,Imo,5,5,0,0,4,45000.0,1.0,5,5,3,1,1,42,6,16.0,627500.0,7,1,10000.0
169117,2,0,0,2,2,0,1,1,2,1,1,1,5.0,5.0,1.0,1.0,41.0,16.0,1616.0,4.0,2.0,Imo,3,2,0,0,2,49500.0,0.6666666666666666,2,2,1,1,1,42,8,13.0,212000.0,7,0,0.0
169119,2,0,0,2,2,0,0,2,0,0,1,0,2.0,2.0,1.0,2.0,60.0,16.0,1616.0,4.0,2.0,Imo,2,2,0,0,0,0.0,1.0,2,2,0,1,0,42,3,64.0,59500.0,7,2,60000.0
169120,3,0,0,3,3,0,2,0,3,1,0,1,2.0,2.0,1.0,2.0,72.0,16.0,1616.0,4.0,2.0,Imo,3,2,0,0,1,6000.0,0.6666666666666666,3,3,1,1,1,42,10,17.0,263500.0,7,0,0.0
169121,2,1,1,2,2,1,2,0,0,1,0,0,2.0,2.0,1.0,1.0,50.0,16.0,1627.0,4.0,2.0,Imo,2,2,0,0,2,30000.0,1.0,2,2,0,1,0,42,6,11.0,243000.0,7,0,0.0
169122,3,2,0,3,3,1,2,2,0,1,1,0,3.0,3.0,1.0,1.0,63.0,16.0,1627.0,4.0,2.0,Imo,3,2,0,0,2,28500.0,0.6666666666666666,3,2,0,1,0,42,8,19.0,240500.0,7,2,75000.0
169124,1,0,0,1,1,0,0,0,1,0,0,1,3.0,3.0,2.0,2.0,45.0,16.0,1627.0,4.0,2.0,Imo,3,1,0,0,0,0.0,0.3333333333333333,1,1,0,1,0,42,5,6.0,155000.0,7,0,0.0
169125,3,2,2,3,3,1,1,0,1,1,0,1,9.0,9.0,1.0,1.0,48.0,16.0,1627.0,4.0,2.0,Imo,8,6,0,0,2,18000.0,0.75,6,6,0,1,0,42,5,8.0,131000.0,7,0,0.0
169126,3,1,0,3,3,1,3,1,1,1,1,1,3.0,3.0,1.0,2.0,53.0,16.0,1627.0,4.0,2.0,Imo,3,2,0,0,2,85000.0,0.6666666666666666,3,3,2,1,1,42,8,15.0,150800.0,7,0,0.0
169127,2,0,0,2,2,0,0,0,2,0,0,1,1.0,1.0,1.0,1.0,84.0,16.0,1627.0,4.0,2.0,Imo,2,1,0,0,0,0.0,0.5,2,1,0,1,0,42,5,7.0,54000.0,7,0,0.0
169128,3,0,0,3,3,0,0,1,1,0,1,1,4.0,4.0,1.0,2.0,71.0,16.0,1627.0,4.0,2.0,Imo,3,3,0,0,1,2000.0,1.0,3,3,0,1,0,42,6,11.0,279000.0,7,0,0.0
169129,1,1,0,1,1,1,1,0,0,1,0,0,4.0,4.0,1.0,2.0,39.0,16.0,1627.0,4.0,2.0,Imo,3,1,0,0,1,32000.0,0.3333333333333333,2,1,0,1,0,42,5,9.0,65000.0,7,0,0.0
169130,4,0,0,4,4,0,1,0,0,1,0,0,4.0,4.0,2.0,2.0,58.0,16.0,1627.0,4.0,2.0,Imo,4,1,0,0,1,68000.0,0.25,4,2,0,1,0,42,5,11.0,61500.0,7,0,0.0
169131,2,0,0,2,2,0,0,0,0,0,0,0,3.0,3.0,1.0,2.0,70.0,16.0,1627.0,4.0,2.0,Imo,3,2,0,0,0,0.0,0.6666666666666666,2,2,0,1,0,42,10,18.0,440500.0,7,0,0.0
169133,3,2,0,3,3,1,2,3,0,1,1,0,5.0,5.0,1.0,2.0,49.0,16.0,1622.0,4.0,2.0,Imo,5,1,0,0,1,5000.0,0.2,5,4,1,1,1,42,8,17.0,419500.0,7,1,30000.0
169134,2,1,0,2,2,1,1,1,0,1,1,0,2.0,2.0,1.0,2.0,49.0,16.0,1622.0,4.0,2.0,Imo,2,1,0,1,1,20000.0,0.5,2,1,0,1,0,42,11,25.0,521500.0,7,1,20000.0
169136,4,4,0,4,4,1,4,4,0,1,1,0,4.0,4.0,1.0,1.0,64.0,16.0,1622.0,4.0,2.0,Imo,5,2,0,0,1,60000.0,0.4,4,4,2,1,1,42,12,31.0,804000.0,7,1,200000.0
169137,1,0,0,1,1,0,0,0,1,0,0,1,2.0,2.0,1.0,2.0,71.0,16.0,1622.0,4.0,2.0,Imo,2,0,0,0,0,0.0,0.0,2,1,0,1,0,42,8,9.0,128900.0,7,0,0.0
169138,2,0,0,2,2,0,1,0,2,1,0,1,5.0,5.0,1.0,2.0,59.0,16.0,1622.0,4.0,2.0,Imo,5,0,0,0,0,0.0,0.0,5,1,1,1,1,42,8,14.0,167500.0,7,1,40000.0
169139,1,0,0,1,1,0,1,0,1,1,0,1,2.0,2.0,1.0,2.0,47.0,16.0,1622.0,4.0,2.0,Imo,2,1,0,0,1,12000.0,0.5,2,1,0,1,0,42,5,6.0,63500.0,7,0,0.0
169141,3,0,0,3,3,0,1,0,0,1,0,0,4.0,4.0,1.0,2.0,57.0,16.0,1622.0,4.0,2.0,Imo,4,1,0,0,1,58000.0,0.25,4,3,1,1,1,42,15,24.0,644500.0,7,0,0.0
169142,1,1,0,1,1,1,1,0,0,1,0,0,3.0,3.0,1.0,2.0,63.0,16.0,1622.0,4.0,2.0,Imo,3,1,0,0,1,28000.0,0.3333333333333333,2,1,0,1,0,42,14,26.0,773500.0,7,0,0.0
169144,3,3,0,3,3,1,3,0,0,1,0,0,3.0,3.0,1.0,1.0,64.0,16.0,1622.0,4.0,2.0,Imo,3,3,0,0,3,266000.0,1.0,3,3,2,1,1,42,14,23.0,4499000.0,7,0,0.0
169145,6,4,0,6,6,1,5,4,5,1,1,1,6.0,6.0,1.0,1.0,62.0,16.0,1625.0,4.0,2.0,Imo,6,4,0,0,4,170000.0,0.6666666666666666,6,6,6,1,1,42,8,16.0,4090000.0,7,0,0.0
169147,3,2,2,3,3,1,2,2,1,1,1,1,6.0,6.0,1.0,1.0,45.0,16.0,1625.0,4.0,2.0,Imo,6,2,0,0,2,190000.0,0.3333333333333333,5,4,4,1,1,42,26,53.0,4498000.0,7,0,0.0
169148,1,0,0,1,1,0,1,1,1,1,1,1,1.0,1.0,1.0,1.0,30.0,16.0,1627.0,4.0,2.0,Imo,1,1,0,0,1,52000.0,1.0,1,1,1,1,1,42,11,19.0,221500.0,7,1,25000.0
169149,2,0,2,2,2,1,2,1,1,1,1,1,6.0,6.0,1.0,1.0,41.0,16.0,1625.0,4.0,2.0,Imo,5,2,0,0,2,120000.0,0.4,3,3,3,1,1,42,20,28.0,543000.0,7,1,12000.0
169150,6,5,0,6,6,1,4,2,6,1,1,1,6.0,6.0,1.0,1.0,62.0,16.0,1625.0,4.0,2.0,Imo,6,3,0,0,3,200000.0,0.5,6,6,6,1,1,42,12,23.0,18568000.0,7,0,0.0
169153,3,0,2,3,3,1,3,0,2,1,0,1,2.0,2.0,2.0,2.0,60.0,16.0,1625.0,4.0,2.0,Imo,4,2,1,0,3,70000.0,0.5,3,3,2,1,1,42,20,45.0,1932500.0,7,1,1200000.0
169154,4,0,3,4,4,1,4,2,1,1,1,1,4.0,4.0,501.0,1.0,58.0,16.0,1625.0,4.0,2.0,Imo,4,4,0,0,4,109000.0,1.0,4,4,4,1,1,42,13,20.0,386000.0,7,0,0.0
169156,2,0,0,2,2,0,2,1,2,1,1,1,2.0,2.0,1301.0,1.0,39.0,16.0,1611.0,4.0,2.0,Imo,2,2,0,0,2,17000.0,1.0,2,2,2,1,1,42,14,19.0,882500.0,7,0,0.0
169160,1,0,0,1,1,0,0,1,0,0,1,0,1.0,1.0,1.0,2.0,68.0,16.0,1602.0,4.0,2.0,Imo,1,1,0,0,0,0.0,1.0,1,1,0,1,0,42,5,9.0,133000.0,7,1,7000.0
169166,2,0,1,2,2,1,2,0,1,1,0,1,2.0,2.0,1.0,1.0,60.0,16.0,1610.0,4.0,2.0,Imo,2,2,0,0,2,30000.0,1.0,2,2,1,1,1,42,15,34.0,444000.0,7,1,20000.0
169170,1,1,0,1,1,1,1,1,0,1,1,0,1.0,1.0,1.0,2.0,62.0,16.0,1610.0,4.0,2.0,Imo,1,1,0,0,0,0.0,1.0,1,1,0,1,0,42,5,8.0,137000.0,7,1,20000.0
169171,2,1,0,2,2,1,1,0,0,1,0,0,3.0,3.0,1.0,1.0,67.0,16.0,1611.0,4.0,2.0,Imo,3,3,0,0,3,8000.0,1.0,3,2,0,1,0,42,8,17.0,112500.0,7,2,110000.0
169172,3,0,0,3,3,0,3,0,1,1,0,1,6.0,6.0,1.0,1.0,58.0,16.0,1611.0,4.0,2.0,Imo,6,1,0,0,1,11000.0,0.16666666666666666,4,4,2,1,1,42,8,11.0,158000.0,7,0,0.0
169179,2,0,0,2,2,0,0,0,0,0,0,0,2.0,2.0,1.0,1.0,89.0,16.0,1622.0,4.0,2.0,Imo,2,0,0,0,0,0.0,0.0,2,1,0,1,0,42,5,6.0,50500.0,7,0,0.0
169181,2,0,1,2,2,1,1,0,0,1,0,0,2.0,2.0,1.0,1.0,72.0,16.0,1625.0,4.0,2.0,Imo,2,2,0,0,2,38500.0,1.0,2,2,1,1,1,42,11,16.0,154000.0,7,2,149000.0
169202,3,0,0,3,3,0,3,0,3,1,0,1,6.0,6.0,1101.0,1.0,52.0,16.0,1607.0,4.0,2.0,Imo,6,2,0,0,2,21000.0,0.3333333333333333,5,3,1,1,1,42,8,13.0,244000.0,7,0,0.0
170041,5,0,0,5,5,0,0,0,0,0,0,0,8.0,8.0,1.0,1.0,65.0,17.0,1722.0,3.0,2.0,Jigawa,8,5,0,0,2,1500.0,0.625,7,2,0,1,0,42,7,16.0,46300.0,7,1,250000.0
170042,2,0,0,2,2,0,0,0,0,0,0,0,7.0,7.0,2.0,1.0,38.0,17.0,1722.0,3.0,2.0,Jigawa,6,2,0,0,0,0.0,0.3333333333333333,5,2,0,1,0,42,6,14.0,482000.0,7,1,30000.0
170043,5,0,0,5,5,0,0,0,0,0,0,0,4.0,4.0,2.0,2.0,51.0,17.0,1722.0,3.0,2.0,Jigawa,5,3,0,0,1,500.0,0.6,5,1,0,1,0,42,4,10.0,301000.0,7,0,0.0
170044,9,1,1,9,9,1,1,3,3,1,1,1,7.0,7.0,4.0,1.0,42.0,17.0,1722.0,3.0,2.0,Jigawa,9,5,0,0,2,260000.0,0.5555555555555556,9,9,0,1,0,42,7,29.0,176000.0,7,0,0.0
170045,2,0,0,2,2,0,0,0,0,0,0,0,1.0,1.0,1.0,1.0,52.0,17.0,1722.0,3.0,2.0,Jigawa,3,3,0,0,3,404000.0,1.0,3,0,0,0,0,42,4,5.0,87000.0,7,1,20000.0
170046,5,0,0,5,5,0,0,0,0,0,0,0,13.0,13.0,1.0,1.0,46.0,17.0,1722.0,3.0,2.0,Jigawa,11,4,0,0,4,33500.0,0.36363636363636365,6,1,0,1,0,42,4,15.0,32500.0,7,0,0.0
170047,4,0,0,4,4,0,0,0,0,0,0,0,11.0,11.0,1.0,1.0,40.0,17.0,1722.0,3.0,2.0,Jigawa,8,2,0,0,2,33000.0,0.25,7,1,0,1,0,42,5,12.0,102500.0,7,0,0.0
170048,12,0,0,12,12,0,0,0,0,0,0,0,17.0,17.0,1.0,1.0,56.0,17.0,1722.0,3.0,2.0,Jigawa,16,8,0,0,4,8000.0,0.5,13,13,0,1,0,42,6,23.0,66000.0,7,0,0.0
170049,7,0,0,7,7,0,0,0,0,0,0,0,15.0,15.0,1.0,1.0,52.0,17.0,1722.0,3.0,2.0,Jigawa,14,5,0,0,3,4500.0,0.35714285714285715,12,4,0,1,0,42,6,25.0,146500.0,7,0,0.0
170050,2,0,0,2,2,0,0,0,0,0,0,0,6.0,6.0,3.0,1.0,52.0,17.0,1722.0,3.0,2.0,Jigawa,6,1,0,0,1,20000.0,0.16666666666666666,5,5,0,1,0,42,3,10.0,24000.0,7,0,0.0
170081,5,0,0,5,5,0,0,0,0,0,0,0,7.0,7.0,1.0,1.0,47.0,17.0,1716.0,3.0,2.0,Jigawa,7,3,0,0,2,701000.0,0.42857142857142855,5,1,0,1,0,42,4,9.0,30000.0,7,0,0.0
170082,7,0,0,7,7,0,0,0,0,0,0,0,7.0,7.0,2.0,2.0,61.0,17.0,1716.0,3.0,2.0,Jigawa,7,4,1,0,5,4500.0,0.5714285714285714,7,5,1,1,1,42,5,15.0,51500.0,7,1,40000.0
170083,6,0,0,6,6,0,0,0,0,0,0,0,6.0,6.0,1.0,1.0,71.0,17.0,1716.0,3.0,2.0,Jigawa,6,4,0,0,3,3000.0,0.6666666666666666,6,2,0,1,0,42,5,12.0,46000.0,7,1,50000.0
170085,5,0,0,5,5,0,0,1,3,0,1,1,11.0,11.0,1.0,1.0,46.0,17.0,1716.0,3.0,2.0,Jigawa,11,4,0,0,1,1000.0,0.36363636363636365,9,9,2,1,1,42,8,21.0,95300.0,7,0,0.0
170086,4,0,0,4,4,0,0,0,0,0,0,0,7.0,7.0,1.0,1.0,53.0,17.0,1715.0,3.0,1.0,Jigawa,7,2,0,0,1,1500.0,0.2857142857142857,5,2,0,1,0,42,6,16.0,116300.0,7,0,0.0
170087,4,0,0,4,4,0,0,0,0,0,0,0,9.0,9.0,101.0,1.0,38.0,17.0,1716.0,3.0,2.0,Jigawa,8,2,0,0,2,550000.0,0.25,6,3,0,1,0,42,4,9.0,49200.0,7,0,0.0
170088,6,0,0,6,6,0,1,0,1,1,0,1,12.0,12.0,12.0,1.0,57.0,17.0,1716.0,3.0,2.0,Jigawa,10,8,0,0,1,50000.0,0.8,9,3,0,1,0,42,5,15.0,108000.0,7,0,0.0
170089,3,0,0,3,3,0,0,0,1,0,0,1,7.0,7.0,1.0,1.0,50.0,17.0,1716.0,3.0,2.0,Jigawa,7,3,0,0,2,41000.0,0.42857142857142855,5,5,0,1,0,42,4,10.0,13500.0,7,0,0.0
170090,6,1,1,6,6,1,1,1,1,1,1,1,6.0,6.0,1.0,1.0,65.0,17.0,1716.0,3.0,2.0,Jigawa,6,5,0,0,5,1135000.0,0.8333333333333334,6,2,0,1,0,42,4,11.0,40500.0,7,0,0.0
179001,4,0,0,4,4,0,0,0,0,0,0,0,6.0,6.0,1.0,1.0,57.0,17.0,1701.0,3.0,2.0,Jigawa,6,4,0,0,1,300000.0,0.6666666666666666,6,1,0,1,0,42,4,8.0,65500.0,7,0,0.0
179002,8,0,0,8,8,0,0,0,0,0,0,0,7.0,7.0,2.0,1.0,35.0,17.0,1701.0,3.0,2.0,Jigawa,10,3,0,0,1,5000.0,0.3,9,1,0,1,0,42,5,11.0,81000.0,7,1,3000.0
179003,7,0,4,7,7,1,0,0,2,0,0,1,5.0,5.0,1.0,1.0,65.0,17.0,1701.0,3.0,2.0,Jigawa,7,7,0,0,3,14000.0,1.0,7,7,0,1,0,42,4,12.0,91000.0,7,0,0.0
179004,6,0,0,6,6,0,0,0,0,0,0,0,9.0,9.0,1.0,1.0,56.0,17.0,1701.0,3.0,2.0,Jigawa,8,4,0,0,1,50000.0,0.5,7,5,0,1,0,42,5,24.0,77700.0,7,0,0.0
179005,5,0,1,5,5,1,0,0,1,0,0,1,5.0,5.0,1.0,1.0,68.0,17.0,1701.0,3.0,2.0,Jigawa,6,2,1,0,1,500.0,0.3333333333333333,5,3,0,1,0,42,7,13.0,394500.0,7,0,0.0
179006,9,0,0,9,9,0,0,0,0,0,0,0,14.0,14.0,1.0,1.0,67.0,17.0,1701.0,3.0,2.0,Jigawa,14,6,1,0,2,4000.0,0.42857142857142855,13,5,0,1,0,42,6,18.0,65800.0,7,1,60000.0
179008,12,0,1,12,12,1,1,1,0,1,1,0,11.0,11.0,1.0,1.0,67.0,17.0,1701.0,3.0,2.0,Jigawa,14,6,1,0,1,10000.0,0.42857142857142855,13,12,1,1,1,42,9,63.0,374000.0,7,0,0.0
179010,2,0,0,2,2,0,0,0,0,0,0,0,3.0,3.0,1.0,1.0,37.0,17.0,1701.0,3.0,2.0,Jigawa,3,2,0,0,1,3000.0,0.6666666666666666,3,2,0,1,0,42,5,13.0,49500.0,7,0,0.0
179011,7,0,0,7,7,0,0,0,0,0,0,0,14.0,14.0,1.0,1.0,60.0,17.0,1701.0,3.0,2.0,Jigawa,12,3,1,0,3,9000.0,0.25,8,2,0,1,0,42,5,11.0,19500.0,7,0,0.0
179012,5,0,0,5,5,0,0,0,0,0,0,0,7.0,7.0,1.0,1.0,63.0,17.0,1701.0,3.0,2.0,Jigawa,7,7,0,0,5,1406000.0,1.0,7,2,0,1,0,42,5,12.0,315500.0,7,0,0.0
179013,4,0,0,4,4,0,1,1,1,1,1,1,6.0,6.0,1.0,1.0,65.0,17.0,1707.0,3.0,2.0,Jigawa,6,3,0,0,2,520000.0,0.5,5,3,0,1,0,42,5,12.0,129200.0,7,0,0.0
179015,2,0,0,2,2,0,0,0,0,0,0,0,3.0,3.0,1.0,1.0,37.0,17.0,1707.0,3.0,2.0,Jigawa,3,0,0,0,0,0.0,0.0,2,1,0,1,0,42,3,4.0,11500.0,7,0,0.0
179017,3,0,0,3,3,0,1,1,1,1,1,1,13.0,13.0,1.0,1.0,42.0,17.0,1707.0,3.0,2.0,Jigawa,13,4,0,0,3,50000.0,0.3076923076923077,7,1,0,1,0,42,7,19.0,103500.0,7,0,0.0
179018,2,0,0,2,2,0,0,0,0,0,0,0,4.0,4.0,1.0,1.0,75.0,17.0,1707.0,3.0,2.0,Jigawa,4,2,0,0,1,3000.0,0.5,4,0,0,0,0,42,4,9.0,23000.0,7,1,30000.0
179019,2,2,2,2,2,1,2,2,2,1,1,1,7.0,7.0,1.0,1.0,54.0,17.0,1707.0,3.0,2.0,Jigawa,6,2,0,0,2,230000.0,0.3333333333333333,4,1,0,1,0,42,4,8.0,38000.0,7,0,0.0
179020,2,0,0,2,2,0,0,0,0,0,0,0,3.0,3.0,1.0,1.0,77.0,17.0,1707.0,3.0,2.0,Jigawa,3,1,0,0,1,500.0,0.3333333333333333,3,0,0,0,0,42,3,4.0,9000.0,7,0,0.0
179021,5,0,0,5,5,0,1,0,0,1,0,0,7.0,7.0,1.0,1.0,62.0,17.0,1707.0,3.0,2.0,Jigawa,7,4,0,0,1,5000.0,0.5714285714285714,7,6,0,1,0,42,7,19.0,50500.0,7,0,0.0
179022,1,0,0,1,1,0,1,0,1,1,0,1,3.0,3.0,1.0,1.0,35.0,17.0,1707.0,3.0,2.0,Jigawa,2,1,0,0,1,2000.0,0.5,1,1,0,1,0,42,9,14.0,298900.0,7,1,700000.0
179023,2,0,0,2,2,0,0,0,0,0,0,0,2.0,2.0,1.0,2.0,66.0,17.0,1707.0,3.0,2.0,Jigawa,2,1,0,0,1,400000.0,0.5,2,0,0,0,0,42,2,3.0,15500.0,7,0,0.0
179024,9,0,0,9,9,0,2,0,1,1,0,1,25.0,25.0,1.0,1.0,48.0,17.0,1707.0,3.0,2.0,Jigawa,22,11,0,0,6,110000.0,0.5,14,13,0,1,0,42,12,56.0,1960000.0,7,0,0.0
179025,7,0,0,7,7,0,0,0,0,0,0,0,7.0,7.0,1.0,1.0,64.0,17.0,1712.0,3.0,2.0,Jigawa,8,2,2,0,2,2000.0,0.25,8,1,0,1,0,42,5,10.0,69500.0,7,0,0.0
179026,3,0,0,3,3,0,0,0,0,0,0,0,9.0,9.0,1.0,1.0,46.0,17.0,1712.0,3.0,2.0,Jigawa,9,2,1,0,1,3000.0,0.2222222222222222,8,1,0,1,0,42,1,3.0,500.0,7,0,0.0
179028,3,0,0,3,3,0,0,0,0,0,0,0,6.0,6.0,1.0,1.0,42.0,17.0,1712.0,3.0,2.0,Jigawa,6,3,0,0,0,0.0,0.5,5,5,0,1,0,42,4,8.0,31300.0,7,0,0.0
179030,3,0,0,3,3,0,0,0,1,0,0,1,7.0,7.0,1.0,1.0,47.0,17.0,1712.0,3.0,2.0,Jigawa,7,2,0,0,0,0.0,0.2857142857142857,6,6,0,1,0,42,4,11.0,23000.0,7,0,0.0
179031,8,0,0,8,8,0,0,0,0,0,0,0,11.0,11.0,1.0,1.0,62.0,17.0,1712.0,3.0,2.0,Jigawa,12,6,0,0,2,5500.0,0.5,10,10,0,1,0,42,6,19.0,123500.0,7,0,0.0
179032,3,0,0,3,3,0,0,0,0,0,0,0,1.0,1.0,1.0,1.0,78.0,17.0,1712.0,3.0,2.0,Jigawa,4,1,0,0,0,0.0,0.25,3,0,0,0,0,42,3,6.0,46000.0,7,0,0.0
179033,5,0,0,5,5,0,0,0,0,0,0,0,13.0,13.0,1.0,1.0,44.0,17.0,1712.0,3.0,2.0,Jigawa,12,7,0,0,4,62000.0,0.5833333333333334,9,1,0,1,0,42,4,13.0,31000.0,7,0,0.0
179034,3,0,0,3,3,0,0,0,0,0,0,0,5.0,5.0,1.0,1.0,34.0,17.0,1712.0,3.0,2.0,Jigawa,5,2,0,0,2,800000.0,0.4,3,2,0,1,0,42,4,7.0,57700.0,7,0,0.0
179035,6,0,0,6,6,0,0,0,0,0,0,0,7.0,7.0,1.0,1.0,53.0,17.0,1712.0,3.0,2.0,Jigawa,9,6,0,0,1,1000.0,0.6666666666666666,8,0,0,0,0,42,4,14.0,151000.0,7,0,0.0
179036,5,0,0,5,5,0,0,0,0,0,0,0,5.0,5.0,1.0,1.0,35.0,17.0,1712.0,3.0,2.0,Jigawa,6,4,0,0,2,3200.0,0.6666666666666666,5,2,0,1,0,42,4,8.0,52500.0,7,0,0.0
179037,4,0,0,4,4,0,0,0,0,0,0,0,4.0,4.0,2.0,2.0,45.0,17.0,1715.0,3.0,2.0,Jigawa,4,4,0,0,1,500.0,1.0,4,2,0,1,0,42,5,10.0,19500.0,7,1,10000.0
179039,4,0,0,4,4,0,0,0,0,0,0,0,6.0,6.0,1.0,1.0,43.0,17.0,1715.0,3.0,2.0,Jigawa,6,5,0,0,4,201500.0,0.8333333333333334,6,4,0,1,0,42,8,27.0,145500.0,7,1,38000.0
179041,6,0,0,6,6,0,2,0,0,1,0,0,8.0,8.0,1.0,1.0,47.0,17.0,1715.0,3.0,2.0,Jigawa,9,8,0,0,3,251500.0,0.8888888888888888,8,4,1,1,1,42,3,4.0,51500.0,7,1,360000.0
179042,2,0,0,2,2,0,0,0,0,0,0,0,5.0,5.0,1.0,1.0,34.0,17.0,1715.0,3.0,2.0,Jigawa,4,2,0,0,2,17500.0,0.5,2,2,0,1,0,42,6,10.0,185000.0,7,0,0.0
179043,4,0,0,4,4,0,1,1,1,1,1,1,6.0,6.0,1.0,1.0,47.0,17.0,1715.0,3.0,2.0,Jigawa,6,5,0,0,2,41000.0,0.8333333333333334,5,2,0,1,0,42,10,24.0,1167500.0,7,0,0.0
179044,4,0,0,4,4,0,1,1,1,1,1,1,7.0,7.0,1.0,1.0,48.0,17.0,1715.0,3.0,2.0,Jigawa,8,4,0,0,3,37500.0,0.5,5,5,1,1,1,42,5,9.0,80500.0,7,0,0.0
179045,3,2,2,3,2,1,1,0,2,1,0,1,3.0,3.0,1.0,1.0,45.0,17.0,1715.0,3.0,2.0,Jigawa,5,4,0,0,2,700.0,0.8,4,3,0,1,0,42,6,14.0,79000.0,7,0,0.0
179046,4,4,4,4,4,1,1,0,1,1,0,1,11.0,11.0,1.0,1.0,40.0,17.0,1715.0,3.0,2.0,Jigawa,9,5,0,0,4,65000.0,0.5555555555555556,5,5,1,1,1,42,10,24.0,370500.0,7,0,0.0
179047,2,1,1,2,2,1,1,0,1,1,0,1,7.0,7.0,1.0,1.0,35.0,17.0,1715.0,3.0,2.0,Jigawa,6,2,0,0,2,10400.0,0.3333333333333333,5,1,0,1,0,42,6,10.0,36000.0,7,0,0.0
179048,2,0,0,2,2,0,0,0,0,0,0,0,4.0,4.0,1.0,1.0,47.0,17.0,1715.0,3.0,2.0,Jigawa,4,4,0,0,1,2000.0,1.0,4,2,0,1,0,42,7,16.0,84000.0,7,0,0.0
179049,6,0,1,6,6,1,0,0,1,0,0,1,9.0,9.0,1.0,1.0,49.0,17.0,1716.0,3.0,2.0,Jigawa,9,6,0,0,1,10000.0,0.6666666666666666,7,6,0,1,0,42,3,21.0,56500.0,7,0,0.0
179050,2,0,0,2,2,0,0,0,1,0,0,1,6.0,6.0,101.0,1.0,39.0,17.0,1716.0,3.0,2.0,Jigawa,7,1,0,0,1,50000.0,0.14285714285714285,3,3,0,1,0,42,7,16.0,188300.0,7,0,0.0
179053,3,0,0,3,3,0,0,0,1,0,0,1,6.0,6.0,1.0,1.0,54.0,17.0,1716.0,3.0,2.0,Jigawa,6,2,0,0,1,10000.0,0.3333333333333333,4,4,0,1,0,42,5,9.0,38000.0,7,0,0.0
179054,3,0,0,3,3,0,0,0,0,0,0,0,5.0,5.0,1.0,1.0,47.0,17.0,1716.0,3.0,2.0,Jigawa,5,2,1,0,2,750000.0,0.4,5,1,0,1,0,42,5,13.0,273000.0,7,0,0.0
179055,6,0,0,6,6,0,0,0,0,0,0,0,10.0,10.0,1.0,1.0,48.0,17.0,1716.0,3.0,2.0,Jigawa,10,3,0,0,2,1000000.0,0.3,7,3,0,1,0,42,5,22.0,87000.0,7,0,0.0
179056,8,0,0,8,8,0,0,0,0,0,0,0,6.0,6.0,2.0,2.0,52.0,17.0,1716.0,3.0,2.0,Jigawa,8,6,0,0,5,991000.0,0.75,8,1,0,1,0,42,5,10.0,98000.0,7,0,0.0
179058,3,0,0,3,3,0,0,0,0,0,0,0,3.0,3.0,1.0,1.0,52.0,17.0,1716.0,3.0,2.0,Jigawa,4,2,0,0,1,15000.0,0.5,4,1,0,1,0,42,3,9.0,51500.0,7,0,0.0
179059,6,0,0,6,6,0,0,0,0,0,0,0,13.0,13.0,1.0,1.0,62.0,17.0,1716.0,3.0,2.0,Jigawa,13,4,0,0,0,0.0,0.3076923076923077,10,4,0,1,0,42,5,23.0,42000.0,7,0,0.0
179060,2,0,0,2,2,0,0,0,0,0,0,0,4.0,4.0,1.0,1.0,34.0,17.0,1716.0,3.0,2.0,Jigawa,4,1,0,0,1,3000.0,0.25,2,2,0,1,0,42,3,4.0,36000.0,7,0,0.0
179061,9,0,0,9,9,0,0,0,0,0,0,0,8.0,8.0,1.0,1.0,66.0,17.0,1717.0,3.0,2.0,Jigawa,11,6,1,0,1,45000.0,0.5454545454545454,11,11,0,1,0,42,5,22.0,86500.0,7,0,0.0
179062,2,1,1,2,2,1,1,0,1,1,0,1,2.0,2.0,1.0,1.0,40.0,17.0,1717.0,3.0,1.0,Jigawa,2,1,0,0,0,0.0,0.5,2,1,0,1,0,42,7,12.0,38300.0,7,0,0.0
179063,8,1,0,8,8,1,0,0,0,0,0,0,8.0,8.0,1.0,1.0,60.0,17.0,1717.0,3.0,2.0,Jigawa,11,5,0,0,0,0.0,0.45454545454545453,10,8,0,1,0,42,5,25.0,75000.0,7,0,0.0
179064,5,0,0,5,5,0,0,0,0,0,0,0,8.0,8.0,1.0,1.0,53.0,17.0,1717.0,3.0,2.0,Jigawa,8,6,0,0,2,30500.0,0.75,8,1,0,1,0,42,6,22.0,45500.0,7,0,0.0
179065,5,0,0,5,5,0,0,0,0,0,0,0,3.0,3.0,1.0,1.0,62.0,17.0,1717.0,3.0,2.0,Jigawa,5,3,0,0,1,500.0,0.6,5,1,0,1,0,42,4,10.0,72700.0,7,0,0.0
179067,2,0,0,2,2,0,0,0,0,0,0,0,4.0,4.0,2.0,2.0,43.0,17.0,1717.0,3.0,2.0,Jigawa,4,2,0,0,0,0.0,0.5,3,1,0,1,0,42,4,8.0,39500.0,7,0,0.0
179068,3,0,0,3,3,0,0,0,0,0,0,0,7.0,7.0,1.0,1.0,45.0,17.0,1717.0,3.0,2.0,Jigawa,7,2,0,0,1,0.0,0.2857142857142857,5,0,0,0,0,42,4,14.0,28300.0,7,0,0.0
179069,3,0,0,3,3,0,0,0,0,0,0,0,2.0,2.0,1.0,1.0,74.0,17.0,1717.0,3.0,2.0,Jigawa,3,2,1,0,3,11800.0,0.6666666666666666,3,0,0,0,0,42,3,8.0,4600.0,7,0,0.0
179070,5,0,0,5,5,0,1,0,1,1,0,1,,,,,,,,,,,12,5,0,0,1,7000.0,0.4166666666666667,9,9,0,1,0,42,8,38.0,1102500.0,7,0,0.0
179072,4,0,0,4,4,0,0,0,0,0,0,0,2.0,2.0,5101.0,1.0,40.0,17.0,1717.0,3.0,2.0,Jigawa,4,2,0,0,1,10000.0,0.5,4,1,0,1,0,42,5,13.0,71300.0,7,0,0.0
179073,8,1,5,8,8,1,7,5,6,1,1,1,18.0,18.0,1.0,1.0,53.0,17.0,1721.0,3.0,1.0,Jigawa,17,9,0,0,6,56000.0,0.5294117647058824,15,15,2,1,1,42,9,31.0,239200.0,7,0,0.0
179074,2,0,0,2,2,0,2,1,1,1,1,1,6.0,6.0,1.0,1.0,32.0,17.0,1721.0,3.0,1.0,Jigawa,5,2,0,0,2,11500.0,0.4,4,4,1,1,1,42,8,12.0,109000.0,7,0,0.0
179075,3,1,0,3,3,1,1,2,1,1,1,1,6.0,6.0,1.0,1.0,47.0,17.0,1721.0,3.0,1.0,Jigawa,8,1,0,0,1,20000.0,0.125,5,5,1,1,1,42,3,6.0,11500.0,7,0,0.0
179076,7,2,1,7,7,1,2,2,2,1,1,1,11.0,11.0,1.0,1.0,67.0,17.0,1721.0,3.0,1.0,Jigawa,11,4,0,0,4,125000.0,0.36363636363636365,10,4,0,1,0,42,6,20.0,94000.0,7,0,0.0
179077,11,5,4,11,11,1,9,9,6,1,1,1,20.0,20.0,1.0,1.0,64.0,17.0,1721.0,3.0,1.0,Jigawa,19,5,0,0,5,38900.0,0.2631578947368421,16,10,0,1,0,42,7,23.0,979500.0,7,0,0.0
179079,11,0,0,11,11,0,0,0,0,0,0,0,12.0,12.0,1.0,1.0,63.0,17.0,1721.0,3.0,1.0,Jigawa,12,4,0,0,2,2500.0,0.3333333333333333,12,5,1,1,1,42,6,17.0,92000.0,7,0,0.0
179080,2,0,0,2,2,0,0,0,0,0,0,0,5.0,5.0,5.0,1.0,36.0,17.0,1713.0,3.0,2.0,Jigawa,4,2,0,0,2,4000.0,0.5,2,1,0,1,0,42,4,5.0,35000.0,7,0,0.0
179081,10,0,0,10,10,0,0,0,0,0,0,0,12.0,12.0,1.0,1.0,62.0,17.0,1721.0,3.0,1.0,Jigawa,12,0,1,0,1,1200.0,0.0,10,2,0,1,0,42,5,10.0,34650.0,7,0,0.0
179082,6,3,3,6,6,1,2,3,3,1,1,1,10.0,10.0,1.0,1.0,53.0,17.0,1721.0,3.0,1.0,Jigawa,9,4,0,0,4,84000.0,0.4444444444444444,8,4,0,1,0,42,3,11.0,26000.0,7,0,0.0
179084,3,1,0,3,3,1,2,2,2,1,1,1,6.0,6.0,1.0,1.0,56.0,17.0,1721.0,3.0,1.0,Jigawa,7,1,0,0,1,195000.0,0.14285714285714285,4,2,2,1,1,42,12,25.0,572000.0,7,0,0.0
179085,7,0,0,7,7,0,5,0,1,1,0,1,9.0,9.0,1.0,1.0,62.0,17.0,1723.0,3.0,1.0,Jigawa,9,2,0,0,1,500.0,0.2222222222222222,9,9,0,1,0,42,14,41.0,467000.0,7,0,0.0
179086,7,0,0,7,7,0,4,1,3,1,1,1,11.0,11.0,1.0,1.0,66.0,17.0,1723.0,3.0,1.0,Jigawa,10,2,0,0,1,20000.0,0.2,10,10,1,1,1,42,9,38.0,152300.0,7,1,456000.0
179087,9,1,0,9,9,1,5,2,3,1,1,1,9.0,9.0,1.0,1.0,75.0,17.0,1723.0,3.0,1.0,Jigawa,9,4,0,0,4,235000.0,0.4444444444444444,9,9,1,1,1,42,10,30.0,213500.0,7,0,0.0
179089,2,0,0,2,2,0,2,1,1,1,1,1,5.0,5.0,1.0,1.0,31.0,17.0,1723.0,3.0,1.0,Jigawa,4,2,0,0,2,51000.0,0.5,2,1,1,1,1,42,8,14.0,236800.0,7,0,0.0
179091,7,2,2,7,7,1,2,2,2,1,1,1,9.0,9.0,11.0,2.0,60.0,17.0,1723.0,3.0,1.0,Jigawa,10,2,0,0,2,3000.0,0.2,8,3,0,1,0,42,7,20.0,137500.0,7,0,0.0
179092,10,7,1,10,10,1,7,7,7,1,1,1,14.0,14.0,1.0,1.0,67.0,17.0,1723.0,3.0,1.0,Jigawa,14,3,0,0,3,83700.0,0.21428571428571427,12,7,0,1,0,42,7,29.0,120500.0,7,1,660000.0
179093,4,2,2,4,4,1,2,2,2,1,1,1,9.0,9.0,1.0,1.0,41.0,17.0,1723.0,3.0,1.0,Jigawa,10,1,0,0,1,128000.0,0.1,7,3,0,1,0,42,6,16.0,91500.0,7,0,0.0
179095,1,0,0,1,1,0,1,0,0,1,0,0,4.0,4.0,1.0,1.0,49.0,17.0,1723.0,3.0,1.0,Jigawa,4,1,0,0,1,40000.0,0.25,4,1,1,1,1,42,3,3.0,9000.0,7,0,0.0
179096,2,2,1,2,2,1,2,2,1,1,1,1,6.0,6.0,1.0,1.0,40.0,17.0,1723.0,3.0,1.0,Jigawa,5,2,0,0,2,130000.0,0.4,5,2,2,1,1,42,14,25.0,251000.0,7,0,0.0
179097,4,0,0,4,4,0,0,0,2,0,0,1,5.0,5.0,1.0,1.0,35.0,17.0,1725.0,3.0,2.0,Jigawa,5,2,0,0,0,0.0,0.4,5,5,0,1,0,42,3,7.0,1600.0,7,0,0.0
179098,4,0,0,4,4,0,0,0,1,0,0,1,4.0,4.0,1.0,1.0,36.0,17.0,1725.0,3.0,2.0,Jigawa,6,4,0,0,3,7400.0,0.6666666666666666,5,5,0,1,0,42,6,15.0,80300.0,7,0,0.0
179100,8,0,0,8,8,0,0,0,0,0,0,0,8.0,8.0,1.0,1.0,42.0,17.0,1725.0,3.0,2.0,Jigawa,9,5,0,0,1,10000.0,0.5555555555555556,9,9,0,1,0,42,6,22.0,45900.0,7,0,0.0
179101,7,1,0,7,7,1,1,1,0,1,1,0,7.0,7.0,1.0,1.0,77.0,17.0,1725.0,3.0,2.0,Jigawa,9,7,0,0,2,2000.0,0.7777777777777778,9,1,0,1,0,42,4,17.0,59500.0,7,1,168000.0
179102,1,0,0,1,1,0,0,0,0,0,0,0,1.0,1.0,5101.0,2.0,85.0,17.0,1725.0,3.0,2.0,Jigawa,2,1,0,0,0,0.0,0.5,2,0,0,0,0,42,2,2.0,16000.0,7,0,0.0
179103,3,0,0,3,3,0,0,0,0,0,0,0,7.0,7.0,1.0,1.0,44.0,17.0,1725.0,3.0,2.0,Jigawa,7,4,0,0,2,20000.0,0.5714285714285714,5,1,0,1,0,42,4,10.0,47200.0,7,0,0.0
179104,2,0,0,2,2,0,0,0,0,0,0,0,,,,,,,,,,,4,1,0,0,1,20000.0,0.25,2,0,0,0,0,42,3,4.0,25700.0,7,0,0.0
179105,4,0,0,4,4,0,0,0,0,0,0,0,4.0,4.0,1.0,1.0,55.0,17.0,1725.0,3.0,2.0,Jigawa,5,3,0,0,1,1500.0,0.6,5,0,0,0,0,42,5,12.0,32500.0,7,1,15000.0
179106,4,0,0,4,4,0,0,0,0,0,0,0,5.0,5.0,1.0,1.0,42.0,17.0,1725.0,3.0,2.0,Jigawa,6,3,0,0,0,0.0,0.5,5,0,0,0,0,42,4,8.0,56000.0,7,1,25000.0
179108,3,0,0,3,3,0,0,0,0,0,0,0,6.0,6.0,1.0,1.0,29.0,17.0,1725.0,3.0,2.0,Jigawa,4,1,0,0,1,800.0,0.25,3,0,0,0,0,42,4,11.0,26000.0,7,0,0.0
179124,8,1,1,8,8,1,1,1,0,1,1,0,12.0,12.0,1.0,1.0,36.0,17.0,1723.0,3.0,1.0,Jigawa,11,1,2,0,3,6700.0,0.09090909090909091,9,3,0,1,0,42,8,15.0,87000.0,7,0,0.0
180001,6,0,0,6,6,0,5,5,0,1,1,0,8.0,8.0,1.0,1.0,62.0,18.0,1804.0,3.0,1.0,Kaduna,8,0,0,0,0,0.0,0.0,6,5,4,1,1,42,7,15.0,488000.0,7,0,0.0
180002,8,0,0,8,8,0,5,0,0,1,0,0,1.0,1.0,1.0,1.0,87.0,18.0,1804.0,3.0,1.0,Kaduna,9,4,0,0,4,155000.0,0.4444444444444444,8,7,5,1,1,42,9,26.0,77000.0,7,0,0.0
180003,2,1,1,2,2,1,1,0,0,1,0,0,3.0,3.0,2.0,2.0,65.0,18.0,1804.0,3.0,1.0,Kaduna,3,1,0,0,1,2500.0,0.3333333333333333,2,2,2,1,1,42,9,12.0,125300.0,7,0,0.0
180004,5,0,0,5,5,0,0,0,0,0,0,0,7.0,7.0,12.0,2.0,62.0,18.0,1804.0,3.0,1.0,Kaduna,7,1,0,0,0,0.0,0.14285714285714285,7,3,0,1,0,42,4,8.0,5100.0,7,1,10000.0
180005,4,3,4,4,4,1,4,2,4,1,1,1,6.0,6.0,8.0,1.0,27.0,18.0,1804.0,3.0,1.0,Kaduna,5,2,0,0,2,52000.0,0.4,5,3,1,1,1,42,14,24.0,447000.0,7,1,50000.0
180006,2,0,0,2,2,0,2,1,0,1,1,0,3.0,3.0,1301.0,2.0,22.0,18.0,1804.0,3.0,1.0,Kaduna,3,0,0,0,0,0.0,0.0,3,3,2,1,1,42,8,9.0,41800.0,7,0,0.0
180007,2,1,2,2,2,1,2,1,2,1,1,1,2.0,2.0,1.0,1.0,45.0,18.0,1804.0,3.0,1.0,Kaduna,2,1,0,0,1,80000.0,0.5,2,2,2,1,1,42,12,18.0,1270000.0,7,0,0.0
180008,6,0,0,6,6,0,1,0,0,1,0,0,8.0,8.0,1.0,1.0,79.0,18.0,1804.0,3.0,1.0,Kaduna,8,3,0,0,3,3000.0,0.375,8,2,0,1,0,42,8,15.0,33000.0,7,0,0.0
180009,4,0,1,4,4,1,1,3,0,1,1,0,8.0,8.0,1.0,1.0,55.0,18.0,1804.0,3.0,1.0,Kaduna,9,1,1,0,1,5000.0,0.1111111111111111,6,4,1,1,1,42,6,15.0,379000.0,7,0,0.0
180031,2,0,0,2,2,0,0,0,0,0,0,0,6.0,6.0,1.0,1.0,37.0,18.0,1803.0,3.0,2.0,Kaduna,5,2,0,0,2,60000.0,0.4,4,1,0,1,0,42,4,8.0,36500.0,7,0,0.0
180032,6,0,0,6,6,0,0,0,0,0,0,0,7.0,7.0,1.0,1.0,75.0,18.0,1803.0,3.0,2.0,Kaduna,6,3,0,0,3,0.0,0.5,6,1,0,1,0,42,5,11.0,8500.0,7,0,0.0
180033,4,0,0,4,4,0,0,0,0,0,0,0,10.0,10.0,1.0,1.0,45.0,18.0,1803.0,3.0,2.0,Kaduna,10,1,0,0,1,50000.0,0.1,8,2,0,1,0,42,7,16.0,53000.0,7,0,0.0
180034,5,0,0,5,5,0,0,0,0,0,0,0,7.0,7.0,1.0,1.0,61.0,18.0,1803.0,3.0,2.0,Kaduna,8,6,0,0,3,1650.0,0.75,5,2,0,1,0,42,4,7.0,8500.0,7,0,0.0
180035,4,0,0,4,4,0,0,1,0,0,1,0,7.0,7.0,1.0,1.0,42.0,18.0,1821.0,3.0,2.0,Kaduna,8,3,0,0,1,10000.0,0.375,7,4,1,1,1,42,6,11.0,105800.0,7,1,142800.0
180036,5,1,1,5,5,1,1,2,1,1,1,1,12.0,12.0,1.0,1.0,65.0,18.0,1803.0,3.0,2.0,Kaduna,12,2,0,0,2,70000.0,0.16666666666666666,8,3,2,1,1,42,4,9.0,66000.0,7,0,0.0
180037,2,0,1,2,2,1,1,0,0,1,0,0,6.0,6.0,11.0,1.0,39.0,18.0,1803.0,3.0,2.0,Kaduna,5,1,0,0,0,0.0,0.2,3,2,0,1,0,42,2,4.0,22000.0,7,1,5000.0
180038,6,0,0,6,6,0,0,0,0,0,0,0,11.0,11.0,1.0,1.0,51.0,18.0,1803.0,3.0,2.0,Kaduna,11,4,0,0,4,0.0,0.36363636363636365,9,1,0,1,0,42,6,11.0,9000.0,7,0,0.0
180039,3,1,1,3,3,1,1,0,1,1,0,1,6.0,6.0,1.0,1.0,44.0,18.0,1803.0,3.0,2.0,Kaduna,6,1,0,0,1,60000.0,0.16666666666666666,3,1,0,1,0,42,7,14.0,50000.0,7,0,0.0
180040,5,0,0,5,5,0,1,0,0,1,0,0,17.0,17.0,1.0,1.0,46.0,18.0,1803.0,3.0,2.0,Kaduna,15,5,0,1,4,122900.0,0.3333333333333333,10,5,0,1,0,42,6,12.0,31700.0,7,0,0.0
180041,12,1,0,12,12,1,0,0,0,0,0,0,24.0,24.0,1.0,1.0,72.0,18.0,1816.0,3.0,1.0,Kaduna,23,10,0,0,10,0.0,0.43478260869565216,20,3,0,1,0,42,3,9.0,2000.0,7,0,0.0
180042,1,0,0,1,1,0,0,0,0,0,0,0,6.0,6.0,2.0,2.0,35.0,18.0,1816.0,3.0,1.0,Kaduna,6,1,0,0,1,20000.0,0.16666666666666666,3,1,0,1,0,42,5,8.0,20000.0,7,1,10000.0
180043,2,0,0,2,2,0,0,0,0,0,0,0,5.0,5.0,1.0,1.0,54.0,18.0,1816.0,3.0,1.0,Kaduna,5,5,0,0,4,1900.0,1.0,3,2,0,1,0,42,5,9.0,16200.0,7,0,0.0
180044,3,0,0,3,3,0,2,0,0,1,0,0,8.0,8.0,1.0,1.0,46.0,18.0,1816.0,3.0,1.0,Kaduna,7,5,0,0,0,0.0,0.7142857142857143,5,4,0,1,0,42,11,18.0,128000.0,7,0,0.0
180045,4,2,2,4,4,1,1,1,0,1,1,0,5.0,5.0,1.0,1.0,65.0,18.0,1816.0,3.0,1.0,Kaduna,5,2,0,0,2,104000.0,0.4,5,4,0,1,0,42,4,6.0,74500.0,7,0,0.0
180046,4,0,4,4,4,1,3,1,0,1,1,0,5.0,5.0,701.0,1.0,32.0,18.0,1816.0,3.0,1.0,Kaduna,6,3,0,0,3,75000.0,0.5,6,4,1,1,1,42,8,15.0,391500.0,7,0,0.0
180047,5,1,1,5,5,1,1,0,2,1,0,1,11.0,11.0,1.0,1.0,54.0,18.0,1816.0,3.0,1.0,Kaduna,11,2,0,0,2,90000.0,0.18181818181818182,8,3,0,1,0,42,9,17.0,449700.0,7,0,0.0
180049,3,0,0,3,3,0,1,1,0,1,1,0,7.0,7.0,1.0,1.0,54.0,18.0,1816.0,3.0,1.0,Kaduna,5,2,1,0,3,22500.0,0.4,4,4,0,1,0,42,3,5.0,7500.0,7,1,40000.0
180050,3,1,1,3,3,1,1,0,1,1,0,1,10.0,10.0,1.0,1.0,41.0,18.0,1816.0,3.0,1.0,Kaduna,8,2,0,0,2,70000.0,0.25,6,1,0,1,0,42,7,13.0,16800.0,7,0,0.0
180091,6,0,0,6,6,0,1,0,0,1,0,0,8.0,8.0,1.0,1.0,48.0,18.0,1820.0,3.0,2.0,Kaduna,8,2,0,3,2,490000.0,0.25,8,2,0,1,0,42,4,7.0,174800.0,7,0,0.0
180092,2,0,0,2,2,0,0,0,0,0,0,0,5.0,5.0,1.0,1.0,30.0,18.0,1820.0,3.0,2.0,Kaduna,5,2,0,0,0,0.0,0.4,3,1,0,1,0,42,2,3.0,2500.0,7,0,0.0
180093,2,0,0,2,2,0,0,0,0,0,0,0,1.0,1.0,1.0,1.0,72.0,18.0,1820.0,3.0,2.0,Kaduna,2,1,0,0,0,0.0,0.5,2,1,0,1,0,42,2,3.0,3600.0,7,0,0.0
180094,3,0,0,3,3,0,1,0,0,1,0,0,5.0,5.0,1.0,1.0,71.0,18.0,1820.0,3.0,2.0,Kaduna,5,4,0,0,0,0.0,0.8,3,2,0,1,0,42,7,12.0,82600.0,7,0,0.0
180095,4,0,0,4,4,0,2,0,0,1,0,0,2.0,2.0,1.0,1.0,85.0,18.0,1820.0,3.0,2.0,Kaduna,4,3,0,0,3,155000.0,0.75,4,4,0,1,0,42,5,7.0,61400.0,7,0,0.0
180096,1,0,0,1,1,0,0,0,0,0,0,0,1.0,1.0,1.0,2.0,68.0,18.0,1820.0,3.0,2.0,Kaduna,1,1,0,0,1,50000.0,1.0,1,1,0,1,0,42,2,2.0,5250.0,7,0,0.0
180097,2,0,0,2,2,0,0,0,0,0,0,0,5.0,5.0,2.0,2.0,49.0,18.0,1820.0,3.0,2.0,Kaduna,5,3,0,0,0,0.0,0.6,3,0,0,0,0,42,2,5.0,5000.0,7,0,0.0
180098,4,0,0,4,4,0,0,0,0,0,0,0,8.0,8.0,1.0,1.0,39.0,18.0,1820.0,3.0,2.0,Kaduna,7,4,0,0,0,0.0,0.5714285714285714,6,0,0,0,0,42,3,8.0,6200.0,7,0,0.0
180099,6,0,0,6,6,0,0,0,0,0,0,0,6.0,6.0,1.0,1.0,82.0,18.0,1820.0,3.0,2.0,Kaduna,6,4,0,0,0,0.0,0.6666666666666666,6,6,0,1,0,42,4,9.0,24000.0,7,0,0.0
180100,4,1,1,4,4,1,1,1,1,1,1,1,7.0,7.0,2.0,1.0,40.0,18.0,1820.0,3.0,2.0,Kaduna,6,4,0,0,1,30000.0,0.6666666666666666,4,4,0,1,0,42,4,8.0,190500.0,7,0,0.0
189003,5,1,0,5,5,1,1,1,1,1,1,1,8.0,8.0,1.0,1.0,36.0,18.0,1802.0,3.0,2.0,Kaduna,7,1,0,0,1,100000.0,0.14285714285714285,6,5,1,1,1,42,9,14.0,90700.0,7,0,0.0
189005,2,1,1,2,2,1,0,0,1,0,0,1,2.0,2.0,1.0,1.0,34.0,18.0,1802.0,3.0,2.0,Kaduna,2,2,0,0,2,40000.0,1.0,2,2,1,1,1,42,5,5.0,42000.0,7,0,0.0
189006,4,4,4,4,4,1,4,4,4,1,1,1,4.0,4.0,1.0,1.0,49.0,18.0,1802.0,3.0,2.0,Kaduna,4,1,0,0,1,120000.0,0.25,4,4,4,1,1,42,7,14.0,224000.0,7,0,0.0
189007,5,1,0,5,5,1,1,0,0,1,0,0,6.0,6.0,1.0,1.0,50.0,18.0,1802.0,3.0,2.0,Kaduna,6,4,0,0,4,290000.0,0.6666666666666666,6,4,2,1,1,42,10,16.0,2298000.0,7,0,0.0
189009,1,1,1,1,1,1,1,1,1,1,1,1,1.0,1.0,1.0,1.0,41.0,18.0,1802.0,3.0,2.0,Kaduna,1,1,0,0,1,28000.0,1.0,1,1,1,1,1,42,13,26.0,494000.0,7,0,0.0
189010,5,2,1,5,5,1,2,1,2,1,1,1,6.0,6.0,1.0,1.0,70.0,18.0,1802.0,3.0,2.0,Kaduna,6,3,0,0,1,10000.0,0.5,6,6,0,1,0,42,6,15.0,37000.0,7,0,0.0
189011,7,3,3,7,7,1,3,3,3,1,1,1,11.0,11.0,1.0,1.0,35.0,18.0,1802.0,3.0,2.0,Kaduna,11,8,0,0,1,100000.0,0.7272727272727273,9,6,3,1,1,42,5,17.0,49300.0,7,0,0.0
189012,3,0,0,3,3,0,0,2,0,0,1,0,4.0,4.0,1.0,1.0,67.0,18.0,1802.0,3.0,2.0,Kaduna,4,2,0,0,1,3000.0,0.5,3,2,0,1,0,42,7,16.0,65300.0,7,1,50000.0
189014,2,0,0,2,2,0,0,0,0,0,0,0,5.0,5.0,1.0,2.0,40.0,18.0,1802.0,3.0,2.0,Kaduna,5,2,0,0,0,0.0,0.4,3,3,0,1,0,42,4,6.0,16000.0,7,0,0.0
189015,2,0,0,2,2,0,0,2,0,0,1,0,4.0,4.0,1.0,1.0,38.0,18.0,1802.0,3.0,2.0,Kaduna,4,2,0,0,0,0.0,0.5,4,2,1,1,1,42,3,7.0,202700.0,7,0,0.0
189016,3,0,0,3,3,0,0,0,1,0,0,1,6.0,6.0,1.0,1.0,55.0,18.0,1802.0,3.0,2.0,Kaduna,6,3,0,0,3,160000.0,0.5,3,2,0,1,0,42,4,7.0,6750.0,7,0,0.0
189017,3,1,1,3,3,1,1,1,1,1,1,1,4.0,4.0,1.0,1.0,51.0,18.0,1810.0,3.0,2.0,Kaduna,4,1,1,0,2,72000.0,0.25,4,1,1,1,1,42,8,15.0,210500.0,7,0,0.0
189018,3,0,0,3,3,0,0,1,0,0,1,0,9.0,9.0,1.0,1.0,49.0,18.0,1802.0,3.0,2.0,Kaduna,9,4,0,0,0,0.0,0.4444444444444444,6,1,0,1,0,42,3,5.0,5000.0,7,0,0.0
189019,4,0,0,4,4,0,0,0,0,0,0,0,8.0,8.0,1.0,1.0,41.0,18.0,1802.0,3.0,2.0,Kaduna,8,5,0,0,3,135000.0,0.625,5,5,0,1,0,42,4,6.0,48800.0,7,0,0.0
189020,6,0,0,6,6,0,0,0,0,0,0,0,7.0,7.0,1.0,1.0,44.0,18.0,1802.0,3.0,2.0,Kaduna,7,7,0,0,1,100000.0,1.0,7,3,0,1,0,42,3,7.0,2800.0,7,0,0.0
189021,6,0,0,6,6,0,0,0,1,0,0,1,7.0,7.0,1.0,1.0,60.0,18.0,1802.0,3.0,2.0,Kaduna,6,6,0,0,6,238000.0,1.0,6,3,1,1,1,42,6,9.0,21500.0,7,0,0.0
189023,6,0,1,6,6,1,0,0,0,0,0,0,15.0,15.0,2.0,2.0,35.0,18.0,1802.0,3.0,2.0,Kaduna,14,9,0,0,0,0.0,0.6428571428571429,10,2,0,1,0,42,1,5.0,900.0,7,0,0.0
189024,2,0,1,2,2,1,0,1,0,0,1,0,1.0,1.0,1.0,1.0,49.0,18.0,1802.0,3.0,2.0,Kaduna,2,1,0,0,0,0.0,0.5,2,2,1,1,1,42,6,10.0,260900.0,7,1,5000.0
189025,4,3,0,4,4,1,4,0,0,1,0,0,7.0,7.0,1.0,1.0,56.0,18.0,1802.0,3.0,1.0,Kaduna,7,0,2,0,2,240000.0,0.0,7,4,4,1,1,42,14,23.0,4448000.0,7,0,0.0
189028,3,1,1,3,3,1,2,2,1,1,1,1,3.0,3.0,1.0,2.0,36.0,18.0,1802.0,3.0,1.0,Kaduna,3,1,0,0,1,4000.0,0.3333333333333333,3,2,2,1,1,42,6,10.0,280500.0,7,2,100600.0
189029,3,2,0,3,3,1,2,0,0,1,0,0,4.0,4.0,1.0,1.0,54.0,18.0,1802.0,3.0,1.0,Kaduna,4,1,1,1,3,103500.0,0.25,4,2,2,1,1,42,11,15.0,1742000.0,7,0,0.0
189031,4,0,1,4,4,1,2,1,2,1,1,1,7.0,7.0,1.0,1.0,46.0,18.0,1802.0,3.0,1.0,Kaduna,6,3,0,0,3,48000.0,0.5,5,5,2,1,1,42,10,16.0,129000.0,7,0,0.0
189032,6,5,3,6,6,1,5,5,5,1,1,1,7.0,7.0,101.0,1.0,60.0,18.0,1802.0,3.0,1.0,Kaduna,7,2,0,0,4,205000.0,0.2857142857142857,7,7,6,1,1,42,11,20.0,237500.0,7,0,0.0
189033,2,0,0,2,2,0,1,0,1,1,0,1,5.0,5.0,2.0,2.0,41.0,18.0,1802.0,3.0,1.0,Kaduna,5,0,0,0,1,25000.0,0.0,5,5,1,1,1,42,4,4.0,16000.0,7,0,0.0
189034,2,2,2,2,2,1,2,2,1,1,1,1,4.0,4.0,1.0,1.0,48.0,18.0,1802.0,3.0,1.0,Kaduna,4,2,0,0,2,194000.0,0.5,3,3,3,1,1,42,16,43.0,1597900.0,7,0,0.0
189035,2,2,2,2,2,1,1,2,2,1,1,1,4.0,4.0,1.0,1.0,42.0,18.0,1802.0,3.0,1.0,Kaduna,4,2,0,0,2,400000.0,0.5,2,2,2,1,1,42,20,47.0,6726000.0,7,0,0.0
189036,2,1,1,2,2,1,2,1,1,1,1,1,4.0,4.0,1.0,1.0,42.0,18.0,1823.0,3.0,1.0,Kaduna,3,2,0,0,2,78900.0,0.6666666666666666,2,2,2,1,1,42,15,27.0,2510500.0,7,2,1440000.0
189037,5,0,0,5,5,0,0,0,0,0,0,0,7.0,7.0,1.0,1.0,36.0,18.0,1805.0,3.0,2.0,Kaduna,6,3,0,0,3,0.0,0.5,5,1,0,1,0,42,3,8.0,4300.0,7,0,0.0
189038,2,0,2,2,2,1,0,0,2,0,0,1,8.0,8.0,2.0,2.0,43.0,18.0,1805.0,3.0,2.0,Kaduna,6,1,0,0,1,0.0,0.16666666666666666,5,1,0,1,0,42,3,4.0,121500.0,7,1,5000.0
189039,2,0,0,2,2,0,0,0,0,0,0,0,5.0,5.0,1.0,1.0,42.0,18.0,1805.0,3.0,2.0,Kaduna,5,2,0,0,2,0.0,0.4,3,3,0,1,0,42,4,6.0,8500.0,7,0,0.0
189040,8,0,0,8,8,0,0,0,0,0,0,0,12.0,12.0,1.0,1.0,54.0,18.0,1805.0,3.0,2.0,Kaduna,12,8,0,0,3,60000.0,0.6666666666666666,11,7,0,1,0,42,5,16.0,23000.0,7,0,0.0
189041,3,0,2,3,3,1,0,0,1,0,0,1,3.0,3.0,1.0,1.0,60.0,18.0,1805.0,3.0,2.0,Kaduna,3,0,0,0,0,0.0,0.0,3,0,0,0,0,42,3,4.0,21000.0,7,0,0.0
189042,1,0,0,1,1,0,0,0,0,0,0,0,1.0,1.0,2.0,2.0,44.0,18.0,1805.0,3.0,2.0,Kaduna,2,1,0,0,1,800.0,0.5,1,1,0,1,0,42,5,5.0,15000.0,7,0,0.0
189043,5,0,0,5,5,0,0,0,0,0,0,0,10.0,10.0,1.0,1.0,59.0,18.0,1805.0,3.0,2.0,Kaduna,8,3,0,0,3,5000.0,0.375,6,3,0,1,0,42,4,11.0,3000.0,7,0,0.0
189045,4,0,0,4,4,0,0,0,0,0,0,0,8.0,8.0,1.0,1.0,54.0,18.0,1805.0,3.0,2.0,Kaduna,8,5,0,0,1,500.0,0.625,7,2,0,1,0,42,4,9.0,10800.0,7,0,0.0
189047,3,0,0,3,3,0,0,0,0,0,0,0,6.0,6.0,1.0,1.0,33.0,18.0,1805.0,3.0,2.0,Kaduna,6,1,0,0,1,30000.0,0.16666666666666666,4,0,0,0,0,42,4,8.0,20300.0,7,0,0.0
189048,4,0,0,4,4,0,0,0,0,0,0,0,9.0,9.0,1.0,1.0,56.0,18.0,1805.0,3.0,2.0,Kaduna,8,2,0,0,2,33000.0,0.25,6,1,0,1,0,42,5,13.0,30000.0,7,0,0.0
189049,5,1,0,5,5,1,1,1,0,1,1,0,7.0,7.0,1.0,1.0,50.0,18.0,1805.0,3.0,2.0,Kaduna,6,4,0,0,1,350.0,0.6666666666666666,5,2,0,1,0,42,5,12.0,33000.0,7,0,0.0
189051,2,1,1,2,2,1,1,0,1,1,0,1,5.0,5.0,1.0,1.0,47.0,18.0,1805.0,3.0,2.0,Kaduna,4,1,0,0,1,2500.0,0.25,3,1,0,1,0,42,5,8.0,28800.0,7,0,0.0
189052,2,0,0,2,2,0,0,0,0,0,0,0,5.0,5.0,1.0,1.0,49.0,18.0,1805.0,3.0,2.0,Kaduna,5,5,0,0,2,750.0,1.0,3,2,0,1,0,42,4,6.0,34000.0,7,0,0.0
189053,4,0,0,4,4,0,0,0,1,0,0,1,12.0,12.0,1.0,1.0,54.0,18.0,1805.0,3.0,2.0,Kaduna,11,3,1,0,4,66000.0,0.2727272727272727,7,2,0,1,0,42,4,8.0,17000.0,7,0,0.0
189054,4,0,0,4,4,0,0,0,0,0,0,0,6.0,6.0,1.0,1.0,54.0,18.0,1805.0,3.0,2.0,Kaduna,7,7,0,0,5,202100.0,1.0,6,2,0,1,0,42,2,3.0,3500.0,7,0,0.0
189055,3,0,0,3,3,0,1,0,1,1,0,1,4.0,4.0,1.0,1.0,50.0,18.0,1805.0,3.0,2.0,Kaduna,4,1,0,0,1,2000.0,0.25,4,1,0,1,0,42,2,5.0,5600.0,7,0,0.0
189056,2,1,1,2,2,1,1,0,2,1,0,1,3.0,3.0,1.0,1.0,34.0,18.0,1805.0,3.0,2.0,Kaduna,3,1,0,0,1,50000.0,0.3333333333333333,2,2,0,1,0,42,4,4.0,73000.0,7,0,0.0
189057,3,0,0,3,3,0,0,0,0,0,0,0,4.0,4.0,1.0,1.0,69.0,18.0,1805.0,3.0,2.0,Kaduna,4,2,0,0,2,40000.0,0.5,4,1,0,1,0,42,4,8.0,3500.0,7,0,0.0
189058,3,0,3,3,3,1,1,1,3,1,1,1,9.0,9.0,1.0,1.0,35.0,18.0,1805.0,3.0,2.0,Kaduna,7,2,1,0,3,51500.0,0.2857142857142857,4,3,0,1,0,42,4,10.0,252000.0,7,0,0.0
189060,3,0,0,3,3,0,0,0,0,0,0,0,7.0,7.0,1.0,1.0,66.0,18.0,1805.0,3.0,2.0,Kaduna,6,2,0,0,2,6000.0,0.3333333333333333,3,0,0,0,0,42,4,9.0,204000.0,7,1,1600.0
189062,4,4,4,4,4,1,4,4,3,1,1,1,7.0,7.0,1.0,1.0,65.0,18.0,1807.0,3.0,2.0,Kaduna,7,2,0,0,1,700000.0,0.2857142857142857,7,7,2,1,1,42,8,23.0,82800.0,7,0,0.0
189064,3,0,0,3,3,0,1,0,0,1,0,0,6.0,6.0,1.0,1.0,49.0,18.0,1807.0,3.0,2.0,Kaduna,5,1,1,0,3,507000.0,0.2,3,2,0,1,0,42,6,10.0,246700.0,7,0,0.0
189065,4,1,1,4,4,1,1,2,1,1,1,1,5.0,5.0,1.0,1.0,58.0,18.0,1807.0,3.0,2.0,Kaduna,4,3,0,0,2,400500.0,0.75,4,4,0,1,0,42,3,7.0,38500.0,7,0,0.0
189066,3,0,0,3,3,0,0,0,0,0,0,0,3.0,3.0,1.0,1.0,36.0,18.0,1807.0,3.0,2.0,Kaduna,4,2,0,0,2,2100.0,0.5,3,1,0,1,0,42,2,3.0,22000.0,7,0,0.0
189067,4,0,0,4,4,0,0,0,0,0,0,0,6.0,6.0,2.0,2.0,45.0,18.0,1807.0,3.0,2.0,Kaduna,6,3,0,0,3,32000.0,0.5,5,5,0,1,0,42,4,9.0,29000.0,7,0,0.0
189068,3,0,0,3,3,0,0,0,0,0,0,0,9.0,9.0,1.0,1.0,52.0,18.0,1807.0,3.0,2.0,Kaduna,9,3,0,0,3,248500.0,0.3333333333333333,5,1,0,1,0,42,3,3.0,9200.0,7,0,0.0
189069,7,0,0,7,7,0,0,0,0,0,0,0,11.0,11.0,1.0,1.0,49.0,18.0,1807.0,3.0,2.0,Kaduna,11,5,0,0,2,30400.0,0.45454545454545453,8,6,1,1,1,42,4,14.0,25000.0,7,0,0.0
189070,2,1,1,2,2,1,1,1,1,1,1,1,1.0,1.0,1.0,1.0,59.0,18.0,1807.0,3.0,2.0,Kaduna,2,1,0,0,1,850000.0,0.5,2,1,1,1,1,42,4,6.0,45300.0,7,3,75000.0
189071,2,0,0,2,2,0,0,0,1,0,0,1,4.0,4.0,1.0,1.0,39.0,18.0,1807.0,3.0,2.0,Kaduna,4,1,1,0,2,252000.0,0.25,2,2,1,1,1,42,8,9.0,520500.0,7,1,200000.0
189072,2,0,0,2,2,0,0,0,0,0,0,0,1.0,1.0,2.0,2.0,31.0,18.0,1807.0,3.0,2.0,Kaduna,2,2,0,0,0,0.0,1.0,2,2,0,1,0,42,5,7.0,29000.0,7,0,0.0
189073,2,0,0,2,2,0,1,0,1,1,0,1,2.0,2.0,1.0,2.0,44.0,18.0,1809.0,3.0,1.0,Kaduna,2,1,0,0,1,3500.0,0.5,2,2,0,1,0,42,4,5.0,20500.0,7,0,0.0
189074,2,1,0,2,2,1,1,1,1,1,1,1,3.0,3.0,1.0,1.0,35.0,17.0,1713.0,3.0,1.0,Jigawa,2,1,0,0,1,500000.0,0.5,2,2,0,1,0,42,7,11.0,657000.0,7,0,0.0
189075,5,0,0,5,5,0,0,0,1,0,0,1,2.0,2.0,1801.0,1.0,70.0,18.0,1809.0,3.0,2.0,Kaduna,7,3,0,0,3,3600.0,0.42857142857142855,7,4,0,1,0,42,5,10.0,13300.0,7,0,0.0
189076,3,2,1,3,3,1,2,0,0,1,0,0,9.0,9.0,1.0,1.0,44.0,18.0,1809.0,3.0,1.0,Kaduna,7,1,0,0,1,114000.0,0.14285714285714285,5,3,2,1,1,42,12,18.0,1859400.0,7,0,0.0
189077,1,0,0,1,1,0,0,1,0,0,1,0,1.0,1.0,1.0,1.0,56.0,18.0,1809.0,3.0,1.0,Kaduna,1,1,0,0,1,45000.0,1.0,1,1,0,1,0,42,3,3.0,12500.0,7,0,0.0
189078,2,0,0,2,2,0,0,0,0,0,0,0,7.0,7.0,1.0,1.0,41.0,18.0,1809.0,3.0,1.0,Kaduna,6,1,0,0,1,2000.0,0.16666666666666666,4,2,0,1,0,42,4,8.0,46200.0,7,0,0.0
189079,3,1,0,3,3,1,1,2,1,1,1,1,5.0,5.0,1.0,1.0,42.0,18.0,1809.0,3.0,1.0,Kaduna,5,2,0,0,2,46500.0,0.4,4,3,1,1,1,42,6,9.0,49000.0,7,0,0.0
189080,2,0,0,2,2,0,0,2,0,0,1,0,3.0,3.0,1.0,1.0,52.0,18.0,1809.0,3.0,1.0,Kaduna,3,2,0,0,2,50000.0,0.6666666666666666,2,1,0,1,0,42,4,6.0,34000.0,7,0,0.0
189081,4,1,0,4,4,1,3,3,0,1,1,0,10.0,10.0,1.0,1.0,45.0,18.0,1809.0,3.0,1.0,Kaduna,6,2,0,0,2,7000.0,0.3333333333333333,4,3,2,1,1,42,8,11.0,102000.0,7,0,0.0
189085,2,2,1,2,2,1,2,2,2,1,1,1,6.0,6.0,1.0,1.0,41.0,18.0,1823.0,3.0,1.0,Kaduna,4,2,0,0,2,180000.0,0.5,2,2,2,1,1,42,18,26.0,1493300.0,7,0,0.0
189086,2,0,0,2,2,0,0,2,1,0,1,1,2.0,2.0,1.0,1.0,55.0,18.0,1809.0,3.0,1.0,Kaduna,2,1,0,0,1,12500.0,0.5,2,2,1,1,1,42,7,11.0,36200.0,7,1,12800.0
189087,6,3,3,6,6,1,1,4,3,1,1,1,7.0,7.0,3.0,2.0,45.0,18.0,1809.0,3.0,1.0,Kaduna,7,4,1,0,5,55100.0,0.5714285714285714,7,5,3,1,1,42,10,17.0,62550.0,7,0,0.0
189089,2,2,2,2,2,1,2,2,2,1,1,1,5.0,5.0,1.0,1.0,39.0,18.0,1809.0,3.0,1.0,Kaduna,4,2,0,0,2,80000.0,0.5,2,1,1,1,1,42,9,12.0,134500.0,7,0,0.0
189090,3,1,1,3,3,1,1,1,1,1,1,1,7.0,7.0,1.0,1.0,45.0,18.0,1809.0,3.0,1.0,Kaduna,5,1,0,0,1,80000.0,0.2,3,3,3,1,1,42,9,20.0,221500.0,7,0,0.0
189091,3,0,0,3,3,0,1,2,0,1,1,0,4.0,4.0,2.0,2.0,53.0,18.0,1809.0,3.0,1.0,Kaduna,4,1,0,0,2,20000.0,0.25,3,3,3,1,1,42,14,18.0,164000.0,7,0,0.0
189093,4,1,0,4,4,1,1,0,0,1,0,0,7.0,7.0,2.0,2.0,50.0,18.0,1809.0,3.0,1.0,Kaduna,7,4,0,0,3,53000.0,0.5714285714285714,6,4,4,1,1,42,8,14.0,55100.0,7,0,0.0
189094,7,4,3,7,7,1,5,5,4,1,1,1,7.0,7.0,1.0,1.0,59.0,18.0,1809.0,3.0,1.0,Kaduna,7,3,0,0,3,90000.0,0.42857142857142855,7,6,6,1,1,42,6,14.0,136500.0,7,2,152000.0
189095,1,0,0,1,1,0,1,1,0,1,1,0,5.0,5.0,1.0,1.0,37.0,18.0,1809.0,3.0,1.0,Kaduna,5,1,0,0,1,170000.0,0.2,3,1,0,1,0,42,9,11.0,53400.0,7,0,0.0
189096,4,1,1,4,4,1,1,1,2,1,1,1,6.0,6.0,1.0,1.0,43.0,18.0,1809.0,3.0,1.0,Kaduna,6,3,0,0,3,6100.0,0.5,5,3,0,1,0,42,7,8.0,32500.0,7,0,0.0
189097,4,1,1,4,4,1,1,0,0,1,0,0,8.0,8.0,1.0,1.0,48.0,18.0,1810.0,3.0,1.0,Kaduna,7,2,0,0,2,11500.0,0.2857142857142857,5,4,0,1,0,42,13,17.0,168000.0,7,1,10000.0
189099,4,0,1,4,4,1,1,0,0,1,0,0,6.0,6.0,1.0,1.0,34.0,18.0,1810.0,3.0,1.0,Kaduna,5,1,0,1,2,65000.0,0.2,4,4,3,1,1,42,11,13.0,257000.0,7,0,0.0
189100,8,4,1,8,8,1,8,3,0,1,1,0,9.0,9.0,1.0,1.0,65.0,18.0,1810.0,3.0,1.0,Kaduna,9,2,0,0,2,275000.0,0.2222222222222222,8,8,8,1,1,42,20,42.0,1460500.0,7,1,1200000.0
189101,5,1,0,5,5,1,4,5,1,1,1,1,10.0,10.0,1.0,1.0,48.0,18.0,1810.0,3.0,1.0,Kaduna,8,2,2,0,4,18000.0,0.25,5,3,2,1,1,42,8,13.0,301500.0,7,0,0.0
189102,7,4,3,7,7,1,4,4,5,1,1,1,8.0,8.0,1.0,1.0,55.0,18.0,1810.0,3.0,1.0,Kaduna,8,1,1,0,2,100000.0,0.125,8,6,3,1,1,42,10,16.0,695500.0,7,0,0.0
189103,2,1,0,2,2,1,1,1,2,1,1,1,2.0,2.0,1.0,1.0,34.0,18.0,1810.0,3.0,1.0,Kaduna,3,1,0,0,1,10000.0,0.3333333333333333,2,2,0,1,0,42,5,6.0,39000.0,7,0,0.0
189104,3,2,3,3,3,1,2,2,1,1,1,1,5.0,5.0,1.0,1.0,52.0,18.0,1809.0,3.0,1.0,Kaduna,5,1,0,0,1,70000.0,0.2,4,4,3,1,1,42,14,21.0,1282500.0,7,1,300000.0
189105,2,2,2,2,2,1,2,2,2,1,1,1,4.0,4.0,1.0,1.0,37.0,18.0,1810.0,3.0,1.0,Kaduna,2,1,0,0,1,70000.0,0.5,2,2,2,1,1,42,15,25.0,1517000.0,7,0,0.0
189106,11,2,2,11,11,1,7,2,0,1,1,0,15.0,15.0,1.0,1.0,58.0,18.0,1810.0,3.0,1.0,Kaduna,16,3,0,0,3,270000.0,0.1875,15,9,12,1,1,42,20,40.0,620000.0,7,0,0.0
189108,4,3,1,4,4,1,3,2,1,1,1,1,8.0,8.0,1.0,1.0,48.0,18.0,1810.0,3.0,1.0,Kaduna,8,2,1,0,3,108000.0,0.25,5,4,4,1,1,42,10,18.0,795000.0,7,0,0.0
189109,4,0,0,4,4,0,1,0,0,1,0,0,6.0,6.0,1.0,1.0,46.0,18.0,1812.0,3.0,2.0,Kaduna,6,2,0,0,2,300000.0,0.3333333333333333,5,2,0,1,0,42,5,8.0,91500.0,7,0,0.0
189110,4,1,1,4,4,1,1,2,0,1,1,0,5.0,5.0,1.0,1.0,38.0,18.0,1812.0,3.0,2.0,Kaduna,6,3,0,0,0,0.0,0.5,5,3,0,1,0,42,8,15.0,181200.0,7,0,0.0
189112,3,0,0,3,3,0,0,1,0,0,1,0,6.0,6.0,1.0,1.0,41.0,18.0,1812.0,3.0,2.0,Kaduna,6,2,0,0,0,0.0,0.3333333333333333,5,2,0,1,0,42,2,2.0,5000.0,7,0,0.0
189116,5,0,0,5,5,0,0,0,1,0,0,1,6.0,6.0,1.0,1.0,39.0,18.0,1812.0,3.0,2.0,Kaduna,5,5,0,0,1,24000.0,1.0,5,2,0,1,0,42,4,7.0,25000.0,7,0,0.0
189117,3,0,1,3,3,1,0,0,1,0,0,1,8.0,8.0,1.0,1.0,38.0,18.0,1812.0,3.0,2.0,Kaduna,6,3,0,0,4,182500.0,0.5,4,3,0,1,0,42,6,10.0,25600.0,7,0,0.0
189118,3,0,0,3,3,0,0,0,0,0,0,0,6.0,6.0,1.0,1.0,39.0,18.0,1812.0,3.0,2.0,Kaduna,6,4,0,0,1,50000.0,0.6666666666666666,4,0,0,0,0,42,4,4.0,12500.0,7,0,0.0
189119,1,0,0,1,1,0,0,0,0,0,0,0,1.0,1.0,1.0,1.0,70.0,18.0,1812.0,3.0,2.0,Kaduna,1,0,0,0,0,0.0,0.0,1,1,0,1,0,42,2,2.0,9000.0,7,0,0.0
189120,2,0,0,2,2,0,1,0,0,1,0,0,3.0,3.0,1.0,1.0,49.0,18.0,1812.0,3.0,2.0,Kaduna,3,3,0,0,1,12000.0,1.0,3,2,0,1,0,42,3,5.0,13500.0,7,0,0.0
189121,3,0,0,3,3,0,0,0,0,0,0,0,5.0,5.0,1.0,1.0,41.0,18.0,1813.0,3.0,2.0,Kaduna,5,3,0,0,3,13200.0,0.6,4,1,0,1,0,42,4,8.0,59750.0,7,0,0.0
189122,2,0,0,2,2,0,0,0,0,0,0,0,4.0,4.0,1.0,1.0,30.0,18.0,1813.0,3.0,2.0,Kaduna,2,1,1,0,1,800.0,0.5,2,1,0,1,0,42,4,5.0,26500.0,7,0,0.0
189125,3,0,0,3,3,0,0,0,0,0,0,0,3.0,3.0,1.0,1.0,39.0,18.0,1813.0,3.0,2.0,Kaduna,4,1,0,0,1,200000.0,0.25,3,3,0,1,0,42,7,11.0,104000.0,7,0,0.0
189126,3,0,0,3,3,0,0,0,0,0,0,0,11.0,11.0,1.0,1.0,41.0,18.0,1813.0,3.0,2.0,Kaduna,11,1,0,3,0,0.0,0.09090909090909091,6,2,0,1,0,42,3,5.0,18500.0,7,0,0.0
189127,5,0,0,5,5,0,0,0,0,0,0,0,10.0,10.0,1.0,1.0,52.0,18.0,1813.0,3.0,2.0,Kaduna,10,4,0,0,4,117000.0,0.4,8,5,1,1,1,42,8,16.0,99500.0,7,0,0.0
189128,2,0,0,2,2,0,0,0,0,0,0,0,5.0,5.0,1.0,1.0,28.0,18.0,1813.0,3.0,2.0,Kaduna,2,1,0,0,1,150000.0,0.5,2,1,1,1,1,42,5,5.0,269700.0,7,1,20000.0
189129,5,0,0,5,5,0,0,2,0,0,1,0,13.0,13.0,1.0,1.0,41.0,18.0,1813.0,3.0,2.0,Kaduna,15,1,2,0,3,3037400.0,0.06666666666666667,12,4,2,1,1,42,10,22.0,218300.0,7,0,0.0
189130,3,1,0,3,3,1,0,1,1,0,1,1,7.0,7.0,1.0,1.0,46.0,18.0,1813.0,3.0,2.0,Kaduna,7,1,1,0,1,32000.0,0.14285714285714285,4,3,1,1,1,42,5,12.0,37200.0,7,0,0.0
189131,2,0,0,2,2,0,0,0,0,0,0,0,3.0,3.0,1.0,1.0,25.0,18.0,1813.0,3.0,2.0,Kaduna,2,1,0,0,1,1500.0,0.5,2,2,0,1,0,42,6,7.0,276000.0,7,0,0.0
189132,3,0,0,3,3,0,0,0,0,0,0,0,4.0,4.0,1.0,1.0,34.0,18.0,1813.0,3.0,2.0,Kaduna,4,2,0,0,2,55000.0,0.5,3,3,1,1,1,42,6,9.0,275000.0,7,0,0.0
189133,6,0,0,6,6,0,1,0,0,1,0,0,15.0,15.0,1.0,1.0,60.0,18.0,1817.0,3.0,2.0,Kaduna,13,2,0,0,2,3000.0,0.15384615384615385,11,2,0,1,0,42,6,19.0,268000.0,7,0,0.0
189134,3,0,0,3,3,0,1,0,0,1,0,0,8.0,8.0,1.0,1.0,40.0,18.0,1817.0,3.0,2.0,Kaduna,6,1,0,0,1,65000.0,0.16666666666666666,5,1,0,1,0,42,7,15.0,22500.0,7,0,0.0
189136,3,0,0,3,3,0,1,0,0,1,0,0,5.0,5.0,1701.0,1.0,37.0,18.0,1817.0,3.0,2.0,Kaduna,4,4,0,0,1,140000.0,1.0,3,2,0,1,0,42,4,7.0,34000.0,7,0,0.0
189137,6,0,0,6,6,0,0,0,0,0,0,0,8.0,8.0,1.0,1.0,61.0,18.0,1817.0,3.0,2.0,Kaduna,8,1,0,0,1,10000.0,0.125,7,0,0,0,0,42,5,11.0,8000.0,7,0,0.0
189139,2,1,0,2,2,1,1,0,0,1,0,0,6.0,6.0,1.0,1.0,31.0,18.0,1817.0,3.0,2.0,Kaduna,4,2,0,0,2,0.0,0.5,2,2,1,1,1,42,8,13.0,130000.0,7,0,0.0
189140,2,0,0,2,2,0,1,0,0,1,0,0,4.0,4.0,1.0,1.0,33.0,18.0,1817.0,3.0,2.0,Kaduna,2,2,0,0,2,0.0,1.0,2,2,0,1,0,42,3,7.0,73000.0,7,0,0.0
189141,6,0,0,6,6,0,0,0,0,0,0,0,9.0,9.0,1.0,1.0,60.0,18.0,1817.0,3.0,2.0,Kaduna,10,9,0,0,0,0.0,0.9,8,1,0,1,0,42,6,11.0,46500.0,7,0,0.0
189142,2,0,0,2,2,0,0,0,0,0,0,0,4.0,4.0,1.0,1.0,32.0,18.0,1817.0,3.0,2.0,Kaduna,3,2,0,0,2,0.0,0.6666666666666666,2,2,0,1,0,42,4,7.0,7500.0,7,0,0.0
189143,3,0,0,3,3,0,0,0,0,0,0,0,5.0,5.0,1.0,1.0,43.0,18.0,1817.0,3.0,2.0,Kaduna,5,3,0,0,1,100000.0,0.6,3,1,0,1,0,42,5,10.0,18000.0,7,0,0.0
189144,5,0,0,5,5,0,0,0,0,0,0,0,8.0,8.0,5.0,1.0,48.0,18.0,1817.0,3.0,2.0,Kaduna,6,4,0,0,0,0.0,0.6666666666666666,6,1,0,1,0,42,4,10.0,17500.0,7,0,0.0
189147,6,0,0,6,6,0,1,0,0,1,0,0,9.0,9.0,1.0,1.0,38.0,18.0,1817.0,3.0,2.0,Kaduna,9,1,3,0,3,7000.0,0.1111111111111111,6,3,1,1,1,42,7,12.0,81500.0,7,1,10000.0
189148,5,1,1,5,5,1,2,0,1,1,0,1,5.0,5.0,1.0,1.0,59.0,18.0,1817.0,3.0,2.0,Kaduna,5,3,1,0,1,1000.0,0.6,5,3,0,1,0,42,9,12.0,1615200.0,7,0,0.0
189150,15,0,0,15,15,0,0,0,0,0,0,0,19.0,19.0,1.0,1.0,60.0,18.0,1817.0,3.0,2.0,Kaduna,25,10,0,0,10,451200.0,0.4,22,10,0,1,0,42,4,21.0,68500.0,7,0,0.0
189151,14,2,1,14,14,1,2,3,1,1,1,1,17.0,17.0,1.0,1.0,69.0,18.0,1817.0,3.0,2.0,Kaduna,17,0,1,0,1,18000.0,0.0,17,12,3,1,1,42,18,67.0,1877350.0,7,1,2000000.0
189152,5,4,4,5,5,1,4,4,4,1,1,1,12.0,12.0,1.0,1.0,42.0,18.0,1817.0,3.0,2.0,Kaduna,9,1,0,0,1,200000.0,0.1111111111111111,7,3,1,1,1,42,6,14.0,127000.0,7,0,0.0
189154,4,2,2,4,4,1,2,2,2,1,1,1,7.0,7.0,1.0,1.0,51.0,18.0,1817.0,3.0,2.0,Kaduna,7,3,0,0,3,93200.0,0.42857142857142855,5,4,2,1,1,42,7,19.0,246500.0,7,0,0.0
189155,6,1,1,6,6,1,0,0,1,0,0,1,9.0,9.0,1.0,1.0,48.0,18.0,1817.0,3.0,2.0,Kaduna,10,3,0,0,3,231800.0,0.3,9,3,1,1,1,42,11,27.0,164000.0,7,2,77000.0
189156,5,3,3,5,5,1,3,3,3,1,1,1,10.0,10.0,1.0,1.0,40.0,18.0,1817.0,3.0,2.0,Kaduna,7,3,1,0,4,120600.0,0.42857142857142855,5,3,1,1,1,42,6,14.0,107000.0,7,0,0.0
189157,5,0,0,5,5,0,3,1,0,1,1,0,5.0,5.0,1.0,1.0,62.0,18.0,1817.0,3.0,2.0,Kaduna,7,5,0,0,6,100000.0,0.7142857142857143,7,5,0,1,0,42,6,12.0,35600.0,7,0,0.0
189158,8,2,2,8,8,1,3,3,0,1,1,0,9.0,9.0,1.0,2.0,65.0,18.0,1817.0,3.0,2.0,Kaduna,10,7,0,0,5,78000.0,0.7,8,8,0,1,0,42,5,8.0,112200.0,7,1,50000.0
189159,4,3,2,4,4,1,3,0,3,1,0,1,4.0,4.0,1.0,1.0,71.0,18.0,1817.0,3.0,2.0,Kaduna,4,2,1,0,3,3000.0,0.5,4,3,1,1,1,42,15,28.0,233000.0,7,1,960000.0
189160,3,3,0,3,3,1,3,3,1,1,1,1,3.0,3.0,1.0,1.0,68.0,18.0,1817.0,3.0,2.0,Kaduna,3,2,0,0,2,50000.0,0.6666666666666666,3,3,1,1,1,42,17,27.0,650000.0,7,1,600000.0
189161,2,0,0,2,2,0,2,0,0,1,0,0,2.0,2.0,1.0,2.0,55.0,18.0,1817.0,3.0,2.0,Kaduna,3,1,0,0,1,33000.0,0.3333333333333333,3,2,2,1,1,42,6,11.0,21000.0,7,0,0.0
189162,3,2,2,3,3,1,2,2,3,1,1,1,4.0,4.0,1.0,1.0,58.0,18.0,1817.0,3.0,2.0,Kaduna,4,3,0,0,3,55000.0,0.75,3,2,1,1,1,42,11,20.0,564500.0,7,0,0.0
189164,3,2,1,3,3,1,3,3,0,1,1,0,7.0,7.0,1.0,1.0,52.0,18.0,1817.0,3.0,2.0,Kaduna,6,2,0,0,2,190000.0,0.3333333333333333,4,4,2,1,1,42,12,18.0,338500.0,7,1,150000.0
189165,2,0,1,2,2,1,1,1,0,1,1,0,5.0,5.0,1.0,1.0,42.0,18.0,1817.0,3.0,2.0,Kaduna,5,2,0,0,2,26000.0,0.4,4,2,1,1,1,42,8,15.0,177500.0,7,0,0.0
189167,5,2,0,5,5,1,5,0,0,1,0,0,6.0,6.0,1.0,1.0,58.0,18.0,1817.0,3.0,2.0,Kaduna,6,2,0,0,2,86500.0,0.3333333333333333,6,6,6,1,1,42,14,22.0,304800.0,7,0,0.0
189168,2,2,0,2,2,1,2,0,0,1,0,0,1.0,1.0,1.0,1.0,43.0,18.0,1802.0,3.0,2.0,Kaduna,2,2,0,0,2,450000.0,1.0,2,2,2,1,1,42,13,18.0,1578000.0,7,0,0.0
189169,4,0,0,4,4,0,0,0,0,0,0,0,11.0,11.0,1.0,1.0,53.0,18.0,1818.0,3.0,2.0,Kaduna,11,3,0,0,3,0.0,0.2727272727272727,8,1,0,1,0,42,5,8.0,185500.0,7,0,0.0
189170,4,0,0,4,4,0,0,0,0,0,0,0,6.0,6.0,1.0,1.0,51.0,18.0,1818.0,3.0,2.0,Kaduna,6,3,0,0,3,0.0,0.5,5,2,0,1,0,42,5,8.0,3000.0,7,1,10000.0
189171,2,0,0,2,2,0,0,0,0,0,0,0,2.0,2.0,1.0,1.0,34.0,18.0,1818.0,3.0,2.0,Kaduna,2,1,0,0,0,0.0,0.5,2,1,0,1,0,42,3,3.0,5000.0,7,0,0.0
189173,2,0,0,2,2,0,0,0,0,0,0,0,7.0,7.0,1.0,1.0,46.0,18.0,1818.0,3.0,2.0,Kaduna,7,7,0,0,2,300.0,1.0,4,1,0,1,0,42,4,5.0,6400.0,7,0,0.0
189174,2,0,0,2,2,0,0,0,0,0,0,0,4.0,4.0,1.0,1.0,34.0,18.0,1818.0,3.0,2.0,Kaduna,4,1,0,0,1,30000.0,0.25,2,1,0,1,0,42,6,7.0,236000.0,7,0,0.0
189175,6,0,0,6,6,0,0,0,0,0,0,0,5.0,5.0,1.0,1.0,50.0,18.0,1818.0,3.0,2.0,Kaduna,6,1,0,0,1,0.0,0.16666666666666666,6,1,0,1,0,42,2,4.0,17000.0,7,0,0.0
189176,4,1,2,4,4,1,2,0,0,1,0,0,4.0,4.0,1.0,1.0,64.0,18.0,1818.0,3.0,2.0,Kaduna,4,3,0,0,3,303000.0,0.75,4,3,0,1,0,42,3,7.0,106000.0,7,0,0.0
189178,4,0,0,4,4,0,0,0,0,0,0,0,8.0,8.0,1.0,1.0,56.0,18.0,1818.0,3.0,2.0,Kaduna,7,1,0,0,1,20000.0,0.14285714285714285,4,1,0,1,0,42,5,11.0,22700.0,7,0,0.0
189179,2,0,0,2,2,0,0,2,0,0,1,0,3.0,3.0,1.0,1.0,30.0,18.0,1818.0,3.0,2.0,Kaduna,2,1,0,0,1,150000.0,0.5,2,1,0,1,0,42,2,3.0,16500.0,7,0,0.0
189180,3,1,1,3,3,1,1,0,1,1,0,1,12.0,12.0,1.0,1.0,43.0,18.0,1818.0,3.0,2.0,Kaduna,8,1,0,0,1,60000.0,0.125,6,1,0,1,0,42,5,11.0,24000.0,7,0,0.0
189181,5,1,1,5,5,1,1,4,0,1,1,0,10.0,10.0,1.0,1.0,48.0,18.0,1819.0,3.0,1.0,Kaduna,7,0,0,0,0,0.0,0.0,6,5,1,1,1,42,8,14.0,356000.0,7,0,0.0
189183,10,0,3,10,10,1,4,3,0,1,1,0,15.0,15.0,2.0,2.0,64.0,18.0,1819.0,3.0,1.0,Kaduna,13,8,0,0,8,21500.0,0.6153846153846154,10,7,0,1,0,42,10,23.0,512200.0,7,0,0.0
189184,7,0,0,7,7,0,1,1,1,1,1,1,12.0,12.0,1.0,1.0,65.0,18.0,1819.0,3.0,1.0,Kaduna,11,2,0,0,2,80000.0,0.18181818181818182,8,3,0,1,0,42,8,15.0,373500.0,7,0,0.0
189185,3,2,2,3,3,1,2,1,2,1,1,1,6.0,6.0,1.0,1.0,45.0,18.0,1819.0,3.0,1.0,Kaduna,6,2,0,0,2,95000.0,0.3333333333333333,4,2,2,1,1,42,14,27.0,530000.0,7,0,0.0
189186,3,0,0,3,3,0,0,0,0,0,0,0,2.0,2.0,1.0,1.0,75.0,18.0,1819.0,3.0,1.0,Kaduna,3,2,0,0,2,1500.0,0.6666666666666666,3,3,0,1,0,42,5,8.0,18700.0,7,0,0.0
189187,3,0,1,3,3,1,1,0,0,1,0,0,8.0,8.0,1.0,1.0,42.0,18.0,1819.0,3.0,1.0,Kaduna,7,2,0,0,2,0.0,0.2857142857142857,6,1,0,1,0,42,8,12.0,109000.0,7,0,0.0
189188,5,0,1,5,5,1,1,0,0,1,0,0,9.0,9.0,1.0,1.0,46.0,18.0,1819.0,3.0,1.0,Kaduna,8,5,0,0,4,79300.0,0.625,7,7,0,1,0,42,9,19.0,132400.0,7,0,0.0
189189,9,0,1,9,9,1,2,1,0,1,1,0,15.0,15.0,1.0,1.0,54.0,18.0,1819.0,3.0,1.0,Kaduna,13,2,0,0,2,15000.0,0.15384615384615385,12,2,0,1,0,42,6,15.0,10500.0,7,0,0.0
189191,3,0,0,3,3,0,0,0,1,0,0,1,5.0,5.0,1.0,2.0,49.0,18.0,1819.0,3.0,1.0,Kaduna,5,3,0,0,3,2150.0,0.6,5,5,0,1,0,42,5,7.0,26000.0,7,0,0.0
189192,6,2,3,6,6,1,3,6,0,1,1,0,12.0,12.0,1.0,1.0,38.0,18.0,1819.0,3.0,1.0,Kaduna,10,2,0,0,2,20000.0,0.2,8,6,1,1,1,42,8,18.0,583000.0,7,0,0.0
189193,5,0,0,5,5,0,0,0,0,0,0,0,7.0,7.0,1.0,1.0,69.0,18.0,1821.0,3.0,2.0,Kaduna,7,4,0,0,4,5500.0,0.5714285714285714,7,2,0,1,0,42,6,15.0,13500.0,7,0,0.0
189194,9,0,0,9,9,0,0,0,0,0,0,0,17.0,17.0,1.0,1.0,58.0,18.0,1821.0,3.0,2.0,Kaduna,16,6,0,0,6,22500.0,0.375,12,4,0,1,0,42,5,11.0,4500.0,7,0,0.0
189195,3,0,0,3,3,0,0,0,0,0,0,0,5.0,5.0,1.0,1.0,65.0,18.0,1821.0,3.0,2.0,Kaduna,5,2,0,0,2,3000.0,0.4,5,0,0,0,0,42,4,9.0,4000.0,7,0,0.0
189196,5,0,0,5,5,0,0,0,0,0,0,0,8.0,8.0,3.0,1.0,25.0,18.0,1821.0,3.0,2.0,Kaduna,9,6,0,0,4,6600.0,0.6666666666666666,7,4,0,1,0,42,4,9.0,49500.0,7,1,10000.0
189197,3,0,0,3,3,0,0,0,0,0,0,0,9.0,9.0,1.0,1.0,38.0,18.0,1821.0,3.0,2.0,Kaduna,7,5,0,0,2,750.0,0.7142857142857143,5,3,0,1,0,42,4,12.0,30000.0,7,0,0.0
189199,3,0,3,3,3,1,1,0,0,1,0,0,9.0,9.0,1.0,1.0,41.0,18.0,1821.0,3.0,2.0,Kaduna,7,1,0,0,1,0.0,0.14285714285714285,4,1,0,1,0,42,3,6.0,141000.0,7,0,0.0
189200,4,0,3,4,4,1,1,0,0,1,0,0,11.0,11.0,1.0,1.0,42.0,18.0,1821.0,3.0,2.0,Kaduna,8,1,1,0,2,51500.0,0.125,5,3,0,1,0,42,5,16.0,432500.0,7,0,0.0
189202,3,0,2,3,3,1,1,0,2,1,0,1,9.0,9.0,1.0,1.0,55.0,18.0,1821.0,3.0,2.0,Kaduna,6,1,0,0,1,0.0,0.16666666666666666,3,3,0,1,0,42,3,7.0,161000.0,7,0,0.0
189203,2,0,0,2,2,0,1,0,2,1,0,1,4.0,4.0,1.0,1.0,39.0,18.0,1821.0,3.0,2.0,Kaduna,4,1,0,0,1,2000.0,0.25,3,2,0,1,0,42,5,8.0,43300.0,7,0,0.0
189204,6,1,1,6,6,1,1,0,1,1,0,1,11.0,11.0,1.0,1.0,53.0,18.0,1821.0,3.0,2.0,Kaduna,9,3,0,0,3,5500.0,0.3333333333333333,7,1,0,1,0,42,5,10.0,29300.0,7,0,0.0
189205,2,2,0,2,2,1,2,0,0,1,0,0,5.0,5.0,1.0,1.0,45.0,18.0,1808.0,3.0,2.0,Kaduna,5,1,0,0,1,150000.0,0.2,4,2,2,1,1,42,7,10.0,61500.0,7,0,0.0
189206,1,1,0,1,1,1,1,1,0,1,1,0,1.0,1.0,1.0,1.0,33.0,31.0,3105.0,1.0,2.0,Plateau,1,0,0,0,1,4000.0,0.0,1,1,1,1,1,42,5,5.0,1532000.0,7,1,40000.0
189207,3,3,1,3,3,1,3,3,2,1,1,1,5.0,5.0,1.0,1.0,43.0,37.0,3706.0,1.0,1.0,FCT,5,3,0,0,3,3210000.0,0.6,3,3,3,1,1,42,23,37.0,4830500.0,7,1,100000.0
189209,2,0,0,2,2,0,2,0,0,1,0,0,5.0,5.0,1.0,1.0,43.0,18.0,1822.0,3.0,2.0,Kaduna,3,1,1,0,2,650000.0,0.3333333333333333,2,2,2,1,1,42,9,10.0,278900.0,7,0,0.0
189210,2,2,0,2,2,1,2,2,0,1,1,0,5.0,5.0,1.0,1.0,41.0,31.0,3106.0,1.0,2.0,Plateau,4,1,0,0,1,280000.0,0.25,2,2,2,1,1,42,20,31.0,2282500.0,7,1,500000.0
189212,5,4,0,5,5,1,4,0,3,1,0,1,6.0,6.0,1.0,1.0,58.0,18.0,1822.0,3.0,2.0,Kaduna,6,3,0,0,3,132000.0,0.5,6,6,1,1,1,42,13,23.0,198500.0,7,0,0.0
189213,2,2,0,2,2,1,2,0,0,1,0,0,3.0,3.0,3.0,1.0,45.0,18.0,1822.0,3.0,2.0,Kaduna,3,0,0,0,2,153000.0,0.0,2,2,2,1,1,42,14,19.0,240400.0,7,0,0.0
189214,4,1,0,4,4,1,2,2,2,1,1,1,6.0,6.0,1.0,1.0,38.0,18.0,1822.0,3.0,2.0,Kaduna,6,2,0,0,2,500000.0,0.3333333333333333,5,4,3,1,1,42,18,31.0,292200.0,7,0,0.0
189216,4,1,0,4,4,1,4,0,3,1,0,1,3.0,3.0,1.0,2.0,63.0,18.0,1822.0,3.0,2.0,Kaduna,5,3,0,0,1,40000.0,0.6,5,4,3,1,1,42,8,14.0,109400.0,7,0,0.0
189218,2,0,1,2,2,1,0,0,2,0,0,1,3.0,3.0,1.0,1.0,35.0,18.0,1802.0,3.0,2.0,Kaduna,4,2,0,0,2,102000.0,0.5,4,4,0,1,0,42,5,6.0,32000.0,7,0,0.0
189222,3,2,2,3,3,1,2,2,2,1,1,1,6.0,6.0,1.0,1.0,47.0,18.0,1802.0,3.0,1.0,Kaduna,6,2,0,0,2,100000.0,0.3333333333333333,5,2,2,1,1,42,9,15.0,132000.0,7,0,0.0
189235,2,0,0,2,2,0,0,0,0,0,0,0,4.0,4.0,1.0,1.0,39.0,18.0,1812.0,3.0,2.0,Kaduna,4,4,0,0,1,60000.0,1.0,4,2,0,1,0,42,5,8.0,44300.0,7,1,5000.0
189236,4,0,0,4,4,0,0,0,0,0,0,0,8.0,8.0,1.0,1.0,33.0,18.0,1812.0,3.0,2.0,Kaduna,8,4,0,0,1,10000.0,0.5,4,4,0,1,0,42,5,14.0,179000.0,7,0,0.0
189242,9,1,1,9,9,1,0,5,2,0,1,1,14.0,14.0,1.0,1.0,60.0,18.0,1817.0,3.0,2.0,Kaduna,14,0,0,0,0,0.0,0.0,11,9,4,1,1,42,4,14.0,27000.0,7,1,8000.0
189252,5,4,4,5,5,1,4,4,4,1,1,1,7.0,7.0,1.0,1.0,42.0,18.0,1822.0,3.0,2.0,Kaduna,6,2,0,0,1,50000.0,0.3333333333333333,6,3,2,1,1,42,7,15.0,2094500.0,7,0,0.0
190011,5,1,0,5,5,1,1,1,0,1,1,0,5.0,5.0,2.0,1.0,33.0,19.0,1921.0,3.0,1.0,Kano,5,1,0,0,1,50000.0,0.2,5,5,5,1,1,42,14,28.0,373000.0,7,0,0.0
190012,6,2,0,6,6,1,4,1,0,1,1,0,8.0,8.0,2.0,2.0,55.0,19.0,1921.0,3.0,1.0,Kano,8,4,0,0,4,45000.0,0.5,8,7,6,1,1,42,14,31.0,214000.0,7,0,0.0
190013,4,2,1,4,4,1,3,2,3,1,1,1,5.0,5.0,1.0,1.0,71.0,19.0,1921.0,3.0,1.0,Kano,5,2,0,0,3,8500.0,0.4,4,3,2,1,1,42,7,14.0,108100.0,7,1,84000.0
190014,16,6,5,16,16,1,6,6,4,1,1,1,26.0,26.0,1.0,1.0,59.0,19.0,1921.0,3.0,1.0,Kano,25,6,0,0,6,136000.0,0.24,23,19,11,1,1,42,24,77.0,3050200.0,7,2,5800000.0
190015,2,1,1,2,2,1,1,2,2,1,1,1,6.0,6.0,1.0,1.0,44.0,19.0,1925.0,3.0,2.0,Kano,6,2,0,0,2,45000.0,0.3333333333333333,3,2,1,1,1,42,11,23.0,390000.0,7,0,0.0
190016,2,2,1,2,2,1,2,2,2,1,1,1,6.0,6.0,1.0,1.0,39.0,19.0,1918.0,3.0,2.0,Kano,5,2,0,0,2,70500.0,0.4,3,3,2,1,1,42,9,17.0,141100.0,7,0,0.0
190017,6,0,0,6,6,0,3,0,0,1,0,0,8.0,8.0,1.0,1.0,51.0,19.0,1921.0,3.0,1.0,Kano,6,1,0,0,1,55000.0,0.16666666666666666,6,4,4,1,1,42,13,35.0,567000.0,7,0,0.0
190018,5,2,1,5,5,1,2,4,3,1,1,1,8.0,8.0,1.0,1.0,52.0,19.0,1925.0,3.0,1.0,Kano,7,4,2,0,6,295000.0,0.5714285714285714,6,5,3,1,1,42,14,38.0,643000.0,7,0,0.0
190019,6,3,1,6,6,1,4,5,5,1,1,1,6.0,6.0,1.0,2.0,87.0,19.0,1921.0,3.0,1.0,Kano,6,4,0,0,3,30000.0,0.6666666666666666,6,6,4,1,1,42,17,32.0,650000.0,7,0,0.0
190020,8,0,1,8,8,1,8,3,1,1,1,1,8.0,8.0,1301.0,2.0,61.0,19.0,1921.0,3.0,1.0,Kano,8,5,0,0,5,191000.0,0.625,8,8,8,1,1,42,17,56.0,2333400.0,7,1,199000.0
190081,4,0,1,4,4,1,0,0,1,0,0,1,10.0,10.0,1.0,1.0,62.0,19.0,1914.0,3.0,2.0,Kano,10,7,0,0,4,7000.0,0.7,7,1,1,1,1,42,6,14.0,67000.0,7,1,2000.0
190082,7,0,0,7,7,0,0,0,2,0,0,1,12.0,12.0,1.0,1.0,65.0,19.0,1914.0,3.0,2.0,Kano,11,4,0,0,1,3000.0,0.36363636363636365,9,8,1,1,1,42,8,33.0,95200.0,7,0,0.0
190083,4,0,2,4,4,1,0,1,1,0,1,1,7.0,7.0,1.0,1.0,56.0,19.0,1914.0,3.0,2.0,Kano,8,6,0,0,2,3500.0,0.75,7,3,1,1,1,42,4,8.0,77000.0,7,0,0.0
190084,5,0,0,5,5,0,0,0,0,0,0,0,16.0,16.0,1.0,1.0,45.0,19.0,1914.0,3.0,2.0,Kano,13,3,0,0,2,45000.0,0.23076923076923078,9,1,0,1,0,42,4,9.0,86500.0,7,0,0.0
190085,4,0,0,4,4,0,0,0,0,0,0,0,4.0,4.0,2.0,2.0,56.0,19.0,1914.0,3.0,2.0,Kano,4,3,0,0,3,71000.0,0.75,4,3,0,1,0,42,5,8.0,228500.0,7,0,0.0
190086,3,0,0,3,3,0,0,0,0,0,0,0,17.0,17.0,1.0,1.0,47.0,19.0,1914.0,3.0,2.0,Kano,6,1,0,0,1,50000.0,0.16666666666666666,4,1,0,1,0,42,4,8.0,132000.0,7,0,0.0
190087,1,0,0,1,1,0,0,0,0,0,0,0,3.0,3.0,2.0,2.0,43.0,19.0,1914.0,3.0,2.0,Kano,3,3,0,0,1,500.0,1.0,3,1,0,1,0,42,6,8.0,32900.0,7,0,0.0
190088,2,0,0,2,2,0,0,0,0,0,0,0,6.0,6.0,1.0,1.0,62.0,19.0,1914.0,3.0,2.0,Kano,6,4,0,0,3,1200.0,0.6666666666666666,3,0,0,0,0,42,3,4.0,62500.0,7,0,0.0
190089,3,0,1,3,3,1,0,0,2,0,0,1,8.0,8.0,1.0,1.0,41.0,19.0,1914.0,3.0,2.0,Kano,6,2,0,0,2,151500.0,0.3333333333333333,4,4,0,1,0,42,5,8.0,81000.0,7,0,0.0
190090,6,0,1,6,6,1,0,0,1,0,0,1,7.0,7.0,1.0,1.0,70.0,19.0,1914.0,3.0,2.0,Kano,7,6,0,0,4,4200.0,0.8571428571428571,6,5,0,1,0,42,5,8.0,100000.0,7,0,0.0
190111,7,0,0,7,7,0,0,0,0,0,0,0,9.0,9.0,1.0,1.0,62.0,19.0,1912.0,3.0,1.0,Kano,9,3,0,0,3,45000.0,0.3333333333333333,8,2,0,1,0,42,6,27.0,79000.0,7,0,0.0
190112,9,0,0,9,9,0,4,0,0,1,0,0,15.0,15.0,1.0,1.0,60.0,19.0,1912.0,3.0,1.0,Kano,14,7,0,0,6,22000.0,0.5,12,7,4,1,1,42,11,37.0,304000.0,7,0,0.0
190113,7,0,0,7,7,0,1,6,3,1,1,1,11.0,11.0,2.0,2.0,46.0,19.0,1912.0,3.0,1.0,Kano,11,4,0,0,4,9500.0,0.36363636363636365,11,11,2,1,1,42,6,11.0,209500.0,7,0,0.0
190114,9,0,0,9,9,0,0,0,1,0,0,1,16.0,16.0,1.0,1.0,69.0,19.0,1912.0,3.0,1.0,Kano,15,5,0,0,5,45500.0,0.3333333333333333,14,2,0,1,0,42,7,16.0,471200.0,7,0,0.0
190115,9,3,1,9,9,1,3,5,4,1,1,1,11.0,11.0,2.0,2.0,51.0,19.0,1912.0,3.0,1.0,Kano,11,7,0,0,7,137700.0,0.6363636363636364,9,9,5,1,1,42,6,15.0,114000.0,7,1,25000.0
190116,9,4,4,9,9,1,2,9,7,1,1,1,10.0,10.0,1.0,1.0,63.0,19.0,1912.0,3.0,1.0,Kano,10,7,0,0,7,38000.0,0.7,10,10,6,1,1,42,9,33.0,105000.0,7,1,25000.0
190117,2,1,1,2,2,1,1,0,2,1,0,1,7.0,7.0,1.0,1.0,46.0,19.0,1912.0,3.0,1.0,Kano,5,2,0,0,2,1800.0,0.4,3,2,1,1,1,42,11,14.0,298000.0,7,0,0.0
190118,9,0,0,9,9,0,2,0,0,1,0,0,15.0,15.0,1.0,1.0,63.0,19.0,1912.0,3.0,1.0,Kano,13,5,0,0,5,74000.0,0.38461538461538464,11,7,3,1,1,42,12,52.0,462400.0,7,0,0.0
190119,9,0,0,9,9,0,1,0,0,1,0,0,10.0,10.0,13.0,1.0,77.0,19.0,1912.0,3.0,1.0,Kano,10,6,0,0,6,60000.0,0.6,10,6,1,1,1,42,7,25.0,153500.0,7,0,0.0
190131,4,0,0,4,4,0,2,0,0,1,0,0,6.0,6.0,1.0,1.0,72.0,19.0,1910.0,3.0,2.0,Kano,5,4,0,0,2,42000.0,0.8,5,5,2,1,1,42,9,15.0,107500.0,7,1,300000.0
190132,7,0,0,7,7,0,0,2,0,0,1,0,11.0,11.0,1.0,1.0,76.0,19.0,1910.0,3.0,2.0,Kano,11,6,0,0,4,40700.0,0.5454545454545454,11,6,0,1,0,42,6,15.0,28500.0,7,0,0.0
190133,5,0,4,5,5,1,1,0,0,1,0,0,14.0,14.0,1.0,1.0,50.0,19.0,1910.0,3.0,2.0,Kano,13,4,0,0,3,3300.0,0.3076923076923077,10,5,0,1,0,42,5,14.0,52500.0,7,1,5000.0
190134,5,2,0,5,5,1,2,3,5,1,1,1,13.0,13.0,1.0,1.0,45.0,19.0,1910.0,3.0,2.0,Kano,11,8,0,0,3,35600.0,0.7272727272727273,9,5,3,1,1,42,10,20.0,290200.0,7,0,0.0
190135,3,0,0,3,3,0,0,0,0,0,0,0,3.0,3.0,1.0,1.0,74.0,19.0,1910.0,3.0,2.0,Kano,3,1,0,0,0,0.0,0.3333333333333333,3,0,0,0,0,42,4,7.0,7000.0,7,0,0.0
190136,6,0,4,6,6,1,0,0,0,0,0,0,13.0,13.0,1.0,1.0,60.0,19.0,1910.0,3.0,2.0,Kano,9,5,0,0,4,12000.0,0.5555555555555556,8,8,0,1,0,42,7,20.0,44200.0,7,0,0.0
190137,2,0,0,2,2,0,0,0,0,0,0,0,3.0,3.0,4.0,1.0,69.0,19.0,1910.0,3.0,2.0,Kano,4,2,0,0,1,2000.0,0.5,3,0,0,0,0,42,3,3.0,1000.0,7,0,0.0
190138,5,0,0,5,5,0,1,1,0,1,1,0,6.0,6.0,1.0,1.0,53.0,19.0,1910.0,3.0,2.0,Kano,7,6,0,0,4,4500.0,0.8571428571428571,6,4,1,1,1,42,6,10.0,55000.0,7,0,0.0
190139,7,0,0,7,7,0,2,0,0,1,0,0,9.0,9.0,1.0,1.0,60.0,19.0,1910.0,3.0,2.0,Kano,9,4,0,0,3,33000.0,0.4444444444444444,8,4,0,1,0,42,8,22.0,457500.0,7,1,300000.0
190140,1,0,0,1,1,0,0,0,0,0,0,0,1.0,1.0,2.0,2.0,56.0,19.0,1910.0,3.0,2.0,Kano,1,1,0,0,1,50.0,1.0,1,0,0,0,0,42,3,4.0,24000.0,7,0,0.0
190161,6,0,0,6,6,0,1,0,0,1,0,0,8.0,8.0,1.0,1.0,80.0,19.0,1919.0,3.0,2.0,Kano,9,4,0,0,0,0.0,0.4444444444444444,7,3,0,1,0,42,5,14.0,29700.0,7,0,0.0
190162,3,0,0,3,3,0,0,0,1,0,0,1,4.0,4.0,1.0,1.0,50.0,19.0,1919.0,3.0,2.0,Kano,5,4,0,0,2,8000.0,0.8,4,3,0,1,0,42,5,21.0,69000.0,7,0,0.0
190163,3,0,0,3,3,0,1,0,0,1,0,0,8.0,8.0,1.0,1.0,42.0,19.0,1919.0,3.0,2.0,Kano,7,3,0,0,1,2000.0,0.42857142857142855,5,4,0,1,0,42,7,16.0,63500.0,7,0,0.0
190164,2,1,0,2,2,1,1,2,2,1,1,1,2.0,2.0,2.0,2.0,50.0,19.0,1919.0,3.0,2.0,Kano,4,4,0,0,2,1000.0,1.0,3,2,0,1,0,42,5,11.0,52300.0,7,0,0.0
190165,4,0,0,4,4,0,0,2,2,0,1,1,6.0,6.0,1.0,1.0,47.0,19.0,1919.0,3.0,2.0,Kano,6,5,0,0,5,6300.0,0.8333333333333334,4,3,0,1,0,42,9,14.0,91700.0,7,0,0.0
190166,4,0,0,4,4,0,0,0,0,0,0,0,5.0,5.0,1.0,1.0,53.0,19.0,1919.0,3.0,2.0,Kano,5,1,0,0,0,0.0,0.2,5,3,1,1,1,42,4,8.0,31000.0,7,0,0.0
190167,3,0,0,3,3,0,0,0,0,0,0,0,5.0,5.0,1.0,1.0,54.0,19.0,1919.0,3.0,2.0,Kano,5,1,0,0,1,15000.0,0.2,4,0,0,0,0,42,4,9.0,63500.0,7,0,0.0
190168,2,0,1,2,2,1,1,1,1,1,1,1,1.0,1.0,1.0,1.0,48.0,18.0,1823.0,3.0,2.0,Kaduna,5,5,0,0,3,27000.0,1.0,4,4,1,1,1,42,4,8.0,90700.0,7,1,50000.0
190169,1,0,1,1,1,1,1,1,1,1,1,1,3.0,3.0,5101.0,1.0,29.0,19.0,1919.0,3.0,2.0,Kano,3,3,0,0,3,16200.0,1.0,2,1,0,1,0,42,5,6.0,20400.0,7,1,25000.0
190170,3,0,3,3,3,1,1,1,0,1,1,0,10.0,10.0,1.0,1.0,50.0,19.0,1919.0,3.0,2.0,Kano,7,3,1,0,4,90800.0,0.42857142857142855,4,4,0,1,0,42,8,31.0,113300.0,7,1,7000.0
190171,2,0,0,2,2,0,1,0,0,1,0,0,6.0,6.0,3.0,1.0,42.0,19.0,1928.0,3.0,2.0,Kano,5,2,0,0,1,1000.0,0.4,3,1,0,1,0,42,8,16.0,139500.0,7,0,0.0
190172,6,1,1,6,6,1,2,0,0,1,0,0,8.0,8.0,2.0,2.0,48.0,19.0,1928.0,3.0,2.0,Kano,8,8,0,0,5,34000.0,1.0,8,4,3,1,1,42,6,15.0,110500.0,7,0,0.0
190173,5,0,0,5,5,0,0,0,0,0,0,0,9.0,9.0,1.0,1.0,56.0,19.0,1928.0,3.0,2.0,Kano,9,2,0,0,1,2000.0,0.2222222222222222,7,6,0,1,0,42,6,8.0,16400.0,7,0,0.0
190174,8,2,2,8,8,1,2,5,4,1,1,1,2.0,2.0,5101.0,1.0,63.0,19.0,1928.0,3.0,2.0,Kano,14,8,0,0,6,82800.0,0.5714285714285714,10,4,2,1,1,42,6,19.0,183500.0,7,1,50000.0
190175,4,0,0,4,4,0,0,0,0,0,0,0,7.0,7.0,1.0,1.0,51.0,19.0,1928.0,3.0,2.0,Kano,7,4,0,0,4,3600.0,0.5714285714285714,6,3,0,1,0,42,5,6.0,42200.0,7,0,0.0
190176,4,0,0,4,4,0,0,0,0,0,0,0,7.0,7.0,1.0,1.0,50.0,19.0,1928.0,3.0,2.0,Kano,7,2,0,0,2,3900.0,0.2857142857142857,5,3,0,1,0,42,7,12.0,82500.0,7,0,0.0
190177,5,0,0,5,5,0,0,0,0,0,0,0,6.0,6.0,2.0,2.0,60.0,19.0,1928.0,3.0,2.0,Kano,6,3,0,0,2,4400.0,0.5,5,2,1,1,1,42,2,4.0,43200.0,7,0,0.0
190178,5,0,0,5,5,0,0,0,0,0,0,0,8.0,8.0,1.0,1.0,78.0,19.0,1928.0,3.0,2.0,Kano,9,1,0,0,1,25000.0,0.1111111111111111,7,2,0,1,0,42,4,5.0,48800.0,7,0,0.0
190179,4,0,0,4,4,0,0,0,1,0,0,1,6.0,6.0,1.0,1.0,42.0,19.0,1928.0,3.0,2.0,Kano,6,2,0,0,1,2700.0,0.3333333333333333,6,4,0,1,0,42,5,11.0,98000.0,7,0,0.0
190180,5,0,0,5,5,0,0,0,3,0,0,1,8.0,8.0,1.0,1.0,57.0,19.0,1928.0,3.0,2.0,Kano,8,5,0,0,5,20200.0,0.625,8,6,0,1,0,42,5,12.0,77300.0,7,0,0.0
190191,1,0,0,1,1,0,0,0,0,0,0,0,1.0,1.0,1.0,1.0,104.0,19.0,1923.0,3.0,2.0,Kano,1,1,0,0,1,20000.0,1.0,1,1,0,1,0,42,2,2.0,6000.0,7,0,0.0
190192,9,0,0,9,9,0,1,2,0,1,1,0,13.0,13.0,1.0,1.0,48.0,19.0,1923.0,3.0,2.0,Kano,16,12,0,0,10,4500.0,0.75,13,7,0,1,0,42,9,26.0,185300.0,7,0,0.0
190193,3,0,0,3,3,0,2,0,0,1,0,0,7.0,7.0,1.0,1.0,58.0,19.0,1923.0,3.0,2.0,Kano,7,4,0,0,1,1500.0,0.5714285714285714,4,4,1,1,1,42,6,12.0,67000.0,7,1,35000.0
190194,4,0,0,4,4,0,1,0,0,1,0,0,9.0,9.0,1.0,1.0,53.0,19.0,1923.0,3.0,2.0,Kano,7,5,0,0,2,31500.0,0.7142857142857143,6,4,2,1,1,42,7,21.0,162000.0,7,0,0.0
190195,5,2,3,5,5,1,3,3,3,1,1,1,13.0,13.0,1.0,1.0,45.0,19.0,1923.0,3.0,2.0,Kano,11,3,0,0,3,100000.0,0.2727272727272727,7,7,1,1,1,42,12,29.0,1757000.0,7,0,0.0
190196,7,0,0,7,7,0,0,0,0,0,0,0,11.0,11.0,1.0,1.0,44.0,19.0,1923.0,3.0,2.0,Kano,8,2,0,0,2,32000.0,0.25,7,0,0,0,0,42,4,5.0,56000.0,7,0,0.0
190197,8,2,1,8,8,1,2,2,1,1,1,1,7.0,7.0,1.0,1.0,54.0,19.0,1923.0,3.0,2.0,Kano,10,3,0,0,3,169500.0,0.3,10,10,5,1,1,42,15,28.0,915300.0,7,0,0.0
190198,4,0,0,4,4,0,1,0,0,1,0,0,4.0,4.0,1.0,1.0,71.0,19.0,1923.0,3.0,2.0,Kano,4,2,0,0,2,18000.0,0.5,4,1,0,1,0,42,3,3.0,1000.0,7,0,0.0
190199,3,0,0,3,3,0,1,1,1,1,1,1,10.0,10.0,1.0,1.0,46.0,19.0,1923.0,3.0,2.0,Kano,6,2,0,0,2,5000.0,0.3333333333333333,3,3,0,1,0,42,7,22.0,209850.0,7,0,0.0
190200,3,0,0,3,3,0,0,0,2,0,0,1,7.0,7.0,1.0,1.0,45.0,19.0,1923.0,3.0,2.0,Kano,7,3,0,0,1,7000.0,0.42857142857142855,6,4,0,1,0,42,6,11.0,184000.0,7,0,0.0
199001,5,0,0,5,5,0,0,0,0,0,0,0,14.0,14.0,1.0,1.0,64.0,19.0,1909.0,3.0,2.0,Kano,14,5,0,0,5,60000.0,0.35714285714285715,11,5,1,1,1,42,7,25.0,161000.0,7,0,0.0
199002,3,0,1,3,3,1,0,0,0,0,0,0,10.0,10.0,1.0,1.0,48.0,19.0,1909.0,3.0,2.0,Kano,8,5,0,0,4,3100.0,0.625,5,5,0,1,0,42,7,13.0,82300.0,7,0,0.0
199004,5,0,0,5,5,0,0,0,1,0,0,1,9.0,9.0,1.0,1.0,51.0,19.0,1909.0,3.0,2.0,Kano,8,5,0,0,4,3300.0,0.625,6,6,1,1,1,42,10,16.0,193500.0,7,0,0.0
199005,5,0,0,5,5,0,2,0,0,1,0,0,12.0,12.0,1.0,1.0,43.0,19.0,1909.0,3.0,2.0,Kano,10,3,0,0,3,55000.0,0.3,7,4,1,1,1,42,7,19.0,392000.0,7,0,0.0
199006,6,0,0,6,6,0,0,0,3,0,0,1,13.0,13.0,1.0,1.0,61.0,19.0,1909.0,3.0,2.0,Kano,11,7,0,0,5,50000.0,0.6363636363636364,8,7,1,1,1,42,7,15.0,121000.0,7,0,0.0
199007,4,0,0,4,4,0,2,0,0,1,0,0,16.0,16.0,1.0,1.0,41.0,19.0,1909.0,3.0,2.0,Kano,12,4,0,0,3,55000.0,0.3333333333333333,7,4,0,1,0,42,5,13.0,201000.0,7,0,0.0
199008,4,0,0,4,4,0,0,1,1,0,1,1,7.0,7.0,1.0,1.0,47.0,19.0,1909.0,3.0,2.0,Kano,7,3,0,0,3,3700.0,0.42857142857142855,6,4,2,1,1,42,7,13.0,109000.0,7,0,0.0
199011,2,0,0,2,2,0,0,0,0,0,0,0,2.0,2.0,1.0,1.0,67.0,19.0,1909.0,3.0,2.0,Kano,2,2,0,0,2,6000.0,1.0,2,2,0,1,0,42,2,3.0,5500.0,7,0,0.0
199012,2,0,1,2,2,1,0,0,1,0,0,1,7.0,7.0,1.0,1.0,55.0,19.0,1909.0,3.0,2.0,Kano,6,5,0,0,3,500.0,0.8333333333333334,4,4,0,1,0,42,5,6.0,49600.0,7,0,0.0
199013,3,0,0,3,3,0,0,0,0,0,0,0,7.0,7.0,2.0,2.0,35.0,19.0,1919.0,3.0,2.0,Kano,6,2,0,0,2,600.0,0.3333333333333333,5,5,0,1,0,42,3,8.0,34000.0,7,0,0.0
199014,6,0,0,6,6,0,0,0,0,0,0,0,13.0,13.0,1.0,1.0,44.0,19.0,1919.0,3.0,2.0,Kano,13,7,0,0,1,3000.0,0.5384615384615384,11,2,0,1,0,42,5,5.0,14700.0,7,0,0.0
199015,3,0,0,3,3,0,0,0,0,0,0,0,3.0,3.0,1.0,1.0,69.0,19.0,1919.0,3.0,2.0,Kano,3,3,0,0,3,159000.0,1.0,3,3,0,1,0,42,5,9.0,25500.0,7,2,35000.0
199016,3,0,0,3,3,0,0,0,0,0,0,0,6.0,6.0,1.0,1.0,44.0,19.0,1919.0,3.0,2.0,Kano,6,1,0,0,1,2000.0,0.16666666666666666,6,0,0,0,0,42,3,5.0,37500.0,7,0,0.0
199018,6,0,0,6,6,0,0,0,0,0,0,0,9.0,9.0,1.0,1.0,52.0,19.0,1919.0,3.0,2.0,Kano,9,2,0,0,2,30000.0,0.2222222222222222,8,3,0,1,0,42,6,11.0,47500.0,7,0,0.0
199019,3,1,3,3,3,1,1,0,0,1,0,0,8.0,8.0,1.0,1.0,40.0,19.0,1919.0,3.0,2.0,Kano,5,3,0,0,3,70600.0,0.6,3,3,0,1,0,42,6,14.0,34900.0,7,0,0.0
199021,4,0,0,4,4,0,0,1,1,0,1,1,9.0,9.0,1.0,1.0,34.0,19.0,1919.0,3.0,2.0,Kano,5,2,0,0,2,4500.0,0.4,5,2,1,1,1,42,7,18.0,512000.0,7,0,0.0
199022,1,0,0,1,1,0,0,0,0,0,0,0,2.0,2.0,1.0,1.0,31.0,19.0,1919.0,3.0,2.0,Kano,2,1,0,0,1,15000.0,0.5,1,0,0,0,0,42,4,8.0,17000.0,7,0,0.0
199023,4,1,4,4,4,1,2,2,3,1,1,1,7.0,7.0,1.0,1.0,36.0,19.0,1919.0,3.0,2.0,Kano,5,4,0,0,4,84200.0,0.8,4,4,2,1,1,42,6,8.0,123500.0,7,2,12000.0
199024,2,0,0,2,2,0,0,0,0,0,0,0,2.0,2.0,1.0,1.0,39.0,19.0,1919.0,3.0,2.0,Kano,2,1,0,0,1,3000.0,0.5,2,2,0,1,0,42,6,8.0,113800.0,7,0,0.0
199025,7,0,1,7,7,1,1,0,0,1,0,0,18.0,18.0,1.0,1.0,50.0,19.0,1924.0,3.0,2.0,Kano,14,6,0,0,4,111000.0,0.42857142857142855,8,8,2,1,1,42,10,34.0,188000.0,7,0,0.0
199026,3,1,3,3,3,1,1,1,1,1,1,1,7.0,7.0,1.0,1.0,35.0,19.0,1924.0,3.0,2.0,Kano,5,3,0,0,3,153500.0,0.6,3,3,1,1,1,42,8,16.0,131100.0,7,0,0.0
199027,3,0,1,3,3,1,1,0,1,1,0,1,7.0,7.0,1.0,1.0,46.0,19.0,1924.0,3.0,2.0,Kano,7,2,0,0,2,701000.0,0.2857142857142857,6,0,0,0,0,42,8,13.0,76200.0,7,1,2000.0
199030,4,0,0,4,4,0,0,0,1,0,0,1,9.0,9.0,1.0,1.0,50.0,19.0,1924.0,3.0,2.0,Kano,8,4,0,0,3,6500.0,0.5,4,4,0,1,0,42,5,19.0,317000.0,7,0,0.0
199031,2,0,0,2,2,0,0,0,0,0,0,0,8.0,8.0,1.0,1.0,36.0,19.0,1924.0,3.0,2.0,Kano,4,3,0,0,3,1500.0,0.75,3,3,0,1,0,42,5,14.0,126800.0,7,0,0.0
199032,5,0,0,5,5,0,0,0,0,0,0,0,6.0,6.0,1.0,1.0,64.0,19.0,1924.0,3.0,2.0,Kano,6,1,0,0,0,0.0,0.16666666666666666,5,5,0,1,0,42,5,13.0,111500.0,7,0,0.0
199033,6,0,0,6,6,0,0,0,0,0,0,0,10.0,10.0,1.0,1.0,61.0,19.0,1924.0,3.0,2.0,Kano,11,3,0,0,1,2000.0,0.2727272727272727,8,6,0,1,0,42,7,23.0,56300.0,7,0,0.0
199034,6,0,0,6,6,0,0,0,0,0,0,0,9.0,9.0,1.0,1.0,74.0,19.0,1924.0,3.0,2.0,Kano,9,3,0,0,2,6500.0,0.3333333333333333,8,4,0,1,0,42,5,14.0,56000.0,7,0,0.0
199035,3,0,0,3,3,0,1,0,0,1,0,0,9.0,9.0,1.0,1.0,48.0,19.0,1924.0,3.0,2.0,Kano,6,2,0,0,2,35900.0,0.3333333333333333,4,1,0,1,0,42,5,6.0,238500.0,7,0,0.0
199036,2,1,2,2,2,1,1,2,2,1,1,1,5.0,5.0,1.0,1.0,31.0,19.0,1924.0,3.0,2.0,Kano,3,2,0,0,2,17000.0,0.6666666666666666,2,2,1,1,1,42,13,19.0,616000.0,7,0,0.0
199037,2,0,1,2,2,1,0,1,1,0,1,1,5.0,5.0,1.0,1.0,43.0,19.0,1927.0,3.0,2.0,Kano,4,2,1,0,3,52200.0,0.5,3,2,0,1,0,42,5,10.0,56100.0,7,0,0.0
199038,2,0,0,2,2,0,0,0,1,0,0,1,9.0,9.0,1.0,1.0,39.0,19.0,1927.0,3.0,2.0,Kano,7,2,0,0,2,162000.0,0.2857142857142857,4,2,0,1,0,42,5,10.0,86000.0,7,0,0.0
199040,2,0,0,2,2,0,0,0,0,0,0,0,7.0,7.0,1.0,1.0,42.0,19.0,1927.0,3.0,2.0,Kano,6,1,0,0,1,1500.0,0.16666666666666666,4,3,0,1,0,42,3,5.0,23500.0,7,0,0.0
199041,2,0,0,2,2,0,1,0,0,1,0,0,6.0,6.0,1.0,1.0,42.0,19.0,1927.0,3.0,2.0,Kano,5,2,0,0,2,5000.0,0.4,3,3,0,1,0,42,5,8.0,51000.0,7,0,0.0
199042,3,0,0,3,3,0,0,0,0,0,0,0,5.0,5.0,1.0,1.0,29.0,19.0,1927.0,3.0,2.0,Kano,4,2,0,0,2,6000.0,0.5,3,3,0,1,0,42,5,9.0,77000.0,7,0,0.0
199044,6,0,0,6,6,0,1,0,0,1,0,0,14.0,14.0,1.0,1.0,50.0,19.0,1927.0,3.0,2.0,Kano,12,2,0,0,2,48000.0,0.16666666666666666,9,5,2,1,1,42,7,15.0,114000.0,7,0,0.0
199045,4,1,3,4,4,1,1,0,2,1,0,1,3.0,3.0,3.0,1.0,33.0,19.0,1927.0,3.0,2.0,Kano,4,4,0,0,4,16500.0,1.0,4,4,2,1,1,42,7,15.0,202000.0,7,0,0.0
199046,2,0,0,2,2,0,0,0,0,0,0,0,6.0,6.0,1.0,1.0,49.0,19.0,1927.0,3.0,2.0,Kano,5,2,0,0,2,8000.0,0.4,4,2,0,1,0,42,5,12.0,35000.0,7,0,0.0
199047,9,0,0,9,9,0,3,0,0,1,0,0,21.0,21.0,1.0,1.0,55.0,19.0,1927.0,3.0,2.0,Kano,19,8,0,0,8,66000.0,0.42105263157894735,13,8,6,1,1,42,7,34.0,508000.0,7,0,0.0
199048,6,3,0,6,6,1,4,4,2,1,1,1,8.0,8.0,1.0,1.0,61.0,19.0,1927.0,3.0,2.0,Kano,8,2,0,0,3,1700.0,0.25,8,8,6,1,1,42,13,42.0,1749100.0,7,1,2400000.0
199051,3,0,0,3,3,0,0,0,0,0,0,0,6.0,6.0,1.0,1.0,37.0,19.0,1929.0,3.0,2.0,Kano,6,3,0,0,1,2000.0,0.5,5,0,0,0,0,42,4,8.0,62500.0,7,0,0.0
199052,2,0,0,2,2,0,0,0,0,0,0,0,2.0,2.0,1.0,1.0,30.0,19.0,1929.0,3.0,2.0,Kano,2,2,0,0,1,3000.0,1.0,2,0,0,0,0,42,6,11.0,102500.0,7,0,0.0
199053,4,0,0,4,4,0,0,0,0,0,0,0,13.0,13.0,1.0,1.0,51.0,19.0,1929.0,3.0,2.0,Kano,9,7,0,0,4,1200.0,0.7777777777777778,5,4,0,1,0,42,6,14.0,149500.0,7,0,0.0
199054,3,0,0,3,3,0,0,0,0,0,0,0,2.0,2.0,1.0,1.0,31.0,19.0,1929.0,3.0,2.0,Kano,3,2,0,0,2,500.0,0.6666666666666666,3,3,0,1,0,42,6,10.0,64700.0,7,0,0.0
199055,6,0,0,6,6,0,0,0,0,0,0,0,10.0,10.0,1.0,1.0,56.0,19.0,1929.0,3.0,2.0,Kano,10,8,0,0,6,1800.0,0.8,10,3,0,1,0,42,4,15.0,36500.0,7,0,0.0
199056,2,0,0,2,2,0,0,0,0,0,0,0,3.0,3.0,2.0,2.0,41.0,19.0,1929.0,3.0,2.0,Kano,3,1,0,0,1,10000.0,0.3333333333333333,2,1,0,1,0,42,4,6.0,38900.0,7,0,0.0
199057,3,0,0,3,3,0,0,0,0,0,0,0,7.0,7.0,1.0,1.0,39.0,19.0,1929.0,3.0,2.0,Kano,7,1,0,0,1,40000.0,0.14285714285714285,4,0,0,0,0,42,3,8.0,51500.0,7,0,0.0
199058,3,0,0,3,3,0,0,0,1,0,0,1,8.0,8.0,1.0,1.0,38.0,19.0,1929.0,3.0,2.0,Kano,5,3,0,0,2,3500.0,0.6,3,3,0,1,0,42,5,11.0,49800.0,7,1,50000.0
199059,2,0,0,2,2,0,0,0,1,0,0,1,1.0,1.0,1.0,1.0,34.0,19.0,1929.0,3.0,2.0,Kano,2,1,0,0,1,600000.0,0.5,2,2,0,1,0,42,5,6.0,112500.0,7,0,0.0
199060,3,0,2,3,3,1,0,0,1,0,0,1,5.0,5.0,1.0,1.0,36.0,19.0,1929.0,3.0,2.0,Kano,4,2,0,0,1,2000.0,0.5,3,3,0,1,0,42,5,12.0,81900.0,7,0,0.0
199061,2,1,2,2,2,1,1,1,1,1,1,1,6.0,6.0,1.0,1.0,39.0,19.0,1933.0,3.0,2.0,Kano,6,2,0,0,2,8000.0,0.3333333333333333,4,2,2,1,1,42,12,19.0,345700.0,7,0,0.0
199062,5,0,0,5,5,0,0,0,0,0,0,0,6.0,6.0,1.0,1.0,77.0,19.0,1933.0,3.0,2.0,Kano,9,2,0,0,2,520000.0,0.2222222222222222,9,0,0,0,0,42,1,4.0,2000.0,7,0,0.0
199064,6,3,2,6,6,1,4,4,4,1,1,1,8.0,8.0,1.0,1.0,69.0,19.0,1933.0,3.0,2.0,Kano,6,6,0,0,6,681300.0,1.0,6,6,4,1,1,42,9,20.0,342300.0,7,0,0.0
199065,6,1,0,6,6,1,0,0,0,0,0,0,9.0,9.0,1.0,1.0,74.0,19.0,1933.0,3.0,2.0,Kano,8,1,0,0,1,500.0,0.125,7,1,0,1,0,42,4,6.0,29000.0,7,0,0.0
199066,6,0,0,6,6,0,1,0,0,1,0,0,8.0,8.0,1.0,1.0,52.0,19.0,1933.0,3.0,2.0,Kano,9,2,0,0,2,68000.0,0.2222222222222222,8,2,1,1,1,42,16,36.0,1344500.0,7,0,0.0
199067,10,4,8,10,10,1,3,3,6,1,1,1,24.0,24.0,1.0,1.0,54.0,19.0,1933.0,3.0,2.0,Kano,21,6,0,0,7,715300.0,0.2857142857142857,16,15,4,1,1,42,9,29.0,609500.0,7,0,0.0
199068,5,3,1,5,5,1,3,3,3,1,1,1,9.0,9.0,1.0,1.0,39.0,19.0,1933.0,3.0,2.0,Kano,7,5,0,0,5,85900.0,0.7142857142857143,5,4,3,1,1,42,6,15.0,81200.0,7,0,0.0
199069,4,0,0,4,4,0,2,0,4,1,0,1,4.0,4.0,1.0,1.0,74.0,19.0,1933.0,3.0,2.0,Kano,5,4,0,0,3,15500.0,0.8,5,4,2,1,1,42,5,10.0,37000.0,7,0,0.0
199071,6,0,3,6,6,1,3,1,1,1,1,1,10.0,10.0,1.0,1.0,62.0,19.0,1933.0,3.0,2.0,Kano,10,2,0,0,1,15000.0,0.2,7,7,1,1,1,42,9,27.0,614600.0,7,1,1920000.0
199072,7,0,0,7,7,0,1,0,2,1,0,1,10.0,10.0,1.0,1.0,51.0,19.0,1933.0,3.0,2.0,Kano,9,4,0,0,2,25000.0,0.4444444444444444,8,7,3,1,1,42,11,36.0,800000.0,7,0,0.0
199073,2,0,0,2,2,0,0,0,0,0,0,0,6.0,6.0,1.0,1.0,52.0,19.0,1940.0,3.0,2.0,Kano,6,3,0,0,1,1500.0,0.5,4,1,0,1,0,42,6,12.0,156800.0,7,0,0.0
199074,4,0,1,4,4,1,2,2,1,1,1,1,8.0,8.0,1.0,1.0,46.0,19.0,1940.0,3.0,2.0,Kano,8,7,0,0,5,9000.0,0.875,5,4,2,1,1,42,6,13.0,308800.0,7,0,0.0
199075,2,0,0,2,2,0,1,0,0,1,0,0,5.0,5.0,1.0,1.0,30.0,19.0,1940.0,3.0,2.0,Kano,3,3,0,0,3,4000.0,1.0,2,2,0,1,0,42,7,13.0,251700.0,7,0,0.0
199077,4,0,0,4,4,0,0,0,0,0,0,0,8.0,8.0,2.0,2.0,39.0,19.0,1940.0,3.0,2.0,Kano,7,4,0,0,4,2200.0,0.5714285714285714,5,5,0,1,0,42,4,8.0,29200.0,7,0,0.0
199078,3,0,0,3,3,0,0,0,0,0,0,0,7.0,7.0,1.0,1.0,40.0,19.0,1940.0,3.0,2.0,Kano,6,2,0,0,2,19000.0,0.3333333333333333,4,1,0,1,0,42,5,6.0,239000.0,7,0,0.0
199079,2,0,0,2,2,0,0,0,0,0,0,0,5.0,5.0,1.0,1.0,33.0,19.0,1940.0,3.0,2.0,Kano,4,1,0,0,1,2000.0,0.25,3,1,0,1,0,42,4,7.0,34000.0,7,0,0.0
199080,4,0,0,4,4,0,0,0,0,0,0,0,7.0,7.0,1.0,1.0,36.0,19.0,1940.0,3.0,2.0,Kano,7,3,0,0,3,29400.0,0.42857142857142855,5,0,0,0,0,42,7,22.0,267700.0,7,0,0.0
199081,2,0,0,2,2,0,2,0,0,1,0,0,2.0,2.0,1.0,1.0,30.0,19.0,1940.0,3.0,2.0,Kano,2,1,0,0,1,60000.0,0.5,2,2,2,1,1,42,5,10.0,139000.0,7,0,0.0
199082,2,1,1,2,2,1,1,2,1,1,1,1,7.0,7.0,1.0,1.0,36.0,19.0,1940.0,3.0,2.0,Kano,5,3,0,0,3,3500.0,0.6,4,2,0,1,0,42,5,13.0,68000.0,7,0,0.0
199083,2,2,1,2,2,1,2,0,0,1,0,0,5.0,5.0,1.0,1.0,41.0,19.0,1940.0,3.0,2.0,Kano,4,2,0,0,2,66000.0,0.5,2,2,0,1,0,42,7,11.0,215500.0,7,0,0.0
199085,6,0,0,6,6,0,0,0,0,0,0,0,7.0,7.0,1.0,1.0,76.0,19.0,1941.0,3.0,2.0,Kano,6,3,0,0,1,5000.0,0.5,6,2,0,1,0,42,4,12.0,61000.0,7,0,0.0
199086,2,0,0,2,2,0,0,0,0,0,0,0,4.0,4.0,5101.0,1.0,20.0,19.0,1941.0,3.0,2.0,Kano,6,4,0,0,2,1000.0,0.6666666666666666,4,1,0,1,0,42,4,5.0,101200.0,7,0,0.0
199087,4,0,0,4,4,0,0,0,1,0,0,1,8.0,8.0,1.0,1.0,63.0,19.0,1941.0,3.0,2.0,Kano,7,6,0,0,3,5500.0,0.8571428571428571,6,2,0,1,0,42,5,9.0,23900.0,7,1,16000.0
199088,3,0,0,3,3,0,0,0,0,0,0,0,8.0,8.0,1.0,1.0,54.0,19.0,1941.0,3.0,2.0,Kano,8,3,0,0,3,4400.0,0.375,6,0,0,0,0,42,3,8.0,48700.0,7,0,0.0
199090,3,0,0,3,3,0,0,0,3,0,0,1,2.0,2.0,1.0,1.0,29.0,19.0,1941.0,3.0,2.0,Kano,3,3,0,0,3,125500.0,1.0,3,1,0,1,0,42,4,8.0,90500.0,7,1,25000.0
199091,2,0,0,2,2,0,0,0,0,0,0,0,4.0,4.0,1.0,1.0,34.0,19.0,1941.0,3.0,2.0,Kano,4,2,0,0,2,1500.0,0.5,2,2,0,1,0,42,3,6.0,46000.0,7,0,0.0
199092,3,0,0,3,3,0,0,0,1,0,0,1,3.0,3.0,6.0,1.0,44.0,19.0,1941.0,3.0,2.0,Kano,6,2,0,0,2,3000.0,0.3333333333333333,4,3,0,1,0,42,5,8.0,30200.0,7,1,12000.0
199093,3,0,0,3,3,0,0,0,0,0,0,0,9.0,9.0,1.0,1.0,49.0,19.0,1941.0,3.0,2.0,Kano,9,5,0,0,3,1300.0,0.5555555555555556,7,3,0,1,0,42,5,14.0,39000.0,7,0,0.0
199094,6,0,0,6,6,0,0,0,0,0,0,0,8.0,8.0,1.0,1.0,45.0,19.0,1941.0,3.0,2.0,Kano,8,4,0,0,2,5700.0,0.5,7,1,0,1,0,42,6,20.0,66300.0,7,0,0.0
199095,4,0,0,4,4,0,0,0,0,0,0,0,8.0,8.0,1.0,1.0,70.0,19.0,1941.0,3.0,2.0,Kano,8,4,0,0,2,1500.0,0.5,6,1,0,1,0,42,5,11.0,23000.0,7,0,0.0
199097,4,0,0,4,4,0,1,0,0,1,0,0,12.0,12.0,1.0,1.0,56.0,19.0,1909.0,3.0,2.0,Kano,8,4,0,0,4,21700.0,0.5,4,3,1,1,1,42,7,20.0,92500.0,7,0,0.0
200011,5,0,0,5,5,0,0,0,0,0,0,0,5.0,5.0,2.0,2.0,45.0,20.0,2018.0,3.0,2.0,Katsina,5,5,0,0,4,148000.0,1.0,5,5,0,1,0,42,2,5.0,6000.0,7,0,0.0
200013,4,0,0,4,4,0,0,0,0,0,0,0,7.0,7.0,102.0,1.0,45.0,20.0,2018.0,3.0,2.0,Katsina,8,3,0,0,3,11200.0,0.375,6,1,0,1,0,42,7,26.0,72200.0,7,0,0.0
200014,7,0,0,7,7,0,0,0,0,0,0,0,6.0,6.0,1.0,1.0,60.0,20.0,2018.0,3.0,2.0,Katsina,7,3,0,0,3,75000.0,0.42857142857142855,7,3,0,1,0,42,6,14.0,71000.0,7,0,0.0
200015,3,0,0,3,3,0,0,1,1,0,1,1,1.0,1.0,1.0,1.0,70.0,20.0,2018.0,3.0,2.0,Katsina,4,1,0,0,1,1000.0,0.25,4,1,1,1,1,42,4,6.0,16700.0,7,0,0.0
200016,4,0,0,4,4,0,0,0,0,0,0,0,5.0,5.0,1.0,1.0,74.0,20.0,2018.0,3.0,2.0,Katsina,5,3,0,0,3,57500.0,0.6,5,0,0,0,0,42,6,10.0,40000.0,7,0,0.0
200020,2,0,0,2,2,0,0,0,0,0,0,0,2.0,2.0,2.0,2.0,55.0,20.0,2018.0,3.0,2.0,Katsina,2,2,0,0,2,20000.0,1.0,2,2,0,1,0,42,1,2.0,200.0,7,0,0.0
200071,5,0,0,5,5,0,0,0,0,0,0,0,7.0,7.0,1.0,1.0,52.0,20.0,2015.0,3.0,2.0,Katsina,7,5,0,0,1,75000.0,0.7142857142857143,7,7,0,1,0,42,4,10.0,38700.0,7,0,0.0
200072,5,0,0,5,5,0,0,0,2,0,0,1,10.0,10.0,1.0,1.0,55.0,20.0,2015.0,3.0,2.0,Katsina,8,3,0,0,0,0.0,0.375,6,6,0,1,0,42,6,15.0,191000.0,7,0,0.0
200074,3,0,0,3,3,0,0,0,0,0,0,0,3.0,3.0,1.0,1.0,75.0,20.0,2015.0,3.0,2.0,Katsina,3,3,0,0,0,0.0,1.0,3,2,0,1,0,42,4,11.0,18900.0,7,1,30000.0
200075,1,0,0,1,1,0,0,1,0,0,1,0,1.0,1.0,1.0,1.0,85.0,20.0,2015.0,3.0,2.0,Katsina,1,1,0,0,0,0.0,1.0,1,1,0,1,0,42,1,2.0,100.0,7,0,0.0
200076,3,0,0,3,3,0,0,0,0,0,0,0,3.0,3.0,1.0,1.0,59.0,20.0,2015.0,3.0,2.0,Katsina,3,1,0,0,1,80000.0,0.3333333333333333,3,3,0,1,0,42,3,6.0,17500.0,7,0,0.0
200077,3,0,0,3,3,0,0,0,0,0,0,0,5.0,5.0,1.0,1.0,90.0,20.0,2015.0,3.0,2.0,Katsina,5,5,0,0,1,50000.0,1.0,5,5,1,1,1,42,4,8.0,21000.0,7,0,0.0
200078,2,0,0,2,2,0,0,0,1,0,0,1,2.0,2.0,3.0,1.0,21.0,20.0,2015.0,3.0,2.0,Katsina,2,1,0,0,1,40000.0,0.5,2,2,0,1,0,42,4,6.0,159600.0,7,0,0.0
200079,3,0,0,3,3,0,0,0,0,0,0,0,3.0,3.0,1.0,1.0,74.0,20.0,2015.0,3.0,2.0,Katsina,3,3,0,0,1,650000.0,1.0,3,3,0,1,0,42,5,12.0,23350.0,7,0,0.0
200101,5,0,0,5,5,0,1,0,0,1,0,0,6.0,6.0,1.0,1.0,53.0,20.0,2025.0,3.0,2.0,Katsina,6,1,0,0,1,30000.0,0.16666666666666666,6,6,0,1,0,42,6,14.0,99000.0,7,0,0.0
200102,7,0,0,7,7,0,3,1,0,1,1,0,11.0,11.0,2.0,2.0,53.0,20.0,2025.0,3.0,2.0,Katsina,11,2,0,0,1,60000.0,0.18181818181818182,9,9,0,1,0,42,5,16.0,203600.0,7,0,0.0
200103,4,0,0,4,4,0,1,0,0,1,0,0,6.0,6.0,1.0,1.0,65.0,20.0,2025.0,3.0,2.0,Katsina,6,1,0,0,1,45000.0,0.16666666666666666,6,5,0,1,0,42,6,17.0,106500.0,7,0,0.0
200104,7,0,0,7,7,0,3,2,0,1,1,0,17.0,17.0,1.0,1.0,54.0,20.0,2025.0,3.0,2.0,Katsina,16,4,0,0,4,1981200.0,0.25,9,9,6,1,1,42,12,37.0,417500.0,7,1,50000.0
200105,8,5,0,8,8,1,6,6,4,1,1,1,11.0,11.0,1.0,1.0,69.0,20.0,2025.0,3.0,2.0,Katsina,11,2,0,0,2,1250000.0,0.18181818181818182,10,9,6,1,1,42,13,36.0,212900.0,7,1,98000.0
200106,5,0,0,5,5,0,0,0,0,0,0,0,11.0,11.0,10.0,1.0,49.0,20.0,2025.0,3.0,2.0,Katsina,10,4,0,0,4,10900.0,0.4,8,7,0,1,0,42,11,33.0,287300.0,7,0,0.0
200107,2,1,0,2,2,1,2,2,2,1,1,1,5.0,5.0,2.0,1.0,39.0,20.0,2025.0,3.0,2.0,Katsina,3,1,0,0,1,120000.0,0.3333333333333333,2,2,2,1,1,42,17,29.0,554900.0,7,1,35000.0
200108,7,0,0,7,7,0,1,0,0,1,0,0,15.0,15.0,1.0,1.0,82.0,20.0,2025.0,3.0,2.0,Katsina,15,1,0,0,0,0.0,0.06666666666666667,9,8,0,1,0,42,4,22.0,35200.0,7,0,0.0
200109,8,0,0,8,8,0,3,0,0,1,0,0,10.0,10.0,1.0,1.0,61.0,20.0,2025.0,3.0,2.0,Katsina,10,3,0,0,3,185000.0,0.3,10,9,0,1,0,42,6,19.0,66600.0,7,0,0.0
200110,6,3,1,6,6,1,5,4,3,1,1,1,8.0,8.0,2.0,2.0,49.0,20.0,2025.0,3.0,2.0,Katsina,7,3,0,0,3,940000.0,0.42857142857142855,7,7,6,1,1,42,19,53.0,2524400.0,7,1,120000.0
200161,1,0,0,1,1,0,0,1,0,0,1,0,1.0,1.0,2.0,2.0,60.0,20.0,2028.0,3.0,2.0,Katsina,1,1,0,0,1,10000.0,1.0,1,1,0,1,0,42,4,7.0,30000.0,7,0,0.0
200162,4,0,0,4,4,0,1,0,0,1,0,0,9.0,9.0,1.0,1.0,35.0,20.0,2028.0,3.0,2.0,Katsina,6,3,0,0,3,120800.0,0.5,4,3,3,1,1,42,13,23.0,301000.0,7,0,0.0
200164,7,2,2,7,7,1,6,6,6,1,1,1,10.0,10.0,1.0,1.0,46.0,26.0,2606.0,1.0,1.0,Niger,10,2,0,0,2,250000.0,0.2,9,7,6,1,1,42,9,22.0,279900.0,7,0,0.0
200165,2,0,0,2,2,0,0,0,0,0,0,0,3.0,3.0,2.0,2.0,50.0,20.0,2028.0,3.0,2.0,Katsina,4,2,0,0,2,900.0,0.5,3,2,0,1,0,42,4,6.0,38000.0,7,0,0.0
200166,7,2,0,7,7,1,2,1,2,1,1,1,13.0,13.0,1.0,1.0,53.0,20.0,2028.0,3.0,2.0,Katsina,13,5,1,0,6,74000.0,0.38461538461538464,9,6,3,1,1,42,6,25.0,266300.0,7,0,0.0
200167,5,0,0,5,5,0,1,2,1,1,1,1,4.0,4.0,1.0,1.0,78.0,20.0,2028.0,3.0,2.0,Katsina,6,2,0,0,2,76500.0,0.3333333333333333,6,5,2,1,1,42,7,17.0,137300.0,7,0,0.0
200168,2,0,0,2,2,0,1,0,0,1,0,0,3.0,3.0,1.0,1.0,40.0,20.0,2028.0,3.0,2.0,Katsina,5,1,0,0,1,56000.0,0.2,3,2,0,1,0,42,7,9.0,194000.0,7,0,0.0
200169,10,4,0,10,10,1,4,1,3,1,1,1,9.0,9.0,1.0,1.0,48.0,20.0,2021.0,3.0,1.0,Katsina,13,2,1,0,3,215000.0,0.15384615384615385,12,12,4,1,1,42,22,81.0,9869200.0,7,0,0.0
200170,4,0,0,4,4,0,1,0,0,1,0,0,9.0,9.0,2.0,2.0,46.0,20.0,2028.0,3.0,2.0,Katsina,8,4,0,0,3,77600.0,0.5,6,3,1,1,1,42,5,7.0,98000.0,7,0,0.0
200181,8,2,0,8,8,1,5,5,1,1,1,1,10.0,10.0,1.0,1.0,58.0,20.0,2012.0,3.0,1.0,Katsina,10,2,0,0,2,700000.0,0.2,10,8,8,1,1,42,12,43.0,2527300.0,7,0,0.0
200182,5,0,0,5,5,0,1,2,0,1,1,0,12.0,12.0,1.0,1.0,56.0,20.0,2012.0,3.0,1.0,Katsina,10,1,0,0,1,60000.0,0.1,8,3,0,1,0,42,6,23.0,90600.0,7,0,0.0
200183,3,2,2,3,3,1,2,3,1,1,1,1,8.0,8.0,1.0,1.0,56.0,20.0,2012.0,3.0,1.0,Katsina,7,1,0,0,1,290954.0,0.14285714285714285,5,5,5,1,1,42,18,34.0,1930200.0,7,0,0.0
200184,5,0,0,5,5,0,4,2,0,1,1,0,7.0,7.0,2.0,2.0,44.0,20.0,2012.0,3.0,1.0,Katsina,7,1,0,0,1,67000.0,0.14285714285714285,7,7,7,1,1,42,9,27.0,340700.0,7,0,0.0
200185,8,0,0,8,8,0,6,4,0,1,1,0,11.0,11.0,1.0,1.0,63.0,20.0,2012.0,3.0,1.0,Katsina,11,3,0,0,3,550000.0,0.2727272727272727,10,10,10,1,1,42,11,40.0,469700.0,7,0,0.0
200186,5,5,5,5,5,1,5,5,5,1,1,1,12.0,12.0,1.0,1.0,50.0,20.0,2012.0,3.0,1.0,Katsina,9,1,1,0,2,121300.0,0.1111111111111111,7,7,6,1,1,42,12,31.0,454200.0,7,0,0.0
200187,5,4,4,5,5,1,5,5,5,1,1,1,6.0,6.0,1.0,1.0,62.0,20.0,2012.0,3.0,1.0,Katsina,6,3,0,0,3,227000.0,0.5,6,6,6,1,1,42,23,58.0,1298500.0,7,0,0.0
200188,3,3,3,3,3,1,3,3,3,1,1,1,3.0,3.0,2.0,2.0,53.0,20.0,2012.0,3.0,1.0,Katsina,3,3,0,0,3,111500.0,1.0,3,3,3,1,1,42,14,22.0,718200.0,7,0,0.0
200189,5,2,1,5,5,1,5,1,0,1,1,0,9.0,9.0,1.0,1.0,53.0,20.0,2012.0,3.0,1.0,Katsina,8,2,0,0,2,217000.0,0.25,7,5,5,1,1,42,16,35.0,1416800.0,7,0,0.0
200190,15,9,8,15,15,1,9,11,10,1,1,1,24.0,24.0,1.0,1.0,62.0,20.0,2012.0,3.0,1.0,Katsina,23,6,1,0,6,405200.0,0.2608695652173913,18,17,16,1,1,42,15,42.0,1615500.0,7,0,0.0
209014,4,0,0,4,4,0,0,0,0,0,0,0,8.0,8.0,1.0,1.0,53.0,20.0,2009.0,3.0,2.0,Katsina,7,1,0,0,1,47000.0,0.14285714285714285,6,6,0,1,0,42,4,10.0,44100.0,7,0,0.0
209015,4,0,0,4,4,0,0,0,0,0,0,0,10.0,10.0,1.0,1.0,46.0,20.0,2009.0,3.0,2.0,Katsina,10,6,0,0,1,650000.0,0.6,6,6,0,1,0,42,6,16.0,185700.0,7,0,0.0
209016,4,0,0,4,4,0,0,0,0,0,0,0,15.0,15.0,1.0,1.0,49.0,20.0,2009.0,3.0,2.0,Katsina,10,1,0,0,0,0.0,0.1,7,7,0,1,0,42,5,13.0,57700.0,7,0,0.0
209017,2,0,0,2,2,0,0,0,0,0,0,0,5.0,5.0,1.0,1.0,34.0,20.0,2009.0,3.0,2.0,Katsina,5,4,0,0,1,120000.0,0.8,3,2,1,1,1,42,5,8.0,81700.0,7,0,0.0
209018,3,0,0,3,3,0,0,0,0,0,0,0,10.0,10.0,1.0,1.0,41.0,20.0,2009.0,3.0,2.0,Katsina,9,4,0,0,0,0.0,0.4444444444444444,4,0,0,0,0,42,0,0.0,0.0,7,0,0.0
209019,4,0,0,4,4,0,0,0,0,0,0,0,13.0,13.0,1.0,1.0,39.0,20.0,2009.0,3.0,2.0,Katsina,10,1,0,0,1,40000.0,0.1,6,6,0,1,0,42,4,12.0,45100.0,7,0,0.0
209020,8,0,0,8,8,0,0,0,0,0,0,0,14.0,14.0,1.0,1.0,57.0,20.0,2009.0,3.0,2.0,Katsina,12,10,0,0,1,265000.0,0.8333333333333334,10,10,0,1,0,42,9,29.0,272400.0,7,0,0.0
209021,2,0,0,2,2,0,0,0,0,0,0,0,2.0,2.0,1.0,1.0,32.0,20.0,2009.0,3.0,2.0,Katsina,2,1,0,0,1,38000.0,0.5,2,2,0,1,0,42,6,10.0,282700.0,7,0,0.0
209022,7,0,0,7,7,0,0,0,0,0,0,0,17.0,17.0,1.0,1.0,42.0,20.0,2009.0,3.0,2.0,Katsina,12,11,0,0,1,750000.0,0.9166666666666666,10,10,0,1,0,42,6,18.0,98500.0,7,0,0.0
209023,2,0,0,2,2,0,0,0,0,0,0,0,3.0,3.0,1.0,1.0,37.0,20.0,2009.0,3.0,2.0,Katsina,3,1,0,0,1,45000.0,0.3333333333333333,3,3,0,1,0,42,5,8.0,211200.0,7,0,0.0
209025,3,1,0,3,3,1,1,1,1,1,1,1,8.0,8.0,1.0,1.0,79.0,20.0,2010.0,3.0,2.0,Katsina,11,2,0,0,2,111000.0,0.18181818181818182,8,2,0,1,0,42,8,15.0,99500.0,7,0,0.0
209026,11,0,0,11,11,0,3,4,0,1,1,0,15.0,15.0,1.0,1.0,48.0,20.0,2010.0,3.0,2.0,Katsina,17,5,0,0,5,49500.0,0.29411764705882354,14,6,0,1,0,42,8,24.0,79850.0,7,0,0.0
209027,2,0,0,2,2,0,1,1,1,1,1,1,4.0,4.0,1.0,1.0,29.0,20.0,2010.0,3.0,2.0,Katsina,3,1,0,0,1,150000.0,0.3333333333333333,3,2,1,1,1,42,9,11.0,69000.0,7,1,15000.0
209028,1,1,0,1,1,1,1,1,1,1,1,1,3.0,3.0,2.0,2.0,30.0,20.0,2010.0,3.0,2.0,Katsina,2,0,0,0,0,0.0,0.0,1,1,1,1,1,42,15,18.0,660500.0,7,0,0.0
209029,7,0,0,7,7,0,7,7,1,1,1,1,11.0,11.0,1.0,1.0,60.0,20.0,2010.0,3.0,2.0,Katsina,11,7,0,0,6,90300.0,0.6363636363636364,10,8,2,1,1,42,9,28.0,139300.0,7,1,168000.0
209030,4,1,0,4,4,1,0,3,2,0,1,1,4.0,4.0,1.0,2.0,60.0,20.0,2010.0,3.0,2.0,Katsina,4,4,0,0,4,24000.0,1.0,4,3,1,1,1,42,9,16.0,60200.0,7,0,0.0
209031,2,0,0,2,2,0,0,1,0,0,1,0,7.0,7.0,2.0,2.0,30.0,20.0,2010.0,3.0,2.0,Katsina,6,1,0,0,1,3000.0,0.16666666666666666,4,2,0,1,0,42,5,9.0,41000.0,7,0,0.0
209033,4,2,2,4,4,1,2,2,2,1,1,1,6.0,6.0,1.0,1.0,60.0,20.0,2010.0,3.0,2.0,Katsina,6,2,0,0,2,225000.0,0.3333333333333333,6,6,3,1,1,42,17,31.0,412000.0,7,2,726000.0
209035,6,0,0,6,6,0,4,4,0,1,1,0,7.0,7.0,1.0,2.0,44.0,20.0,2010.0,3.0,2.0,Katsina,7,2,0,0,2,1200.0,0.2857142857142857,7,4,1,1,1,42,8,14.0,106200.0,7,0,0.0
209036,3,0,0,3,3,0,2,2,2,1,1,1,4.0,4.0,1.0,1.0,77.0,20.0,2010.0,3.0,2.0,Katsina,3,2,0,0,2,95000.0,0.6666666666666666,3,3,2,1,1,42,22,47.0,2252000.0,7,1,100000.0
209037,3,3,1,3,3,1,3,1,0,1,1,0,3.0,3.0,1.0,1.0,31.0,18.0,1809.0,3.0,1.0,Kaduna,3,3,0,0,3,65000.0,1.0,3,3,3,1,1,42,7,9.0,1354100.0,7,0,0.0
209038,6,0,0,6,6,0,3,4,1,1,1,1,8.0,8.0,1.0,1.0,51.0,20.0,2016.0,3.0,1.0,Katsina,9,1,0,0,1,250000.0,0.1111111111111111,7,4,4,1,1,42,12,36.0,1894300.0,7,0,0.0
209041,2,0,0,2,2,0,0,0,0,0,0,0,1.0,1.0,1.0,2.0,78.0,20.0,2016.0,3.0,1.0,Katsina,2,2,0,0,2,36500.0,1.0,2,1,0,1,0,42,5,5.0,65500.0,7,0,0.0
209042,2,0,0,2,2,0,1,1,0,1,1,0,2.0,2.0,1.0,2.0,80.0,20.0,2016.0,3.0,1.0,Katsina,2,1,0,0,1,200.0,0.5,2,2,1,1,1,42,6,6.0,23000.0,7,1,5000.0
209043,11,1,0,11,11,1,6,3,4,1,1,1,11.0,11.0,1.0,1.0,59.0,20.0,2016.0,3.0,1.0,Katsina,11,5,0,0,5,354200.0,0.45454545454545453,11,9,8,1,1,42,15,36.0,1123500.0,7,0,0.0
209044,3,0,0,3,3,0,0,0,0,0,0,0,6.0,6.0,2.0,2.0,43.0,20.0,2016.0,3.0,1.0,Katsina,6,1,0,0,1,50000.0,0.16666666666666666,5,5,0,1,0,42,2,6.0,18500.0,7,0,0.0
209045,4,0,0,4,4,0,1,2,2,1,1,1,9.0,9.0,1.0,1.0,44.0,20.0,2016.0,3.0,1.0,Katsina,11,3,0,0,3,65000.0,0.2727272727272727,7,4,4,1,1,42,18,49.0,929500.0,7,1,100000.0
209046,6,0,0,6,6,0,0,2,0,0,1,0,9.0,9.0,1.0,1.0,55.0,20.0,2016.0,3.0,1.0,Katsina,9,3,0,0,3,14500.0,0.3333333333333333,7,4,1,1,1,42,8,9.0,132500.0,7,0,0.0
209047,6,0,0,6,6,0,2,1,1,1,1,1,14.0,14.0,1.0,1.0,42.0,20.0,2016.0,3.0,1.0,Katsina,14,3,0,0,3,73000.0,0.21428571428571427,10,3,1,1,1,42,9,17.0,244500.0,7,0,0.0
209048,2,1,2,2,2,1,2,0,2,1,0,1,6.0,6.0,1.0,1.0,49.0,20.0,2016.0,3.0,1.0,Katsina,6,2,0,0,2,17000.0,0.3333333333333333,4,4,0,1,0,42,8,13.0,323000.0,7,0,0.0
209062,4,0,0,4,4,0,1,2,0,1,1,0,8.0,8.0,1.0,1.0,58.0,20.0,2021.0,3.0,1.0,Katsina,4,3,0,0,3,87000.0,0.75,4,4,1,1,1,42,12,25.0,907000.0,7,1,80000.0
209063,2,0,0,2,2,0,0,0,0,0,0,0,8.0,8.0,1.0,1.0,71.0,20.0,2021.0,3.0,1.0,Katsina,5,2,0,0,2,38000.0,0.4,4,3,1,1,1,42,10,24.0,232000.0,7,0,0.0
209064,6,0,0,6,6,0,1,4,1,1,1,1,4.0,4.0,2.0,2.0,44.0,20.0,2021.0,3.0,1.0,Katsina,7,3,0,0,3,2000.0,0.42857142857142855,7,7,6,1,1,42,11,25.0,235500.0,7,0,0.0
209066,4,3,2,4,4,1,3,3,3,1,1,1,4.0,4.0,1.0,2.0,75.0,20.0,2021.0,3.0,1.0,Katsina,4,3,0,0,3,35000.0,0.75,4,4,1,1,1,42,9,18.0,163200.0,7,0,0.0
209067,6,2,1,6,6,1,4,4,5,1,1,1,11.0,11.0,1.0,1.0,47.0,20.0,2021.0,3.0,1.0,Katsina,9,3,0,0,3,312000.0,0.3333333333333333,7,6,3,1,1,42,16,36.0,628500.0,7,0,0.0
209068,8,0,0,8,8,0,1,5,0,1,1,0,9.0,9.0,1.0,1.0,52.0,20.0,2021.0,3.0,1.0,Katsina,10,4,0,0,4,32800.0,0.4,8,6,0,1,0,42,5,13.0,29900.0,7,0,0.0
209069,10,0,0,10,10,0,4,4,0,1,1,0,16.0,16.0,1.0,1.0,60.0,20.0,2021.0,3.0,1.0,Katsina,14,4,0,0,3,36000.0,0.2857142857142857,12,6,4,1,1,42,10,22.0,200000.0,7,0,0.0
209070,5,0,0,5,5,0,2,2,2,1,1,1,5.0,5.0,1.0,2.0,74.0,20.0,2021.0,3.0,1.0,Katsina,6,4,0,0,4,9700.0,0.6666666666666666,6,5,0,1,0,42,7,10.0,69800.0,7,0,0.0
209071,7,1,3,7,7,1,1,2,3,1,1,1,13.0,13.0,1.0,1.0,56.0,20.0,2021.0,3.0,1.0,Katsina,12,6,0,0,6,508500.0,0.5,10,6,2,1,1,42,10,21.0,227300.0,7,1,25000.0
209072,2,1,2,2,2,1,1,1,2,1,1,1,2.0,2.0,2.0,1.0,30.0,20.0,2021.0,3.0,1.0,Katsina,2,2,0,0,2,60000.0,1.0,2,2,1,1,1,42,11,18.0,212800.0,7,0,0.0
209073,1,0,0,1,1,0,0,0,0,0,0,0,1.0,1.0,1.0,1.0,36.0,20.0,2021.0,3.0,1.0,Katsina,1,1,0,0,1,10500.0,1.0,1,1,1,1,1,42,3,5.0,262500.0,7,1,20000.0
209075,1,1,0,1,1,1,1,1,1,1,1,1,1.0,1.0,1.0,1.0,35.0,20.0,2021.0,3.0,1.0,Katsina,1,1,0,0,1,50000.0,1.0,1,1,1,1,1,42,10,13.0,176500.0,7,0,0.0
209077,5,4,0,5,5,1,4,4,5,1,1,1,12.0,12.0,1.0,1.0,61.0,20.0,2021.0,3.0,1.0,Katsina,11,5,0,0,5,91000.0,0.45454545454545453,9,8,5,1,1,42,10,23.0,304500.0,7,0,0.0
209078,4,0,0,4,4,0,3,2,0,1,1,0,5.0,5.0,1.0,1.0,81.0,20.0,2021.0,3.0,1.0,Katsina,5,4,0,0,4,185000.0,0.8,5,4,2,1,1,42,13,19.0,308000.0,7,2,457000.0
209079,5,0,0,5,5,0,1,3,3,1,1,1,9.0,9.0,1.0,1.0,45.0,20.0,2021.0,3.0,1.0,Katsina,8,1,0,0,1,5000.0,0.125,7,5,3,1,1,42,14,27.0,291200.0,7,0,0.0
209080,8,2,0,8,8,1,8,7,7,1,1,1,8.0,8.0,1.0,2.0,51.0,20.0,2021.0,3.0,1.0,Katsina,8,5,1,0,6,42000.0,0.625,8,8,7,1,1,42,20,44.0,668400.0,7,0,0.0
209081,7,0,0,7,7,0,1,4,2,1,1,1,9.0,9.0,1.0,1.0,63.0,20.0,2021.0,3.0,1.0,Katsina,9,3,0,0,3,4500.0,0.3333333333333333,9,8,6,1,1,42,11,24.0,133600.0,7,0,0.0
209082,2,0,2,2,2,1,0,1,1,0,1,1,4.0,4.0,1.0,1.0,39.0,20.0,2021.0,3.0,1.0,Katsina,2,2,0,0,1,5000.0,1.0,2,2,0,1,0,42,12,18.0,249500.0,7,1,5000.0
209083,3,0,0,3,3,0,0,0,0,0,0,0,5.0,5.0,1.0,2.0,59.0,20.0,2021.0,3.0,1.0,Katsina,5,2,0,0,2,8800.0,0.4,4,4,1,1,1,42,8,9.0,22500.0,7,0,0.0
209084,5,3,0,5,5,1,3,3,1,1,1,1,11.0,11.0,1.0,1.0,50.0,20.0,2021.0,3.0,1.0,Katsina,10,2,0,0,2,30000.0,0.2,6,6,3,1,1,42,13,21.0,1033500.0,7,0,0.0
209085,2,0,0,2,2,0,0,0,0,0,0,0,3.0,3.0,1.0,1.0,30.0,20.0,2025.0,3.0,2.0,Katsina,2,2,0,0,0,0.0,1.0,2,2,0,1,0,42,4,7.0,38500.0,7,0,0.0
209086,3,0,0,3,3,0,0,0,0,0,0,0,4.0,4.0,1.0,1.0,36.0,20.0,2025.0,3.0,2.0,Katsina,4,2,0,0,0,0.0,0.5,3,2,0,1,0,42,5,11.0,199000.0,7,0,0.0
209087,10,0,0,10,10,0,0,0,0,0,0,0,14.0,14.0,1.0,1.0,54.0,20.0,2025.0,3.0,2.0,Katsina,14,1,0,0,0,0.0,0.07142857142857142,13,11,0,1,0,42,5,13.0,224600.0,7,0,0.0
209088,2,0,0,2,2,0,0,0,0,0,0,0,6.0,6.0,1.0,1.0,32.0,20.0,2025.0,3.0,2.0,Katsina,6,1,0,0,1,80000.0,0.16666666666666666,4,4,0,1,0,42,4,6.0,197150.0,7,0,0.0
209089,2,0,0,2,2,0,0,0,1,0,0,1,6.0,6.0,1.0,1.0,43.0,20.0,2025.0,3.0,2.0,Katsina,3,1,0,0,1,75000.0,0.3333333333333333,2,2,0,1,0,42,6,11.0,62000.0,7,0,0.0
209090,5,0,0,5,5,0,0,0,0,0,0,0,5.0,5.0,1.0,1.0,84.0,20.0,2025.0,3.0,2.0,Katsina,5,5,0,0,1,500000.0,1.0,5,5,0,1,0,42,4,9.0,18900.0,7,0,0.0
209091,3,0,0,3,3,0,0,0,0,0,0,0,16.0,16.0,1.0,1.0,41.0,20.0,2025.0,3.0,2.0,Katsina,7,6,0,0,2,760000.0,0.8571428571428571,5,5,0,1,0,42,5,12.0,51000.0,7,0,0.0
209094,2,0,0,2,2,0,0,0,0,0,0,0,2.0,2.0,1.0,1.0,34.0,20.0,2025.0,3.0,2.0,Katsina,3,3,0,0,1,365000.0,1.0,2,2,0,1,0,42,4,7.0,81400.0,7,0,0.0
209095,2,0,0,2,2,0,0,1,0,0,1,0,8.0,8.0,1.0,1.0,41.0,20.0,2025.0,3.0,2.0,Katsina,5,5,0,0,2,465000.0,1.0,3,3,0,1,0,42,5,12.0,66900.0,7,0,0.0
209096,3,0,0,3,3,0,0,0,0,0,0,0,4.0,4.0,1.0,1.0,34.0,20.0,2025.0,3.0,2.0,Katsina,6,5,0,0,2,485000.0,0.8333333333333334,3,3,0,1,0,42,5,11.0,50000.0,7,0,0.0
209098,6,0,0,6,6,0,0,0,0,0,0,0,15.0,15.0,1.0,1.0,47.0,20.0,2026.0,3.0,2.0,Katsina,12,4,0,0,4,77300.0,0.3333333333333333,10,2,0,1,0,42,9,21.0,73500.0,7,0,0.0
209099,6,0,0,6,6,0,0,3,0,0,1,0,8.0,8.0,1.0,1.0,61.0,20.0,2026.0,3.0,2.0,Katsina,8,2,0,0,2,1500.0,0.25,8,5,0,1,0,42,5,19.0,15500.0,7,0,0.0
209100,5,0,0,5,5,0,1,1,1,1,1,1,10.0,10.0,1.0,1.0,66.0,20.0,2026.0,3.0,2.0,Katsina,10,4,0,0,4,52500.0,0.4,6,1,1,1,1,42,8,19.0,288000.0,7,0,0.0
209101,3,0,0,3,3,0,0,2,0,0,1,0,3.0,3.0,1.0,2.0,70.0,20.0,2026.0,3.0,2.0,Katsina,4,1,0,0,2,22000.0,0.25,3,3,0,1,0,42,7,11.0,116500.0,7,0,0.0
209102,4,0,0,4,4,0,0,0,0,0,0,0,4.0,4.0,1.0,1.0,71.0,20.0,2026.0,3.0,2.0,Katsina,4,4,0,0,4,55000.0,1.0,4,2,0,1,0,42,6,12.0,90500.0,7,0,0.0
209103,3,0,3,3,3,1,0,0,1,0,0,1,2.0,2.0,1.0,1.0,32.0,20.0,2026.0,3.0,2.0,Katsina,3,3,0,0,3,76600.0,1.0,3,3,0,1,0,42,6,12.0,479500.0,7,0,0.0
209105,2,0,0,2,2,0,0,1,0,0,1,0,6.0,6.0,1.0,1.0,36.0,20.0,2026.0,3.0,2.0,Katsina,6,2,0,0,2,7000.0,0.3333333333333333,5,2,0,1,0,42,7,13.0,451500.0,7,0,0.0
209106,2,0,0,2,2,0,0,2,0,0,1,0,1.0,1.0,1.0,1.0,31.0,20.0,2026.0,3.0,2.0,Katsina,2,2,0,0,2,17000.0,1.0,2,2,0,1,0,42,4,11.0,101500.0,7,0,0.0
209107,3,0,0,3,3,0,0,1,0,0,1,0,12.0,12.0,1.0,1.0,42.0,20.0,2026.0,3.0,2.0,Katsina,9,3,0,0,3,46000.0,0.3333333333333333,4,3,0,1,0,42,9,19.0,344500.0,7,0,0.0
209108,6,0,0,6,6,0,0,0,0,0,0,0,7.0,7.0,1.0,1.0,48.0,20.0,2026.0,3.0,2.0,Katsina,8,4,0,0,4,52500.0,0.5,8,2,1,1,1,42,10,24.0,399500.0,7,0,0.0
209121,5,0,0,5,5,0,0,0,0,0,0,0,8.0,8.0,1.0,1.0,62.0,20.0,2034.0,3.0,2.0,Katsina,5,2,0,0,2,24500.0,0.4,5,1,0,1,0,42,6,10.0,38500.0,7,1,5500.0
209122,2,0,0,2,2,0,0,1,0,0,1,0,3.0,3.0,1.0,1.0,29.0,20.0,2034.0,3.0,2.0,Katsina,2,1,0,0,1,15000.0,0.5,2,2,0,1,0,42,6,8.0,329300.0,7,0,0.0
209123,3,0,0,3,3,0,0,0,0,0,0,0,8.0,8.0,1.0,1.0,51.0,20.0,2034.0,3.0,2.0,Katsina,7,2,0,0,2,26500.0,0.2857142857142857,5,1,0,1,0,42,7,9.0,45300.0,7,0,0.0
209124,3,0,0,3,3,0,1,0,1,1,0,1,10.0,10.0,1.0,1.0,41.0,20.0,2034.0,3.0,2.0,Katsina,10,3,0,0,3,54600.0,0.3,5,4,0,1,0,42,4,13.0,59000.0,7,0,0.0
209125,2,0,0,2,2,0,0,2,1,0,1,1,4.0,4.0,1.0,1.0,35.0,20.0,2034.0,3.0,2.0,Katsina,4,2,0,0,2,70700.0,0.5,3,2,0,1,0,42,10,18.0,131500.0,7,0,0.0
209126,2,0,0,2,2,0,1,1,0,1,1,0,5.0,5.0,1.0,1.0,35.0,20.0,2034.0,3.0,2.0,Katsina,6,2,0,0,2,21000.0,0.3333333333333333,4,3,0,1,0,42,14,27.0,586200.0,7,1,12000.0
209127,3,0,2,3,3,1,0,0,0,0,0,0,10.0,10.0,1.0,1.0,52.0,20.0,2034.0,3.0,2.0,Katsina,10,3,0,0,3,105300.0,0.3,7,7,0,1,0,42,7,16.0,65000.0,7,0,0.0
209128,3,0,0,3,3,0,1,1,1,1,1,1,7.0,7.0,1.0,1.0,41.0,20.0,2034.0,3.0,2.0,Katsina,5,1,0,0,1,33000.0,0.2,3,3,1,1,1,42,8,9.0,83700.0,7,0,0.0
209130,3,0,0,3,3,0,1,1,0,1,1,0,5.0,5.0,4.0,1.0,28.0,20.0,2034.0,3.0,2.0,Katsina,5,1,0,0,1,150000.0,0.2,5,1,1,1,1,42,7,14.0,76100.0,7,0,0.0
209131,3,0,2,3,3,1,0,0,0,0,0,0,7.0,7.0,1.0,1.0,40.0,20.0,2034.0,3.0,2.0,Katsina,8,3,0,1,3,63000.0,0.375,6,5,1,1,1,42,6,11.0,415000.0,7,0,0.0
210001,5,1,3,5,5,1,0,2,0,0,1,0,6.0,6.0,1.0,1.0,58.0,21.0,2106.0,3.0,2.0,Kebbi,7,6,0,0,5,22000.0,0.8571428571428571,6,4,0,1,0,42,6,8.0,38000.0,7,1,10000.0
210002,6,3,3,6,6,1,3,3,3,1,1,1,11.0,11.0,1.0,1.0,51.0,21.0,2106.0,3.0,2.0,Kebbi,14,5,0,0,4,126700.0,0.35714285714285715,10,3,2,1,1,42,14,31.0,763000.0,7,0,0.0
210003,8,0,0,8,8,0,0,1,0,0,1,0,11.0,11.0,1.0,1.0,70.0,21.0,2106.0,3.0,2.0,Kebbi,11,3,0,0,3,355000.0,0.2727272727272727,10,10,5,1,1,42,22,59.0,2967700.0,7,0,0.0
210004,7,0,0,7,7,0,3,0,0,1,0,0,15.0,15.0,1.0,1.0,56.0,21.0,2106.0,3.0,2.0,Kebbi,13,2,0,0,2,271000.0,0.15384615384615385,11,3,2,1,1,42,11,31.0,171900.0,7,0,0.0
210005,7,1,2,7,7,1,5,4,4,1,1,1,15.0,15.0,1.0,1.0,48.0,36.0,3607.0,3.0,2.0,Zamfara,13,3,0,0,1,350000.0,0.23076923076923078,9,9,3,1,1,42,18,45.0,1602500.0,7,0,0.0
210006,9,9,2,9,9,1,9,9,1,1,1,1,14.0,14.0,1.0,1.0,59.0,21.0,2106.0,3.0,2.0,Kebbi,13,3,0,0,3,134000.0,0.23076923076923078,10,10,10,1,1,42,27,74.0,2793500.0,7,0,0.0
210007,1,1,0,1,1,1,1,1,0,1,1,0,1.0,1.0,3.0,1.0,33.0,21.0,2106.0,3.0,2.0,Kebbi,1,1,0,0,1,10000.0,1.0,1,1,1,1,1,42,4,4.0,111200.0,7,0,0.0
210008,10,7,3,10,10,1,8,9,0,1,1,0,10.0,10.0,1.0,1.0,67.0,21.0,2106.0,3.0,2.0,Kebbi,12,5,0,0,5,95000.0,0.4166666666666667,12,11,10,1,1,42,13,26.0,383000.0,7,1,560000.0
210009,2,0,0,2,2,0,0,0,0,0,0,0,1.0,1.0,2.0,2.0,54.0,21.0,2106.0,3.0,2.0,Kebbi,2,0,0,0,0,0.0,0.0,2,1,0,1,0,42,3,3.0,14000.0,7,1,20000.0
210010,8,6,1,8,8,1,6,7,0,1,1,0,11.0,11.0,1.0,1.0,61.0,21.0,2106.0,3.0,2.0,Kebbi,11,6,0,0,5,97000.0,0.5454545454545454,10,7,6,1,1,42,26,47.0,2507500.0,7,1,5563000.0
210051,2,0,0,2,2,0,0,0,0,0,0,0,2.0,2.0,3.0,2.0,92.0,26.0,2616.0,1.0,2.0,Niger,3,2,0,0,0,0.0,0.6666666666666666,3,0,0,0,0,42,2,12.0,6800.0,7,0,0.0
210052,2,0,0,2,2,0,0,0,0,0,0,0,3.0,3.0,9.0,2.0,54.0,21.0,2116.0,3.0,2.0,Kebbi,3,3,0,0,0,0.0,1.0,3,0,0,0,0,42,2,6.0,2500.0,7,0,0.0
210053,2,0,0,2,2,0,0,0,0,0,0,0,5.0,5.0,1.0,1.0,75.0,21.0,2116.0,3.0,2.0,Kebbi,3,2,0,0,0,0.0,0.6666666666666666,2,0,0,0,0,42,3,8.0,203000.0,7,0,0.0
210054,4,0,0,4,4,0,0,2,0,0,1,0,6.0,6.0,1.0,1.0,67.0,21.0,2116.0,3.0,2.0,Kebbi,6,5,0,0,0,0.0,0.8333333333333334,6,4,0,1,0,42,6,26.0,285500.0,7,0,0.0
210055,3,0,0,3,3,0,0,0,0,0,0,0,3.0,3.0,1.0,1.0,65.0,21.0,2116.0,3.0,2.0,Kebbi,3,2,0,0,0,0.0,0.6666666666666666,3,1,0,1,0,42,5,8.0,210500.0,7,0,0.0
210056,4,0,0,4,4,0,0,0,0,0,0,0,7.0,7.0,2.0,2.0,57.0,21.0,2116.0,3.0,2.0,Kebbi,7,7,0,0,2,90000.0,1.0,7,1,0,1,0,42,2,9.0,5000.0,7,0,0.0
210057,3,0,0,3,3,0,0,0,0,0,0,0,6.0,6.0,1.0,1.0,56.0,21.0,2116.0,3.0,2.0,Kebbi,6,3,0,0,1,150000.0,0.5,3,1,0,1,0,42,4,11.0,11500.0,7,0,0.0
210058,2,0,0,2,2,0,0,0,0,0,0,0,7.0,7.0,1.0,1.0,64.0,21.0,2116.0,3.0,2.0,Kebbi,6,4,0,0,1,70000.0,0.6666666666666666,5,0,0,0,0,42,2,6.0,48000.0,7,0,0.0
210060,3,0,0,3,3,0,0,1,0,0,1,0,7.0,7.0,1.0,1.0,46.0,21.0,2116.0,3.0,2.0,Kebbi,7,7,0,0,0,0.0,1.0,5,2,0,1,0,42,5,11.0,198500.0,7,0,0.0
219001,8,6,1,8,8,1,6,6,0,1,1,0,15.0,15.0,1.0,1.0,48.0,21.0,2101.0,3.0,1.0,Kebbi,13,3,0,0,3,75000.0,0.23076923076923078,11,9,9,1,1,42,19,34.0,598500.0,7,0,0.0
219002,4,2,0,4,4,1,3,4,0,1,1,0,6.0,6.0,1.0,1.0,31.0,21.0,2101.0,3.0,1.0,Kebbi,5,4,0,0,4,33000.0,0.8,4,4,0,1,0,42,6,10.0,88500.0,7,0,0.0
219003,3,1,0,3,3,1,1,1,0,1,1,0,5.0,5.0,1.0,1.0,66.0,21.0,2101.0,3.0,1.0,Kebbi,6,4,0,0,4,37000.0,0.6666666666666666,5,5,2,1,1,42,14,25.0,415000.0,7,0,0.0
219004,2,0,0,2,2,0,1,0,1,1,0,1,4.0,4.0,1.0,1.0,31.0,21.0,2101.0,3.0,1.0,Kebbi,2,1,0,0,1,15000.0,0.5,2,2,1,1,1,42,12,14.0,198200.0,7,0,0.0
219005,10,0,0,10,10,0,0,0,0,0,0,0,13.0,13.0,1.0,1.0,64.0,21.0,2101.0,3.0,1.0,Kebbi,14,4,2,0,6,303800.0,0.2857142857142857,12,4,3,1,1,42,6,23.0,661500.0,7,0,0.0
219006,2,2,0,2,2,1,2,2,1,1,1,1,6.0,6.0,1.0,1.0,32.0,21.0,2101.0,3.0,1.0,Kebbi,4,2,0,0,2,30000.0,0.5,2,2,1,1,1,42,8,10.0,165000.0,7,0,0.0
219007,4,0,0,4,4,0,2,0,0,1,0,0,8.0,8.0,1.0,1.0,53.0,21.0,2101.0,3.0,1.0,Kebbi,7,1,0,0,1,21000.0,0.14285714285714285,6,2,1,1,1,42,4,19.0,7500.0,7,0,0.0
219008,4,0,0,4,4,0,2,2,1,1,1,1,8.0,8.0,1.0,1.0,61.0,21.0,2101.0,3.0,1.0,Kebbi,8,2,0,0,2,206000.0,0.25,5,3,2,1,1,42,11,23.0,270000.0,7,0,0.0
219009,3,1,1,3,3,1,2,2,0,1,1,0,7.0,7.0,1.0,1.0,36.0,21.0,2101.0,3.0,1.0,Kebbi,5,2,0,0,1,1000.0,0.4,3,2,0,1,0,42,5,5.0,94000.0,7,0,0.0
219010,4,0,0,4,4,0,0,0,0,0,0,0,2.0,2.0,1.0,1.0,49.0,21.0,2101.0,3.0,1.0,Kebbi,7,3,0,0,0,0.0,0.42857142857142855,6,1,0,1,0,42,3,5.0,9500.0,7,0,0.0
219014,2,0,0,2,2,0,0,0,0,0,0,0,4.0,4.0,1.0,1.0,34.0,21.0,2105.0,3.0,2.0,Kebbi,4,4,0,0,0,0.0,1.0,4,1,0,1,0,42,6,12.0,13300.0,7,0,0.0
219015,2,0,0,2,2,0,0,0,0,0,0,0,4.0,4.0,1.0,1.0,44.0,21.0,2105.0,3.0,2.0,Kebbi,4,4,0,0,0,0.0,1.0,3,1,0,1,0,42,5,9.0,192100.0,7,0,0.0
219017,4,0,0,4,4,0,0,0,0,0,0,0,7.0,7.0,1.0,1.0,50.0,21.0,2105.0,3.0,2.0,Kebbi,6,5,0,0,2,155000.0,0.8333333333333334,5,0,0,0,0,42,2,6.0,1350.0,7,0,0.0
219018,4,0,0,4,4,0,0,0,0,0,0,0,7.0,7.0,1.0,1.0,44.0,21.0,2105.0,3.0,2.0,Kebbi,9,5,0,0,1,3000.0,0.5555555555555556,6,1,0,1,0,42,5,10.0,162000.0,7,0,0.0
219020,5,0,0,5,5,0,0,0,0,0,0,0,8.0,8.0,1.0,1.0,64.0,21.0,2105.0,3.0,2.0,Kebbi,8,4,2,0,3,10000.0,0.5,8,1,0,1,0,42,4,10.0,155000.0,7,0,0.0
219022,3,0,0,3,3,0,0,1,0,0,1,0,5.0,5.0,1.0,1.0,49.0,21.0,2105.0,3.0,2.0,Kebbi,6,2,0,0,1,3000.0,0.3333333333333333,4,0,0,0,0,42,3,4.0,37000.0,7,0,0.0
219023,2,0,0,2,2,0,0,0,0,0,0,0,3.0,3.0,1.0,1.0,46.0,21.0,2105.0,3.0,2.0,Kebbi,3,2,0,0,0,0.0,0.6666666666666666,2,1,0,1,0,42,3,4.0,178500.0,7,0,0.0
219024,6,0,0,6,6,0,0,0,0,0,0,0,10.0,10.0,1.0,1.0,61.0,21.0,2105.0,3.0,2.0,Kebbi,10,1,0,0,0,0.0,0.1,8,2,0,1,0,42,3,5.0,163000.0,7,0,0.0
219025,5,1,0,5,5,1,1,1,0,1,1,0,9.0,9.0,1.0,1.0,52.0,21.0,2112.0,3.0,2.0,Kebbi,8,8,0,0,7,56500.0,1.0,7,1,0,1,0,42,6,12.0,119000.0,7,0,0.0
219026,2,0,0,2,2,0,2,1,0,1,1,0,4.0,4.0,1.0,1.0,31.0,21.0,2112.0,3.0,2.0,Kebbi,2,2,0,0,2,25000.0,1.0,2,2,1,1,1,42,7,11.0,176000.0,7,0,0.0
219027,3,0,0,3,3,0,0,0,0,0,0,0,5.0,5.0,1.0,1.0,69.0,21.0,2112.0,3.0,2.0,Kebbi,6,3,0,0,2,215000.0,0.5,5,1,0,1,0,42,3,5.0,6500.0,7,0,0.0
219028,8,0,0,8,8,0,0,1,0,0,1,0,16.0,16.0,1.0,1.0,59.0,21.0,2112.0,3.0,2.0,Kebbi,15,12,0,0,9,92000.0,0.8,12,3,0,1,0,42,3,8.0,31500.0,7,0,0.0
219031,4,0,0,4,4,0,0,0,0,0,0,0,6.0,6.0,1.0,1.0,39.0,21.0,2112.0,3.0,2.0,Kebbi,6,4,0,0,3,259000.0,0.6666666666666666,6,1,0,1,0,42,3,8.0,5200.0,7,0,0.0
219032,3,0,0,3,3,0,0,0,0,0,0,0,7.0,7.0,1.0,1.0,38.0,21.0,2112.0,3.0,2.0,Kebbi,7,1,0,0,1,5000.0,0.14285714285714285,4,1,0,1,0,42,4,8.0,23000.0,7,0,0.0
219033,2,0,0,2,2,0,1,1,0,1,1,0,5.0,5.0,1.0,1.0,33.0,21.0,2112.0,3.0,2.0,Kebbi,5,2,0,0,2,13000.0,0.4,3,1,0,1,0,42,4,5.0,199500.0,7,0,0.0
219034,3,0,0,3,3,0,0,0,0,0,0,0,8.0,8.0,1.0,1.0,46.0,21.0,2112.0,3.0,2.0,Kebbi,8,2,1,0,1,1500.0,0.25,4,1,0,1,0,42,4,8.0,8000.0,7,0,0.0
219035,2,0,0,2,2,0,0,0,0,0,0,0,5.0,5.0,1.0,1.0,31.0,21.0,2112.0,3.0,2.0,Kebbi,5,1,0,0,0,0.0,0.2,3,0,0,0,0,42,3,5.0,5000.0,7,0,0.0
219036,6,0,0,6,6,0,0,1,0,0,1,0,5.0,5.0,1.0,1.0,44.0,21.0,2112.0,3.0,2.0,Kebbi,10,5,0,0,3,5000.0,0.5,6,3,0,1,0,42,5,9.0,180000.0,7,0,0.0
219038,3,0,0,3,3,0,0,0,0,0,0,0,10.0,10.0,1.0,1.0,41.0,21.0,2113.0,3.0,2.0,Kebbi,10,6,0,0,6,801000.0,0.6,5,1,0,1,0,42,5,11.0,9100.0,7,0,0.0
219039,3,0,0,3,3,0,1,1,0,1,1,0,1.0,1.0,1.0,2.0,98.0,21.0,2113.0,3.0,2.0,Kebbi,3,1,0,0,0,0.0,0.3333333333333333,3,1,0,1,0,42,7,9.0,111500.0,7,0,0.0
219040,3,0,0,3,3,0,0,0,0,0,0,0,4.0,4.0,1.0,1.0,39.0,21.0,2113.0,3.0,2.0,Kebbi,4,4,0,0,3,7000.0,1.0,4,0,0,0,0,42,3,5.0,7100.0,7,0,0.0
219041,7,4,0,7,7,1,4,4,0,1,1,0,9.0,9.0,1.0,1.0,62.0,21.0,2113.0,3.0,2.0,Kebbi,9,9,0,0,6,60000.0,1.0,9,5,1,1,1,42,9,20.0,180500.0,7,0,0.0
219042,4,0,0,4,4,0,1,0,0,1,0,0,10.0,10.0,1.0,1.0,50.0,21.0,2113.0,3.0,2.0,Kebbi,11,3,0,0,1,5000.0,0.2727272727272727,9,1,0,1,0,42,4,10.0,31400.0,7,0,0.0
219043,4,0,0,4,4,0,0,1,0,0,1,0,3.0,3.0,1.0,1.0,55.0,21.0,2113.0,3.0,2.0,Kebbi,6,4,0,0,3,30000.0,0.6666666666666666,5,0,0,0,0,42,2,3.0,12500.0,7,0,0.0
219045,5,0,0,5,5,0,1,0,0,1,0,0,10.0,10.0,1.0,1.0,53.0,21.0,2113.0,3.0,2.0,Kebbi,10,5,0,0,4,40500.0,0.5,8,3,1,1,1,42,7,25.0,68000.0,7,0,0.0
219047,2,1,0,2,2,1,0,1,0,0,1,0,3.0,3.0,1.0,1.0,36.0,21.0,2113.0,3.0,2.0,Kebbi,4,2,0,0,2,33000.0,0.5,2,1,0,1,0,42,5,5.0,205000.0,7,0,0.0
219049,2,0,0,2,2,0,0,0,0,0,0,0,4.0,4.0,2.0,2.0,28.0,21.0,2116.0,3.0,2.0,Kebbi,4,3,0,0,2,9500.0,0.75,2,0,0,0,0,42,4,17.0,7700.0,7,0,0.0
219051,3,0,0,3,3,0,0,0,0,0,0,0,5.0,5.0,1.0,1.0,44.0,21.0,2116.0,3.0,2.0,Kebbi,6,0,3,0,3,18000.0,0.0,3,1,0,1,0,42,4,5.0,181500.0,7,0,0.0
219052,2,0,0,2,2,0,0,0,0,0,0,0,2.0,2.0,1.0,1.0,40.0,21.0,2116.0,3.0,2.0,Kebbi,2,0,2,0,2,11500.0,0.0,2,1,0,1,0,42,4,7.0,13500.0,7,0,0.0
219054,1,0,0,1,1,0,0,0,0,0,0,0,6.0,6.0,1.0,2.0,51.0,21.0,2116.0,3.0,2.0,Kebbi,8,4,0,0,1,5000.0,0.5,4,1,0,1,0,42,3,6.0,11500.0,7,0,0.0
219055,2,0,0,2,2,0,0,0,0,0,0,0,2.0,2.0,1.0,1.0,39.0,21.0,2116.0,3.0,2.0,Kebbi,3,2,0,0,2,40000.0,0.6666666666666666,3,1,0,1,0,42,4,7.0,25900.0,7,0,0.0
219056,2,0,0,2,2,0,0,0,0,0,0,0,2.0,2.0,1.0,2.0,62.0,21.0,2116.0,3.0,2.0,Kebbi,2,1,0,0,1,3000.0,0.5,2,0,0,0,0,42,3,4.0,7000.0,7,0,0.0
219057,3,0,0,3,3,0,0,0,0,0,0,0,10.0,10.0,1.0,1.0,53.0,21.0,2116.0,3.0,2.0,Kebbi,9,4,0,0,4,5200.0,0.4444444444444444,6,2,0,1,0,42,5,15.0,12500.0,7,0,0.0
219058,3,0,1,3,3,1,0,0,0,0,0,0,7.0,7.0,1.0,1.0,36.0,21.0,2116.0,3.0,2.0,Kebbi,7,2,0,0,1,300000.0,0.2857142857142857,4,4,0,1,0,42,5,18.0,31300.0,7,0,0.0
219059,7,0,0,7,7,0,0,0,0,0,0,0,10.0,10.0,1.0,1.0,63.0,21.0,2116.0,3.0,2.0,Kebbi,12,3,5,0,8,62000.0,0.25,11,3,0,1,0,42,6,12.0,208000.0,7,0,0.0
219060,6,0,0,6,6,0,0,0,0,0,0,0,8.0,8.0,1.0,1.0,49.0,21.0,2116.0,3.0,2.0,Kebbi,10,3,4,0,7,34000.0,0.3,9,1,0,1,0,42,5,10.0,27500.0,7,0,0.0
219076,6,0,0,6,6,0,0,0,0,0,0,0,15.0,15.0,1.0,1.0,52.0,21.0,2105.0,3.0,2.0,Kebbi,15,11,0,0,4,271500.0,0.7333333333333333,9,1,0,1,0,42,5,19.0,206000.0,7,0,0.0
220011,3,1,0,3,3,1,1,0,0,1,0,0,3.0,3.0,4.0,1.0,23.0,22.0,2211.0,1.0,2.0,Kogi,5,5,0,0,3,265000.0,1.0,5,5,5,1,1,42,5,7.0,136000.0,7,0,0.0
220012,4,1,1,4,4,1,1,1,1,1,1,1,4.0,4.0,1.0,1.0,47.0,22.0,2211.0,1.0,2.0,Kogi,6,3,0,0,3,49000.0,0.5,6,4,0,1,0,42,10,20.0,353900.0,7,1,12000.0
220013,5,0,0,5,5,0,0,5,0,0,1,0,13.0,13.0,1.0,1.0,55.0,22.0,2211.0,1.0,2.0,Kogi,13,2,0,0,0,0.0,0.15384615384615385,9,9,8,1,1,42,4,6.0,313000.0,7,0,0.0
220014,1,0,1,1,1,1,0,0,1,0,0,1,1.0,1.0,2.0,2.0,56.0,22.0,2211.0,1.0,2.0,Kogi,1,1,0,0,1,85000.0,1.0,1,0,0,0,0,42,3,5.0,31700.0,7,0,0.0
220015,3,0,0,3,3,0,0,1,0,0,1,0,4.0,4.0,2.0,2.0,85.0,22.0,2211.0,1.0,2.0,Kogi,4,2,0,0,2,19500.0,0.5,4,3,0,1,0,42,1,2.0,800.0,7,1,40000.0
220016,8,1,0,8,8,1,0,0,0,0,0,0,16.0,16.0,1.0,1.0,56.0,22.0,2211.0,1.0,2.0,Kogi,16,8,0,0,2,23000.0,0.5,12,2,0,1,0,42,6,11.0,236500.0,7,2,35000.0
220017,8,0,0,8,8,0,0,1,0,0,1,0,8.0,8.0,1.0,1.0,65.0,22.0,2211.0,1.0,2.0,Kogi,8,2,0,0,1,4500.0,0.25,8,2,0,1,0,42,8,11.0,361500.0,7,1,20000.0
220018,5,4,2,5,5,1,0,3,3,0,1,1,7.0,7.0,8.0,1.0,54.0,22.0,2211.0,1.0,2.0,Kogi,7,3,0,0,1,5000.0,0.42857142857142855,7,4,0,1,0,42,5,5.0,425200.0,7,1,15000.0
220019,7,0,0,7,7,0,0,2,1,0,1,1,17.0,17.0,19.0,1.0,50.0,22.0,2211.0,1.0,2.0,Kogi,15,7,0,0,3,17500.0,0.4666666666666667,11,10,1,1,1,42,2,3.0,43000.0,7,1,25000.0
220020,8,1,0,8,8,1,1,0,0,1,0,0,14.0,14.0,1.0,1.0,49.0,22.0,2211.0,1.0,2.0,Kogi,11,2,0,0,1,250000.0,0.18181818181818182,9,8,9,1,1,42,7,11.0,407500.0,7,0,0.0
220021,3,2,2,3,3,1,2,2,2,1,1,1,6.0,6.0,1.0,1.0,49.0,22.0,2216.0,1.0,1.0,Kogi,6,2,0,0,2,22500.0,0.3333333333333333,6,2,2,1,1,42,9,9.0,403500.0,7,1,15000.0
220022,2,0,0,2,2,0,2,2,2,1,1,1,1.0,1.0,1.0,1.0,77.0,22.0,2216.0,1.0,1.0,Kogi,2,0,0,1,1,0.0,0.0,2,2,1,1,1,42,10,22.0,104500.0,7,0,0.0
220024,2,0,0,2,2,0,0,0,0,0,0,0,3.0,3.0,1.0,1.0,35.0,22.0,2216.0,1.0,1.0,Kogi,2,1,0,0,1,2500.0,0.5,2,1,1,1,1,42,4,4.0,80000.0,7,1,15000.0
220025,2,2,0,2,2,1,2,2,2,1,1,1,2.0,2.0,1401.0,1.0,47.0,22.0,2216.0,1.0,1.0,Kogi,3,3,0,0,1,15000.0,1.0,2,2,2,1,1,42,7,9.0,226700.0,7,0,0.0
220026,3,0,0,3,3,0,1,0,0,1,0,0,7.0,7.0,1.0,1.0,56.0,22.0,2216.0,1.0,1.0,Kogi,6,1,0,0,1,2500.0,0.16666666666666666,5,2,0,1,0,42,5,7.0,127000.0,7,1,20000.0
220027,3,2,1,3,3,1,2,0,2,1,0,1,7.0,7.0,1.0,1.0,47.0,22.0,2216.0,1.0,1.0,Kogi,6,3,0,0,1,20000.0,0.5,4,4,3,1,1,42,7,15.0,262000.0,7,0,0.0
220028,4,0,0,4,4,0,3,4,4,1,1,1,6.0,6.0,1.0,1.0,45.0,22.0,2216.0,1.0,1.0,Kogi,6,2,2,0,3,70000.0,0.3333333333333333,6,4,2,1,1,42,6,11.0,238100.0,7,0,0.0
220029,4,0,1,4,4,1,1,0,0,1,0,0,4.0,4.0,1.0,1.0,54.0,22.0,2216.0,1.0,1.0,Kogi,4,1,1,0,2,4500.0,0.25,4,0,0,0,0,42,3,4.0,71500.0,7,1,10000.0
220051,4,0,0,4,4,0,4,4,4,1,1,1,4.0,4.0,1.0,1.0,65.0,22.0,2220.0,1.0,1.0,Kogi,4,4,0,0,0,0.0,1.0,4,4,2,1,1,42,2,2.0,167000.0,7,0,0.0
220052,5,2,1,5,5,1,4,5,4,1,1,1,4.0,4.0,1.0,1.0,75.0,22.0,2220.0,1.0,1.0,Kogi,5,2,0,0,1,24000.0,0.4,5,5,1,1,1,42,16,26.0,866800.0,7,0,0.0
220053,2,0,0,2,2,0,2,0,0,1,0,0,2.0,2.0,2.0,2.0,82.0,22.0,2220.0,1.0,1.0,Kogi,2,1,0,0,1,3000.0,0.5,2,0,0,0,0,42,7,10.0,380000.0,7,1,6000.0
220054,4,3,3,4,4,1,3,0,1,1,0,1,4.0,4.0,1.0,1.0,59.0,22.0,2220.0,1.0,1.0,Kogi,4,2,0,0,2,400000.0,0.5,4,4,4,1,1,42,10,19.0,2240500.0,7,0,0.0
220055,4,0,0,4,4,0,1,0,0,1,0,0,6.0,6.0,2.0,1.0,36.0,22.0,2220.0,1.0,1.0,Kogi,6,2,0,0,1,15000.0,0.3333333333333333,5,2,1,1,1,42,4,5.0,42800.0,7,1,20000.0
220056,3,0,0,3,3,0,1,0,0,1,0,0,3.0,3.0,2.0,2.0,48.0,22.0,2220.0,1.0,1.0,Kogi,3,2,0,0,1,20000.0,0.6666666666666666,3,1,0,1,0,42,4,7.0,166000.0,7,1,12000.0
220057,4,0,1,4,4,1,3,3,4,1,1,1,8.0,8.0,1.0,1.0,89.0,22.0,2220.0,1.0,1.0,Kogi,9,3,0,0,0,0.0,0.3333333333333333,6,4,2,1,1,42,5,9.0,205700.0,7,2,105000.0
220059,6,0,0,6,6,0,5,6,6,1,1,1,8.0,8.0,4.0,2.0,68.0,22.0,2220.0,1.0,1.0,Kogi,8,5,0,0,1,16000.0,0.625,7,5,2,1,1,42,10,21.0,78100.0,7,1,32000.0
220060,2,0,0,2,2,0,0,0,2,0,0,1,2.0,2.0,2.0,2.0,68.0,22.0,2220.0,1.0,1.0,Kogi,3,3,0,0,0,0.0,1.0,3,3,1,1,1,42,4,5.0,181000.0,7,0,0.0
220111,4,2,2,4,4,1,2,2,1,1,1,1,5.0,5.0,5.0,1.0,27.0,22.0,2203.0,1.0,2.0,Kogi,5,2,0,0,2,80000.0,0.4,5,5,1,1,1,42,6,16.0,30200.0,7,0,0.0
220112,2,0,0,2,2,0,0,0,0,0,0,0,5.0,5.0,3.0,1.0,30.0,22.0,2203.0,1.0,2.0,Kogi,3,2,0,0,0,0.0,0.6666666666666666,2,2,0,1,0,42,6,7.0,358800.0,7,1,6000.0
220113,8,0,0,8,8,0,1,1,1,1,1,1,9.0,9.0,1.0,1.0,56.0,22.0,2203.0,1.0,2.0,Kogi,9,4,0,0,3,60000.0,0.4444444444444444,9,1,0,1,0,42,4,4.0,86000.0,7,1,15000.0
220114,9,1,1,9,9,1,1,3,0,1,1,0,14.0,14.0,1.0,1.0,81.0,22.0,2203.0,1.0,2.0,Kogi,12,3,0,0,3,50000.0,0.25,10,5,1,1,1,42,6,19.0,309300.0,7,0,0.0
220115,5,0,0,5,5,0,2,1,0,1,1,0,5.0,5.0,5.0,2.0,48.0,22.0,2203.0,1.0,2.0,Kogi,5,5,0,0,5,300000.0,1.0,5,4,5,1,1,42,8,17.0,453500.0,7,0,0.0
220116,4,1,1,4,4,1,1,0,0,1,0,0,4.0,4.0,1.0,1.0,63.0,22.0,2203.0,1.0,2.0,Kogi,4,2,0,1,4,720000.0,0.5,4,4,4,1,1,42,6,12.0,561500.0,7,0,0.0
220117,2,0,0,2,2,0,2,0,0,1,0,0,6.0,6.0,8.0,1.0,32.0,22.0,2203.0,1.0,2.0,Kogi,4,3,0,0,4,350000.0,0.75,4,3,4,1,1,42,6,10.0,413500.0,7,0,0.0
220118,3,2,1,3,3,1,1,2,2,1,1,1,3.0,3.0,2.0,2.0,76.0,22.0,2203.0,1.0,2.0,Kogi,3,1,0,0,1,15000.0,0.3333333333333333,3,2,1,1,1,42,7,8.0,133500.0,7,1,35000.0
220119,2,0,0,2,2,0,0,0,0,0,0,0,2.0,2.0,1.0,1.0,70.0,22.0,2203.0,1.0,2.0,Kogi,2,0,1,0,1,25000.0,0.0,2,0,0,0,0,42,2,4.0,1700.0,7,1,120000.0
220120,6,3,2,6,6,1,4,5,1,1,1,1,13.0,13.0,1.0,1.0,49.0,22.0,2203.0,1.0,2.0,Kogi,12,4,1,0,5,45000.0,0.3333333333333333,10,8,7,1,1,42,9,29.0,70600.0,7,1,21000.0
229002,6,0,0,6,6,0,2,1,0,1,1,0,7.0,7.0,1.0,1.0,62.0,22.0,2203.0,1.0,2.0,Kogi,8,3,0,0,2,10000.0,0.375,7,7,7,1,1,42,6,16.0,435500.0,7,0,0.0
229003,3,0,0,3,3,0,0,0,0,0,0,0,5.0,5.0,1.0,1.0,42.0,22.0,2203.0,1.0,2.0,Kogi,5,1,0,0,1,50000.0,0.2,3,1,0,1,0,42,4,4.0,53000.0,7,1,3000.0
229004,9,0,0,9,9,0,1,1,0,1,1,0,14.0,14.0,1.0,1.0,99.0,22.0,2203.0,1.0,2.0,Kogi,14,3,0,0,2,55000.0,0.21428571428571427,11,4,0,1,0,42,4,5.0,119000.0,7,1,50000.0
229005,6,0,0,6,6,0,0,0,0,0,0,0,8.0,8.0,1.0,1.0,61.0,22.0,2203.0,1.0,2.0,Kogi,8,8,0,0,8,43500.0,1.0,8,1,0,1,0,42,4,6.0,361500.0,7,1,5000.0
229006,1,0,0,1,1,0,0,0,0,0,0,0,1.0,1.0,1.0,2.0,56.0,22.0,2203.0,1.0,2.0,Kogi,2,0,0,0,0,0.0,0.0,1,0,0,0,0,42,0,0.0,0.0,7,0,0.0
229007,5,0,0,5,5,0,0,0,0,0,0,0,10.0,10.0,1.0,1.0,57.0,22.0,2203.0,1.0,2.0,Kogi,10,5,0,0,4,280000.0,0.5,7,6,3,1,1,42,4,8.0,136000.0,7,0,0.0
229009,2,0,0,2,2,0,0,1,0,0,1,0,2.0,2.0,1.0,2.0,29.0,22.0,2203.0,1.0,2.0,Kogi,3,2,0,0,1,5000.0,0.6666666666666666,2,2,0,1,0,42,5,6.0,136400.0,7,0,0.0
229010,4,0,0,4,4,0,1,0,0,1,0,0,5.0,5.0,1.0,1.0,52.0,22.0,2203.0,1.0,2.0,Kogi,5,2,0,0,1,3500.0,0.4,5,5,3,1,1,42,6,13.0,426500.0,7,0,0.0
229011,3,1,0,3,3,1,1,0,2,1,0,1,5.0,5.0,1.0,2.0,90.0,22.0,2203.0,1.0,2.0,Kogi,5,3,0,0,0,0.0,0.6,4,3,4,1,1,42,11,21.0,463000.0,7,0,0.0
229012,3,1,1,3,3,1,2,1,1,1,1,1,3.0,3.0,1.0,2.0,64.0,22.0,2203.0,1.0,2.0,Kogi,3,3,0,0,1,0.0,1.0,3,3,1,1,1,42,3,7.0,8000.0,7,2,40800.0
229014,2,1,2,2,2,1,2,2,2,1,1,1,4.0,4.0,1.0,1.0,41.0,22.0,2208.0,1.0,2.0,Kogi,5,3,0,0,0,0.0,0.6,5,4,0,1,0,42,5,6.0,12700.0,7,0,0.0
229015,3,0,0,3,3,0,0,0,0,0,0,0,5.0,5.0,1.0,1.0,46.0,22.0,2208.0,1.0,2.0,Kogi,5,3,0,0,2,9000.0,0.6,5,1,1,1,1,42,4,5.0,53200.0,7,1,8000.0
229016,1,0,0,1,1,0,0,0,0,0,0,0,1.0,1.0,1.0,1.0,24.0,22.0,2208.0,1.0,2.0,Kogi,1,1,0,0,1,200000.0,1.0,1,1,0,1,0,42,2,2.0,256000.0,7,0,0.0
229017,3,1,0,3,3,1,1,1,2,1,1,1,3.0,3.0,1.0,1.0,89.0,22.0,2208.0,1.0,2.0,Kogi,3,1,0,0,1,3000.0,0.3333333333333333,3,3,1,1,1,42,1,2.0,6500.0,7,0,0.0
229018,5,0,0,5,5,0,2,0,0,1,0,0,7.0,7.0,1.0,1.0,35.0,22.0,2208.0,1.0,2.0,Kogi,6,3,0,0,2,45000.0,0.5,5,3,2,1,1,42,5,6.0,424500.0,7,1,20000.0
229020,4,1,1,4,4,1,1,1,0,1,1,0,7.0,7.0,4.0,2.0,33.0,22.0,2208.0,1.0,2.0,Kogi,6,6,0,0,1,150000.0,1.0,6,6,6,1,1,42,5,12.0,217500.0,7,0,0.0
229021,2,0,1,2,2,1,0,0,0,0,0,0,4.0,4.0,1.0,1.0,35.0,22.0,2208.0,1.0,2.0,Kogi,4,3,0,0,3,500000.0,0.75,3,3,3,1,1,42,3,3.0,108000.0,7,0,0.0
229023,5,1,0,5,5,1,3,1,0,1,1,0,5.0,5.0,1.0,1.0,69.0,22.0,2208.0,1.0,2.0,Kogi,5,2,0,0,1,20000.0,0.4,5,0,0,0,0,42,5,5.0,91500.0,7,1,18000.0
229024,2,0,0,2,2,0,0,0,0,0,0,0,4.0,4.0,1.0,1.0,23.0,22.0,2208.0,1.0,2.0,Kogi,3,1,0,0,1,4500.0,0.3333333333333333,3,3,0,1,0,42,5,5.0,290500.0,7,1,3.0
229025,3,0,0,3,3,0,0,0,0,0,0,0,3.0,3.0,1.0,1.0,64.0,22.0,2208.0,1.0,2.0,Kogi,3,2,0,0,1,4000.0,0.6666666666666666,3,2,0,1,0,42,4,5.0,265000.0,7,1,15000.0
229026,1,0,0,1,1,0,0,0,0,0,0,0,3.0,3.0,1.0,2.0,31.0,22.0,2208.0,1.0,2.0,Kogi,2,1,0,0,1,200000.0,0.5,1,0,0,0,0,42,5,8.0,129500.0,7,0,0.0
229028,4,1,0,4,4,1,1,1,1,1,1,1,8.0,8.0,1.0,1.0,36.0,22.0,2208.0,1.0,2.0,Kogi,6,6,0,0,0,0.0,1.0,5,5,2,1,1,42,3,5.0,7600.0,7,0,0.0
229029,2,0,0,2,2,0,0,0,0,0,0,0,2.0,2.0,1.0,2.0,82.0,22.0,2208.0,1.0,2.0,Kogi,2,1,0,0,0,0.0,0.5,2,1,0,1,0,42,2,2.0,8700.0,7,0,0.0
229031,3,0,0,3,3,0,1,0,0,1,0,0,4.0,4.0,1.0,2.0,52.0,22.0,2208.0,1.0,2.0,Kogi,4,4,0,0,2,35000.0,1.0,4,1,0,1,0,42,6,7.0,215000.0,7,1,9000.0
229032,2,0,0,2,2,0,0,0,0,0,0,0,6.0,6.0,1.0,1.0,35.0,22.0,2208.0,1.0,2.0,Kogi,6,4,0,0,3,400000.0,0.6666666666666666,4,4,0,1,0,42,3,5.0,133500.0,7,0,0.0
229033,1,0,0,1,1,0,0,0,0,0,0,0,1.0,1.0,1.0,2.0,82.0,22.0,2208.0,1.0,2.0,Kogi,1,1,0,0,1,150000.0,1.0,1,1,0,1,0,42,4,5.0,104000.0,7,0,0.0
229035,7,0,0,7,7,0,0,0,0,0,0,0,14.0,14.0,1.0,1.0,46.0,22.0,2208.0,1.0,2.0,Kogi,14,4,0,0,3,8500.0,0.2857142857142857,8,3,0,1,0,42,6,7.0,300400.0,7,1,5000.0
229036,3,0,0,3,3,0,2,2,0,1,1,0,4.0,4.0,1.0,1.0,36.0,22.0,2208.0,1.0,2.0,Kogi,4,3,0,0,0,0.0,0.75,3,3,2,1,1,42,2,4.0,6100.0,7,0,0.0
229037,2,1,0,2,2,1,1,0,2,1,0,1,3.0,3.0,2.0,2.0,51.0,22.0,2213.0,1.0,1.0,Kogi,3,1,0,0,1,30000.0,0.3333333333333333,2,1,2,1,1,42,8,12.0,259000.0,7,0,0.0
229038,2,1,0,2,2,1,1,0,2,1,0,1,4.0,4.0,1.0,1.0,37.0,22.0,2213.0,1.0,1.0,Kogi,4,2,0,0,2,29000.0,0.5,2,1,1,1,1,42,2,3.0,10000.0,7,0,0.0
229039,4,1,0,4,4,1,1,0,1,1,0,1,4.0,4.0,1.0,1.0,65.0,22.0,2213.0,1.0,1.0,Kogi,4,3,0,0,3,550000.0,0.75,4,4,0,1,0,42,5,10.0,142500.0,7,0,0.0
229040,2,0,0,2,2,0,0,0,0,0,0,0,2.0,2.0,1.0,2.0,52.0,22.0,2213.0,1.0,1.0,Kogi,2,1,0,0,0,0.0,0.5,2,0,0,0,0,42,3,4.0,29000.0,7,1,20000.0
229041,2,0,0,2,2,0,1,2,2,1,1,1,5.0,5.0,1.0,1.0,49.0,22.0,2213.0,1.0,1.0,Kogi,3,2,0,0,2,52000.0,0.6666666666666666,2,2,0,1,0,42,5,8.0,233500.0,7,1,110000.0
229042,4,0,0,4,4,0,0,0,0,0,0,0,7.0,7.0,1.0,1.0,42.0,22.0,2213.0,1.0,1.0,Kogi,6,4,0,0,3,5500.0,0.6666666666666666,6,2,1,1,1,42,7,12.0,273000.0,7,1,25000.0
229044,2,0,0,2,2,0,0,0,0,0,0,0,6.0,6.0,1.0,1.0,35.0,22.0,2213.0,1.0,1.0,Kogi,4,1,0,0,1,1500.0,0.25,2,0,0,0,0,42,4,4.0,63500.0,7,1,15000.0
229046,4,0,0,4,4,0,3,3,4,1,1,1,5.0,5.0,1.0,2.0,85.0,22.0,2213.0,1.0,1.0,Kogi,5,3,0,0,0,0.0,0.6,5,3,3,1,1,42,9,16.0,207500.0,7,0,0.0
229047,4,1,0,4,4,1,1,1,1,1,1,1,6.0,6.0,101.0,1.0,30.0,22.0,2213.0,1.0,1.0,Kogi,5,1,0,0,1,1500.0,0.2,5,1,0,1,0,42,5,6.0,323500.0,7,1,35000.0
229048,2,1,2,2,2,1,1,0,2,1,0,1,4.0,4.0,1.0,1.0,32.0,22.0,2213.0,1.0,1.0,Kogi,3,2,0,0,1,8000.0,0.6666666666666666,2,2,0,1,0,42,6,9.0,2144200.0,7,0,0.0
229049,4,0,0,4,4,0,2,3,3,1,1,1,4.0,4.0,1.0,2.0,73.0,22.0,2216.0,1.0,1.0,Kogi,5,3,0,0,0,0.0,0.6,4,4,3,1,1,42,9,13.0,170850.0,7,0,0.0
229050,2,0,0,2,2,0,0,0,0,0,0,0,3.0,3.0,1.0,1.0,45.0,22.0,2216.0,1.0,1.0,Kogi,2,2,0,0,1,1500.0,1.0,2,2,0,1,0,42,6,8.0,313800.0,7,1,15000.0
229051,3,1,1,3,3,1,0,0,1,0,0,1,7.0,7.0,1.0,1.0,44.0,22.0,2216.0,1.0,1.0,Kogi,7,5,0,0,1,180000.0,0.7142857142857143,5,5,1,1,1,42,5,11.0,420200.0,7,0,0.0
229052,2,1,0,2,2,1,2,2,0,1,1,0,6.0,6.0,1.0,1.0,39.0,22.0,2216.0,1.0,1.0,Kogi,5,2,1,0,3,4500.0,0.4,4,2,1,1,1,42,5,7.0,312000.0,7,2,30000.0
229053,2,0,0,2,2,0,1,2,2,1,1,1,6.0,6.0,1.0,1.0,40.0,22.0,2216.0,1.0,1.0,Kogi,5,3,0,0,0,0.0,0.6,3,2,1,1,1,42,10,13.0,231600.0,7,0,0.0
229056,3,3,0,3,3,1,1,0,3,1,0,1,5.0,5.0,1.0,1.0,52.0,22.0,2216.0,1.0,1.0,Kogi,5,5,0,0,0,0.0,1.0,5,5,4,1,1,42,5,7.0,437000.0,7,0,0.0
229057,3,1,0,3,3,1,2,0,0,1,0,0,4.0,4.0,1.0,1.0,41.0,28.0,2805.0,6.0,1.0,Ondo,5,3,0,0,2,35000.0,0.6,5,5,5,1,1,42,18,28.0,638500.0,7,0,0.0
229058,2,1,0,2,2,1,0,0,2,0,0,1,1.0,1.0,1.0,2.0,54.0,22.0,2216.0,1.0,1.0,Kogi,2,1,0,0,0,0.0,0.5,2,1,0,1,0,42,5,5.0,155000.0,7,0,0.0
229059,2,1,0,2,2,1,1,1,1,1,1,1,2.0,2.0,1.0,2.0,74.0,22.0,2216.0,1.0,1.0,Kogi,2,1,0,0,1,2500.0,0.5,2,0,0,0,0,42,4,4.0,53500.0,7,1,12000.0
229060,3,2,0,3,3,1,1,0,2,1,0,1,5.0,5.0,1.0,1.0,44.0,22.0,2216.0,1.0,1.0,Kogi,5,4,0,0,0,0.0,0.8,4,4,4,1,1,42,9,16.0,638000.0,7,0,0.0
229061,2,0,0,2,2,0,0,0,0,0,0,0,2.0,2.0,1.0,2.0,75.0,22.0,2216.0,1.0,1.0,Kogi,2,2,0,0,2,3000.0,1.0,2,0,0,0,0,42,4,4.0,23500.0,7,0,0.0
229063,2,0,0,2,2,0,1,1,2,1,1,1,6.0,6.0,1.0,1.0,37.0,22.0,2216.0,1.0,1.0,Kogi,6,2,0,0,2,18000.0,0.3333333333333333,3,3,1,1,1,42,11,16.0,689900.0,7,0,0.0
229064,3,2,0,3,3,1,1,0,2,1,0,1,5.0,5.0,1.0,1.0,32.0,22.0,2216.0,1.0,1.0,Kogi,5,5,0,0,0,0.0,1.0,4,4,4,1,1,42,4,7.0,189500.0,7,0,0.0
229065,7,0,0,7,7,0,0,0,0,0,0,0,12.0,12.0,1.0,1.0,40.0,22.0,2216.0,1.0,1.0,Kogi,10,3,1,0,4,9000.0,0.3,9,1,1,1,1,42,8,16.0,366000.0,7,1,30000.0
229070,2,1,1,2,2,1,1,0,2,1,0,1,5.0,5.0,1.0,1.0,44.0,22.0,2216.0,1.0,1.0,Kogi,4,4,0,0,0,0.0,1.0,4,4,1,1,1,42,5,10.0,172900.0,7,0,0.0
229071,1,0,0,1,1,0,0,0,0,0,0,0,1.0,1.0,1.0,2.0,49.0,22.0,2216.0,1.0,1.0,Kogi,1,1,0,0,1,2500.0,1.0,1,1,0,1,0,42,1,1.0,40000.0,7,1,20000.0
229072,2,2,0,2,2,1,2,1,0,1,1,0,2.0,2.0,1.0,1.0,31.0,37.0,3703.0,1.0,1.0,FCT,2,2,0,0,2,50000.0,1.0,2,2,2,1,1,42,13,14.0,295000.0,7,0,0.0
229087,6,1,1,6,6,1,3,6,2,1,1,1,12.0,12.0,1.0,1.0,88.0,22.0,2208.0,1.0,2.0,Kogi,12,7,0,0,1,12000.0,0.5833333333333334,10,8,3,1,1,42,4,15.0,8600.0,7,0,0.0
229090,2,0,0,2,2,0,0,0,0,0,0,0,3.0,3.0,1.0,1.0,40.0,22.0,2208.0,1.0,2.0,Kogi,3,2,0,0,2,400000.0,0.6666666666666666,2,2,0,1,0,42,5,6.0,132000.0,7,0,0.0
229094,2,2,0,2,2,1,2,0,2,1,0,1,4.0,4.0,1.0,1.0,35.0,22.0,2216.0,1.0,1.0,Kogi,4,2,0,0,0,0.0,0.5,2,2,2,1,1,42,7,12.0,222100.0,7,0,0.0
230011,2,0,0,2,2,0,1,0,0,1,0,0,2.0,2.0,1.0,1.0,89.0,23.0,2307.0,1.0,1.0,Kwara,2,0,0,0,0,0.0,0.0,2,2,0,1,0,42,11,22.0,82800.0,7,1,360000.0
230013,3,2,1,3,3,1,1,0,2,1,0,1,2.0,2.0,1.0,1.0,57.0,23.0,2307.0,1.0,1.0,Kwara,3,2,0,0,2,69200.0,0.6666666666666666,3,3,0,1,0,42,11,20.0,3715000.0,7,1,30000.0
230014,2,2,2,2,2,1,2,2,0,1,1,0,9.0,9.0,1.0,1.0,42.0,23.0,2307.0,1.0,1.0,Kwara,7,3,0,0,2,45000.0,0.42857142857142855,4,3,2,1,1,42,12,16.0,31200.0,7,2,75000.0
230015,5,3,3,5,5,1,4,0,4,1,0,1,5.0,5.0,2.0,2.0,58.0,23.0,2307.0,1.0,1.0,Kwara,6,3,0,0,3,5000.0,0.5,5,5,4,1,1,42,5,9.0,10500.0,7,2,130000.0
230016,5,2,0,5,5,1,3,2,0,1,1,0,8.0,8.0,1.0,1.0,57.0,23.0,2307.0,1.0,1.0,Kwara,8,1,0,1,2,160000.0,0.125,6,4,4,1,1,42,15,25.0,1071500.0,7,1,50000.0
230017,2,2,0,2,2,1,2,2,0,1,1,0,5.0,5.0,1.0,1.0,43.0,23.0,2307.0,1.0,1.0,Kwara,5,1,1,0,2,35000.0,0.2,3,3,2,1,1,42,10,14.0,168500.0,7,0,0.0
230018,5,3,2,5,5,1,5,4,0,1,1,0,5.0,5.0,1.0,1.0,64.0,23.0,2307.0,1.0,1.0,Kwara,5,1,1,1,3,72000.0,0.2,5,5,3,1,1,42,15,22.0,354500.0,7,0,0.0
230019,2,0,0,2,2,0,1,2,1,1,1,1,3.0,3.0,1.0,2.0,65.0,23.0,2307.0,1.0,1.0,Kwara,3,1,0,0,1,20000.0,0.3333333333333333,3,2,1,1,1,42,11,15.0,231500.0,7,0,0.0
230020,2,1,0,2,2,1,1,1,1,1,1,1,4.0,4.0,1.0,2.0,62.0,23.0,2307.0,1.0,1.0,Kwara,4,1,0,0,1,3000.0,0.25,2,2,1,1,1,42,9,11.0,134000.0,7,0,0.0
230071,5,0,0,5,5,0,1,1,0,1,1,0,7.0,7.0,1.0,1.0,48.0,23.0,2304.0,1.0,2.0,Kwara,10,3,0,0,3,33000.0,0.3,8,2,1,1,1,42,7,17.0,100500.0,7,0,0.0
230072,3,1,2,3,3,1,3,0,3,1,0,1,1.0,1.0,1.0,1.0,45.0,23.0,2304.0,1.0,2.0,Kwara,5,3,0,0,2,4500.0,0.6,4,4,0,1,0,42,12,20.0,74700.0,7,0,0.0
230073,3,2,2,3,3,1,2,0,0,1,0,0,4.0,4.0,1.0,1.0,71.0,23.0,2304.0,1.0,2.0,Kwara,4,1,0,0,1,10000.0,0.25,4,2,2,1,1,42,16,32.0,2193500.0,7,1,720000.0
230074,5,3,0,5,5,1,5,5,5,1,1,1,9.0,9.0,1.0,1.0,53.0,23.0,2919.0,1.0,1.0,Kwara,8,5,0,0,2,165000.0,0.625,7,7,7,1,1,42,14,29.0,254500.0,7,0,0.0
230075,2,2,0,2,2,1,2,2,2,1,1,1,2.0,2.0,3.0,1.0,39.0,23.0,2919.0,1.0,1.0,Kwara,2,2,0,0,2,72000.0,1.0,2,2,2,1,1,42,17,26.0,1649800.0,7,0,0.0
230076,3,0,0,3,3,0,1,0,1,1,0,1,11.0,11.0,1.0,1.0,43.0,23.0,2304.0,1.0,2.0,Kwara,8,4,0,0,3,127000.0,0.5,5,3,1,1,1,42,16,32.0,2138500.0,7,0,0.0
230077,2,0,0,2,2,0,1,0,1,1,0,1,2.0,2.0,101.0,1.0,82.0,23.0,2304.0,1.0,2.0,Kwara,3,0,0,0,0,0.0,0.0,3,3,0,1,0,42,11,15.0,25700.0,7,0,0.0
230078,5,2,1,5,5,1,2,1,5,1,1,1,6.0,6.0,1.0,1.0,45.0,23.0,2304.0,1.0,2.0,Kwara,6,5,0,0,2,5000.0,0.8333333333333334,6,4,3,1,1,42,15,25.0,117000.0,7,0,0.0
230079,4,0,0,4,4,0,1,1,0,1,1,0,4.0,4.0,2.0,2.0,58.0,23.0,2304.0,1.0,2.0,Kwara,4,1,0,0,2,40800.0,0.25,4,2,0,1,0,42,5,15.0,65500.0,7,0,0.0
230080,3,0,1,3,3,1,0,0,1,0,0,1,2.0,2.0,1.0,2.0,56.0,23.0,2304.0,1.0,2.0,Kwara,3,1,0,0,1,2500.0,0.3333333333333333,3,2,1,1,1,42,10,13.0,92600.0,7,0,0.0
230081,4,1,0,4,4,1,1,0,0,1,0,0,8.0,8.0,1.0,1.0,45.0,23.0,2311.0,1.0,2.0,Kwara,7,3,0,0,3,56500.0,0.42857142857142855,6,1,0,1,0,42,7,10.0,121000.0,7,0,0.0
230083,2,1,2,2,2,1,1,1,1,1,1,1,2.0,2.0,2.0,2.0,67.0,23.0,2311.0,1.0,2.0,Kwara,2,2,0,0,2,28000.0,1.0,2,2,0,1,0,42,10,17.0,685500.0,7,0,0.0
230084,2,0,0,2,2,0,1,0,2,1,0,1,2.0,2.0,1.0,1.0,73.0,23.0,2311.0,1.0,2.0,Kwara,3,2,1,0,2,4000.0,0.6666666666666666,3,3,0,1,0,42,6,11.0,52000.0,7,0,0.0
230086,4,1,0,4,4,1,1,3,1,1,1,1,4.0,4.0,2.0,2.0,53.0,23.0,2311.0,1.0,2.0,Kwara,4,0,1,0,1,75000.0,0.0,4,4,2,1,1,42,8,9.0,236500.0,7,0,0.0
230087,2,2,0,2,2,1,2,1,2,1,1,1,4.0,4.0,1.0,1.0,62.0,23.0,2311.0,1.0,2.0,Kwara,4,4,0,0,2,63000.0,1.0,4,4,4,1,1,42,20,35.0,1134000.0,7,1,200000.0
230088,4,1,1,4,4,1,2,0,2,1,0,1,4.0,4.0,1.0,1.0,58.0,29.0,2923.0,6.0,1.0,Osun,4,4,0,0,4,80000.0,1.0,4,4,2,1,1,42,17,37.0,181550.0,7,0,0.0
230089,2,2,0,2,2,1,2,0,2,1,0,1,5.0,5.0,1.0,1.0,48.0,23.0,2311.0,1.0,2.0,Kwara,5,3,0,0,3,80000.0,0.6,4,4,1,1,1,42,13,19.0,218000.0,7,1,50000.0
230090,3,0,0,3,3,0,1,0,0,1,0,0,6.0,6.0,1.0,1.0,52.0,23.0,2311.0,1.0,2.0,Kwara,6,3,0,0,3,60000.0,0.5,5,2,1,1,1,42,10,22.0,280000.0,7,0,0.0
230091,7,4,0,7,7,1,0,0,0,0,0,0,11.0,11.0,1.0,1.0,59.0,23.0,2302.0,1.0,2.0,Kwara,11,8,0,0,8,1440000.0,0.7272727272727273,11,6,0,1,0,42,3,8.0,17000.0,7,0,0.0
230092,8,8,8,8,8,1,0,0,8,0,0,1,5.0,5.0,1.0,1.0,75.0,23.0,2302.0,1.0,2.0,Kwara,8,4,0,0,4,450000.0,0.5,8,7,0,1,0,42,5,11.0,77000.0,7,0,0.0
230093,9,0,0,9,9,0,0,0,0,0,0,0,12.0,12.0,1.0,1.0,70.0,23.0,2302.0,1.0,2.0,Kwara,12,12,0,0,12,108500.0,1.0,12,1,0,1,0,42,6,17.0,333200.0,7,0,0.0
230095,9,0,0,9,9,0,0,0,0,0,0,0,9.0,9.0,1.0,1.0,72.0,23.0,2302.0,1.0,2.0,Kwara,9,5,2,0,7,1802000.0,0.5555555555555556,9,9,0,1,0,42,6,20.0,107500.0,7,0,0.0
230097,9,8,8,9,9,1,0,1,7,0,1,1,13.0,13.0,1.0,1.0,49.0,23.0,2302.0,1.0,2.0,Kwara,14,11,1,0,12,260000.0,0.7857142857142857,12,12,0,1,0,42,5,10.0,91400.0,7,0,0.0
230098,2,0,0,2,2,0,0,0,0,0,0,0,,,,,,,,,,,4,2,0,0,2,75000.0,0.5,2,2,0,1,0,42,7,11.0,325700.0,7,0,0.0
230099,4,3,0,4,4,1,0,0,0,0,0,0,9.0,9.0,1.0,1.0,38.0,23.0,2302.0,1.0,2.0,Kwara,10,1,0,0,1,1600000.0,0.1,6,4,0,1,0,42,4,8.0,28000.0,7,0,0.0
239001,3,2,3,3,3,1,0,0,3,0,0,1,12.0,12.0,1.0,1.0,66.0,23.0,2303.0,1.0,2.0,Kwara,9,6,0,0,6,160000.0,0.6666666666666666,7,7,0,1,0,42,5,8.0,55300.0,7,1,55000.0
239002,2,0,0,2,2,0,0,0,0,0,0,0,4.0,4.0,1.0,1.0,29.0,23.0,2303.0,1.0,2.0,Kwara,3,2,0,0,2,1200000.0,0.6666666666666666,2,2,0,1,0,42,3,7.0,9500.0,7,0,0.0
239003,4,2,4,4,4,1,0,0,4,0,0,1,13.0,13.0,101.0,1.0,30.0,23.0,2303.0,1.0,2.0,Kwara,9,9,0,0,8,87500.0,1.0,6,6,0,1,0,42,5,12.0,57500.0,7,1,30000.0
239004,2,0,0,2,2,0,0,0,0,0,0,0,2.0,2.0,1.0,1.0,72.0,23.0,2303.0,1.0,2.0,Kwara,2,2,0,0,2,85000.0,1.0,2,2,0,1,0,42,6,12.0,330000.0,7,0,0.0
239005,2,0,0,2,2,0,0,0,0,0,0,0,8.0,8.0,1.0,1.0,35.0,23.0,2303.0,1.0,2.0,Kwara,3,2,0,0,2,68000.0,0.6666666666666666,2,2,0,1,0,42,7,14.0,403000.0,7,0,0.0
239009,7,0,0,7,7,0,0,1,0,0,1,0,6.0,6.0,1.0,1.0,56.0,23.0,2303.0,1.0,2.0,Kwara,8,8,0,0,8,3560000.0,1.0,8,8,0,1,0,42,5,13.0,88500.0,7,0,0.0
239010,2,2,0,2,2,1,0,0,0,0,0,0,4.0,4.0,1.0,1.0,64.0,23.0,2303.0,1.0,2.0,Kwara,4,3,0,0,3,1380000.0,0.75,4,1,0,1,0,42,6,7.0,143000.0,7,0,0.0
239012,2,2,2,2,2,1,0,0,1,0,0,1,2.0,2.0,1.0,1.0,45.0,23.0,2303.0,1.0,2.0,Kwara,2,2,0,0,2,50000.0,1.0,2,1,0,1,0,42,5,7.0,75700.0,7,2,75000.0
239013,4,0,0,4,4,0,2,0,0,1,0,0,4.0,4.0,1501.0,1.0,62.0,23.0,2303.0,1.0,2.0,Kwara,4,4,0,0,4,130000.0,1.0,4,3,0,1,0,42,8,17.0,102000.0,7,0,0.0
239014,2,0,0,2,2,0,0,1,0,0,1,0,6.0,6.0,1.0,1.0,38.0,23.0,2303.0,1.0,2.0,Kwara,5,2,0,0,2,260000.0,0.4,4,3,0,1,0,42,11,27.0,640000.0,7,0,0.0
239015,1,0,0,1,1,0,1,0,1,1,0,1,1.0,1.0,1.0,2.0,71.0,23.0,2303.0,1.0,2.0,Kwara,1,1,0,0,1,20000.0,1.0,1,1,0,1,0,42,2,3.0,1000.0,7,0,0.0
239016,5,0,3,5,5,1,0,3,0,0,1,0,8.0,8.0,1.0,2.0,44.0,23.0,2303.0,1.0,2.0,Kwara,7,5,0,0,5,30000.0,0.7142857142857143,6,6,0,1,0,42,7,23.0,232000.0,7,0,0.0
239017,6,0,1,6,6,1,3,0,3,1,0,1,11.0,11.0,1301.0,1.0,47.0,23.0,2303.0,1.0,2.0,Kwara,9,8,0,0,8,1070000.0,0.8888888888888888,8,7,0,1,0,42,7,16.0,185500.0,7,0,0.0
239018,7,0,0,7,7,0,1,0,5,1,0,1,9.0,9.0,1.0,1.0,49.0,23.0,2303.0,1.0,2.0,Kwara,9,7,0,0,7,200000.0,0.7777777777777778,8,8,0,1,0,42,4,17.0,7500.0,7,0,0.0
239021,2,0,0,2,2,0,0,0,0,0,0,0,7.0,7.0,1701.0,1.0,51.0,23.0,2303.0,1.0,2.0,Kwara,5,1,1,0,2,85000.0,0.2,3,2,0,1,0,42,9,28.0,304500.0,7,0,0.0
239022,6,0,0,6,6,0,1,0,0,1,0,0,7.0,7.0,1301.0,1.0,45.0,23.0,2303.0,1.0,2.0,Kwara,7,6,0,0,6,170000.0,0.8571428571428571,7,2,0,1,0,42,4,8.0,139500.0,7,0,0.0
239023,2,0,0,2,2,0,1,2,1,1,1,1,4.0,4.0,1.0,1.0,23.0,26.0,2603.0,1.0,2.0,Niger,4,4,0,0,4,134000.0,1.0,4,4,3,1,1,42,12,29.0,353800.0,7,0,0.0
239024,2,0,0,2,2,0,1,0,0,1,0,0,4.0,4.0,1.0,1.0,42.0,23.0,2303.0,1.0,2.0,Kwara,4,2,0,0,2,80000.0,0.5,3,1,0,1,0,42,6,11.0,122500.0,7,0,0.0
239025,6,1,0,6,6,1,4,2,0,1,1,0,10.0,10.0,1.0,1.0,73.0,23.0,2304.0,1.0,2.0,Kwara,9,1,0,0,1,100000.0,0.1111111111111111,9,8,4,1,1,42,19,45.0,1501000.0,7,0,0.0
239026,4,2,4,4,4,1,2,1,4,1,1,1,6.0,6.0,1701.0,1.0,60.0,23.0,2304.0,1.0,2.0,Kwara,6,3,0,0,3,117000.0,0.5,5,5,1,1,1,42,8,14.0,1272500.0,7,1,150000.0
239027,2,0,0,2,2,0,2,1,0,1,1,0,4.0,4.0,1.0,1.0,34.0,23.0,2304.0,1.0,2.0,Kwara,3,2,0,0,2,45000.0,0.6666666666666666,3,3,2,1,1,42,9,11.0,153000.0,7,0,0.0
239028,1,0,0,1,1,0,0,1,1,0,1,1,1.0,1.0,1.0,1.0,84.0,23.0,2304.0,1.0,2.0,Kwara,1,0,0,0,0,0.0,0.0,1,1,0,1,0,42,5,8.0,18500.0,7,0,0.0
239029,2,1,0,2,2,1,1,2,0,1,1,0,2.0,2.0,1.0,1.0,74.0,23.0,2304.0,1.0,2.0,Kwara,2,0,1,0,1,10000.0,0.0,2,2,0,1,0,42,6,7.0,38500.0,7,0,0.0
239032,2,0,0,2,2,0,1,1,2,1,1,1,1.0,1.0,1.0,1.0,39.0,29.0,2923.0,6.0,2.0,Osun,3,2,0,0,2,32000.0,0.6666666666666666,2,2,2,1,1,42,18,30.0,414800.0,7,0,0.0
239033,2,0,0,2,2,0,0,0,0,0,0,0,3.0,3.0,1.0,2.0,56.0,23.0,2304.0,1.0,2.0,Kwara,6,1,0,0,1,15000.0,0.16666666666666666,5,5,0,1,0,42,8,12.0,78000.0,7,0,0.0
239037,4,2,0,4,4,1,2,3,4,1,1,1,4.0,4.0,1.0,1.0,63.0,23.0,2305.0,1.0,2.0,Kwara,4,3,0,0,3,53000.0,0.75,4,4,1,1,1,42,19,36.0,1756000.0,7,1,20000.0
239039,2,0,0,2,2,0,0,0,0,0,0,0,6.0,6.0,1.0,1.0,56.0,23.0,2305.0,1.0,2.0,Kwara,4,0,2,0,2,53000.0,0.0,2,2,0,1,0,42,6,14.0,92000.0,7,0,0.0
239042,1,0,0,1,1,0,0,0,1,0,0,1,1.0,1.0,1.0,2.0,74.0,23.0,2305.0,1.0,2.0,Kwara,1,1,0,0,1,3000.0,1.0,1,1,0,1,0,42,5,7.0,48000.0,7,0,0.0
239043,5,1,1,5,5,1,2,3,0,1,1,0,6.0,6.0,1.0,1.0,60.0,23.0,2305.0,1.0,2.0,Kwara,6,1,1,0,2,102000.0,0.16666666666666666,6,5,4,1,1,42,10,26.0,993500.0,7,0,0.0
239044,2,1,0,2,2,1,1,0,2,1,0,1,2.0,2.0,1.0,1.0,29.0,23.0,2305.0,1.0,2.0,Kwara,2,1,0,0,1,15000.0,0.5,2,2,0,1,0,42,3,4.0,81000.0,7,0,0.0
239045,4,0,0,4,4,0,2,0,0,1,0,0,6.0,6.0,2.0,1.0,64.0,23.0,2305.0,1.0,2.0,Kwara,5,3,0,0,3,5500.0,0.6,5,3,1,1,1,42,8,13.0,116500.0,7,0,0.0
239046,2,0,0,2,2,0,0,2,0,0,1,0,1.0,1.0,1501.0,2.0,60.0,23.0,2305.0,1.0,2.0,Kwara,2,0,1,0,1,20000.0,0.0,2,2,0,1,0,42,4,9.0,35000.0,7,0,0.0
239047,4,0,0,4,4,0,2,0,1,1,0,1,7.0,7.0,1.0,1.0,53.0,23.0,2305.0,1.0,2.0,Kwara,7,2,0,0,2,4000.0,0.2857142857142857,6,3,1,1,1,42,11,17.0,167500.0,7,0,0.0
239048,3,1,1,3,3,1,2,0,0,1,0,0,3.0,3.0,1.0,1.0,62.0,23.0,2308.0,1.0,2.0,Kwara,3,3,0,0,2,110000.0,1.0,3,3,1,1,1,42,13,22.0,716000.0,7,1,30000.0
239049,2,0,0,2,2,0,0,0,0,0,0,0,5.0,5.0,1.0,1.0,34.0,23.0,2306.0,1.0,1.0,Kwara,4,2,0,0,2,77000.0,0.5,2,2,0,1,0,42,5,9.0,653800.0,7,0,0.0
239050,5,0,0,5,5,0,0,0,0,0,0,0,5.0,5.0,3.0,2.0,64.0,23.0,2306.0,1.0,1.0,Kwara,5,5,0,0,5,105000.0,1.0,5,3,0,1,0,42,5,17.0,540000.0,7,0,0.0
239052,2,0,0,2,2,0,0,2,0,0,1,0,5.0,5.0,1.0,1.0,49.0,23.0,2310.0,1.0,1.0,Kwara,4,4,0,0,2,400000.0,1.0,3,3,0,1,0,42,2,4.0,17000.0,7,0,0.0
239053,3,2,3,3,3,1,1,1,0,1,1,0,9.0,9.0,101.0,1.0,25.0,23.0,2306.0,1.0,1.0,Kwara,8,2,0,0,2,226000.0,0.25,6,4,0,1,0,42,4,6.0,66500.0,7,1,25000.0
239054,2,2,1,2,2,1,1,1,0,1,1,0,2.0,2.0,1.0,1.0,72.0,23.0,2306.0,1.0,1.0,Kwara,2,2,0,0,2,62000.0,1.0,2,2,1,1,1,42,6,15.0,37000.0,7,1,100000.0
239055,2,2,2,2,2,1,1,2,1,1,1,1,4.0,4.0,1.0,1.0,32.0,26.0,2616.0,1.0,1.0,Niger,4,2,0,0,2,73000.0,0.5,2,2,0,1,0,42,12,22.0,1606108.0,7,0,0.0
239058,2,2,2,2,2,1,0,0,1,0,0,1,2.0,2.0,1.0,2.0,85.0,23.0,2306.0,1.0,1.0,Kwara,2,1,0,0,1,7000.0,0.5,2,0,0,0,0,42,2,2.0,5000.0,7,2,60200.0
239059,1,1,1,1,1,1,0,0,0,0,0,0,1.0,1.0,1.0,2.0,87.0,23.0,2306.0,1.0,1.0,Kwara,1,0,0,0,0,0.0,0.0,1,1,0,1,0,42,2,2.0,2000.0,7,1,25000.0
239061,2,2,1,2,2,1,2,1,2,1,1,1,5.0,5.0,1.0,1.0,50.0,23.0,2308.0,1.0,1.0,Kwara,5,2,0,0,2,4000.0,0.4,5,2,0,1,0,42,9,15.0,20500.0,7,0,0.0
239062,5,0,3,5,5,1,0,0,4,0,0,1,9.0,9.0,1.0,1.0,71.0,23.0,2308.0,1.0,1.0,Kwara,8,2,1,0,2,55000.0,0.25,7,4,1,1,1,42,8,18.0,47500.0,7,0,0.0
239063,2,1,2,2,2,1,1,1,2,1,1,1,3.0,3.0,1.0,1.0,46.0,23.0,2308.0,1.0,1.0,Kwara,3,2,0,0,2,20000.0,0.6666666666666666,3,3,1,1,1,42,14,17.0,834500.0,7,0,0.0
239064,7,0,0,7,7,0,3,2,1,1,1,1,9.0,9.0,1.0,1.0,55.0,23.0,2308.0,1.0,1.0,Kwara,14,8,0,0,4,64500.0,0.5714285714285714,13,5,2,1,1,42,11,21.0,1221400.0,7,0,0.0
239065,5,2,3,5,5,1,2,1,0,1,1,0,5.0,5.0,1.0,1.0,56.0,23.0,2308.0,1.0,1.0,Kwara,5,2,1,1,4,27500.0,0.4,5,5,3,1,1,42,17,41.0,234200.0,7,0,0.0
239066,1,0,0,1,1,0,0,0,0,0,0,0,4.0,4.0,1.0,2.0,76.0,23.0,2308.0,1.0,1.0,Kwara,4,3,0,0,3,1000.0,0.75,2,2,0,1,0,42,4,4.0,18600.0,7,0,0.0
239068,3,2,1,3,3,1,1,2,0,1,1,0,7.0,7.0,1.0,1.0,45.0,23.0,2308.0,1.0,1.0,Kwara,6,2,0,0,2,17000.0,0.3333333333333333,4,2,0,1,0,42,12,25.0,108300.0,7,1,10000.0
239070,9,0,0,9,9,0,1,0,1,1,0,1,12.0,12.0,1.0,1.0,47.0,23.0,2308.0,1.0,1.0,Kwara,13,7,0,0,7,54000.0,0.5384615384615384,10,6,2,1,1,42,10,27.0,145500.0,7,0,0.0
239071,3,1,1,3,3,1,2,1,0,1,1,0,5.0,5.0,1.0,1.0,41.0,23.0,2308.0,1.0,1.0,Kwara,6,2,1,0,3,31000.0,0.3333333333333333,4,3,1,1,1,42,10,13.0,44700.0,7,1,3000.0
239072,7,4,4,7,7,1,4,0,0,1,0,0,7.0,7.0,1.0,1.0,44.0,23.0,2308.0,1.0,1.0,Kwara,8,5,1,0,6,26000.0,0.625,8,8,3,1,1,42,9,18.0,134000.0,7,2,50000.0
239074,2,1,0,2,2,1,1,1,1,1,1,1,4.0,4.0,1.0,1.0,40.0,24.0,2412.0,6.0,1.0,Lagos,3,2,0,0,2,24000.0,0.6666666666666666,2,2,2,1,1,42,11,13.0,220500.0,7,0,0.0
239076,2,2,1,2,2,1,2,1,2,1,1,1,2.0,2.0,1.0,1.0,50.0,23.0,2308.0,1.0,1.0,Kwara,2,1,0,0,2,6500.0,0.5,2,2,2,1,1,42,9,10.0,183000.0,7,0,0.0
239077,3,3,0,3,3,1,3,3,0,1,1,0,5.0,5.0,1.0,1.0,65.0,23.0,2308.0,1.0,1.0,Kwara,5,3,0,0,3,152000.0,0.6,3,3,2,1,1,42,14,22.0,890000.0,7,1,80000.0
239081,4,2,0,4,4,1,2,1,0,1,1,0,5.0,5.0,1.0,1.0,59.0,23.0,2308.0,1.0,1.0,Kwara,5,2,0,0,2,60000.0,0.4,5,5,2,1,1,42,16,26.0,754500.0,7,1,10000.0
239083,3,3,3,3,3,1,2,1,3,1,1,1,5.0,5.0,1.0,2.0,45.0,23.0,2308.0,1.0,1.0,Kwara,5,4,0,0,4,2000.0,0.8,5,3,2,1,1,42,7,10.0,65500.0,7,1,10000.0
239084,4,1,1,4,4,1,3,2,1,1,1,1,6.0,6.0,1.0,1.0,40.0,23.0,2308.0,1.0,1.0,Kwara,5,1,1,0,1,12000.0,0.2,4,4,2,1,1,42,14,23.0,320500.0,7,0,0.0
239085,4,0,0,4,4,0,1,0,0,1,0,0,5.0,5.0,1.0,1.0,55.0,23.0,2309.0,1.0,2.0,Kwara,5,5,0,0,5,890000.0,1.0,5,4,0,1,0,42,7,13.0,97000.0,7,0,0.0
239086,3,0,0,3,3,0,1,0,0,1,0,0,8.0,8.0,1.0,1.0,43.0,23.0,2309.0,1.0,2.0,Kwara,7,3,0,0,3,202000.0,0.42857142857142855,5,2,0,1,0,42,9,15.0,262300.0,7,0,0.0
239087,2,1,0,2,2,1,1,0,2,1,0,1,2.0,2.0,2.0,2.0,67.0,23.0,2309.0,1.0,2.0,Kwara,2,2,0,0,1,40000.0,1.0,2,2,1,1,1,42,2,4.0,5000.0,7,0,0.0
239088,3,0,0,3,3,0,0,0,0,0,0,0,6.0,6.0,1.0,1.0,41.0,23.0,2309.0,1.0,2.0,Kwara,6,2,0,0,2,45000.0,0.3333333333333333,5,2,0,1,0,42,6,14.0,114800.0,7,0,0.0
239089,2,0,0,2,2,0,1,0,1,1,0,1,5.0,5.0,1.0,1.0,33.0,23.0,2309.0,1.0,2.0,Kwara,3,2,0,0,2,100000.0,0.6666666666666666,2,2,0,1,0,42,6,12.0,108200.0,7,0,0.0
239090,3,1,0,3,3,1,2,0,3,1,0,1,7.0,7.0,1.0,1.0,69.0,23.0,2309.0,1.0,2.0,Kwara,7,5,0,0,0,0.0,0.7142857142857143,5,5,0,1,0,42,6,13.0,16000.0,7,1,8000.0
239092,1,0,0,1,1,0,0,0,0,0,0,0,1.0,1.0,1.0,2.0,86.0,23.0,2309.0,1.0,2.0,Kwara,1,1,0,0,0,0.0,1.0,1,0,0,0,0,42,3,4.0,5500.0,7,0,0.0
239093,2,0,0,2,2,0,0,0,0,0,0,0,2.0,2.0,1.0,2.0,60.0,23.0,2309.0,1.0,2.0,Kwara,2,2,0,0,2,31000.0,1.0,2,1,0,1,0,42,6,14.0,58000.0,7,0,0.0
239095,2,1,0,2,2,1,0,2,0,0,1,0,2.0,2.0,1.0,1.0,65.0,23.0,2309.0,1.0,2.0,Kwara,2,2,0,0,2,30000.0,1.0,2,2,0,1,0,42,9,16.0,214000.0,7,0,0.0
239096,3,2,0,3,3,1,2,0,3,1,0,1,6.0,6.0,1.0,1.0,38.0,23.0,2309.0,1.0,2.0,Kwara,5,3,0,0,3,320000.0,0.6,3,3,2,1,1,42,8,13.0,66500.0,7,1,400000.0
239097,3,2,0,3,3,1,2,2,0,1,1,0,2.0,2.0,1.0,1.0,60.0,23.0,2309.0,1.0,1.0,Kwara,3,2,0,0,2,50000.0,0.6666666666666666,3,3,2,1,1,42,9,14.0,269500.0,7,0,0.0
239099,4,0,0,4,4,0,4,4,0,1,1,0,7.0,7.0,1.0,2.0,56.0,23.0,2309.0,1.0,1.0,Kwara,7,1,0,0,1,83000.0,0.14285714285714285,6,6,4,1,1,42,20,46.0,2243000.0,7,0,0.0
239100,2,2,0,2,2,1,2,2,0,1,1,0,2.0,2.0,2.0,1.0,32.0,23.0,2309.0,1.0,1.0,Kwara,2,2,0,0,2,70000.0,1.0,2,2,1,1,1,42,12,17.0,89500.0,7,1,5000.0
239101,1,1,1,1,1,1,1,0,1,1,0,1,1.0,1.0,1.0,1.0,82.0,23.0,2309.0,1.0,1.0,Kwara,1,1,0,0,1,150000.0,1.0,1,1,0,1,0,42,10,10.0,38000.0,7,2,75000.0
239103,2,0,0,2,2,0,2,1,0,1,1,0,6.0,6.0,1.0,1.0,45.0,23.0,2309.0,1.0,1.0,Kwara,4,2,0,0,2,40000.0,0.5,3,2,0,1,0,42,10,12.0,87000.0,7,0,0.0
239104,3,3,3,3,3,1,3,3,3,1,1,1,6.0,6.0,1.0,1.0,48.0,23.0,2309.0,1.0,1.0,Kwara,6,1,0,0,1,300000.0,0.16666666666666666,5,4,3,1,1,42,16,17.0,215500.0,7,1,150000.0
239106,4,0,1,4,4,1,3,3,0,1,1,0,7.0,7.0,1.0,1.0,55.0,23.0,2309.0,1.0,1.0,Kwara,6,2,0,0,2,85000.0,0.3333333333333333,5,5,2,1,1,42,12,36.0,517500.0,7,0,0.0
239108,2,2,0,2,2,1,2,2,0,1,1,0,2.0,2.0,1.0,1.0,69.0,23.0,2309.0,1.0,1.0,Kwara,2,0,2,0,2,120000.0,0.0,2,2,0,1,0,42,15,23.0,211000.0,7,0,0.0
239110,2,0,0,2,2,0,2,2,2,1,1,1,4.0,4.0,1301.0,1.0,39.0,23.0,2308.0,1.0,2.0,Kwara,2,0,1,1,2,105000.0,0.0,2,2,2,1,1,42,16,32.0,559000.0,7,0,0.0
239111,2,0,0,2,2,0,2,0,2,1,0,1,5.0,5.0,1.0,2.0,63.0,23.0,2309.0,1.0,2.0,Kwara,5,2,0,0,2,800.0,0.4,4,2,1,1,1,42,4,13.0,16900.0,7,0,0.0
239112,2,0,1,2,2,1,2,0,1,1,0,1,2.0,2.0,1301.0,1.0,37.0,24.0,2409.0,6.0,2.0,Lagos,3,2,0,0,2,143500.0,0.6666666666666666,2,2,2,1,1,42,11,16.0,98500.0,7,0,0.0
239113,1,0,0,1,1,0,1,1,0,1,1,0,2.0,2.0,1.0,2.0,39.0,23.0,2309.0,1.0,2.0,Kwara,2,0,1,0,1,1500.0,0.0,2,1,1,1,1,42,8,9.0,240000.0,7,0,0.0
239114,5,0,1,5,5,1,5,5,5,1,1,1,4.0,4.0,1.0,2.0,53.0,23.0,2310.0,1.0,2.0,Kwara,5,1,1,0,2,100000.0,0.2,5,5,4,1,1,42,11,22.0,244000.0,7,0,0.0
239116,3,0,0,3,3,0,1,1,0,1,1,0,4.0,4.0,4.0,1.0,70.0,23.0,2309.0,1.0,2.0,Kwara,4,2,0,0,2,12000.0,0.5,4,4,1,1,1,42,12,25.0,1018000.0,7,1,420000.0
239117,3,0,0,3,3,0,1,0,0,1,0,0,5.0,5.0,1.0,2.0,33.0,13.0,1307.0,6.0,2.0,Ekiti,4,1,0,0,1,6000.0,0.25,3,3,0,1,0,42,3,6.0,35200.0,7,0,0.0
239118,5,0,0,5,5,0,0,0,0,0,0,0,5.0,5.0,1.0,1.0,48.0,23.0,2309.0,1.0,2.0,Kwara,5,2,0,0,2,9500.0,0.4,5,2,0,1,0,42,6,9.0,79000.0,7,0,0.0
239120,4,1,0,4,4,1,3,0,1,1,0,1,4.0,4.0,1.0,2.0,59.0,23.0,2309.0,1.0,2.0,Kwara,4,1,0,0,1,50000.0,0.25,4,3,4,1,1,42,8,13.0,106300.0,7,0,0.0
239121,4,4,0,4,4,1,4,4,0,1,1,0,6.0,6.0,1.0,1.0,57.0,23.0,2304.0,1.0,2.0,Kwara,6,2,0,0,2,155000.0,0.3333333333333333,6,6,5,1,1,42,13,24.0,2615500.0,7,1,60000.0
239122,3,2,0,3,3,1,2,2,0,1,1,0,2.0,2.0,5101.0,1.0,42.0,23.0,2310.0,1.0,2.0,Kwara,5,2,0,0,2,113000.0,0.4,3,3,2,1,1,42,10,15.0,1944500.0,7,0,0.0
239123,1,0,1,1,1,1,1,1,1,1,1,1,,,,,,,,,,,1,1,0,0,1,50000.0,1.0,1,1,1,1,1,42,17,24.0,2787500.0,7,2,98000.0
239124,3,0,0,3,3,0,0,0,0,0,0,0,11.0,11.0,1.0,1.0,40.0,23.0,2310.0,1.0,2.0,Kwara,7,5,0,0,5,110000.0,0.7142857142857143,5,5,0,1,0,42,6,17.0,589500.0,7,0,0.0
239125,5,3,4,5,5,1,3,3,3,1,1,1,7.0,7.0,1.0,1.0,62.0,23.0,2310.0,1.0,2.0,Kwara,7,5,0,0,5,162000.0,0.7142857142857143,7,6,3,1,1,42,9,14.0,81700.0,7,0,0.0
239127,4,0,0,4,4,0,1,1,0,1,1,0,4.0,4.0,1.0,1.0,64.0,23.0,2310.0,1.0,2.0,Kwara,4,2,1,0,3,25000.0,0.5,4,4,0,1,0,42,8,12.0,55800.0,7,0,0.0
239128,2,1,2,2,2,1,2,2,2,1,1,1,1.0,1.0,5101.0,1.0,40.0,23.0,2310.0,1.0,2.0,Kwara,2,2,0,0,2,3000.0,1.0,2,2,0,1,0,42,8,8.0,63200.0,7,0,0.0
239129,4,4,0,4,4,1,4,4,0,1,1,0,7.0,7.0,1.0,1.0,40.0,23.0,2310.0,1.0,2.0,Kwara,7,5,0,0,5,63000.0,0.7142857142857143,5,4,1,1,1,42,7,14.0,95000.0,7,0,0.0
239130,5,3,3,5,5,1,3,3,3,1,1,1,5.0,5.0,1.0,1.0,42.0,23.0,2310.0,1.0,2.0,Kwara,5,5,0,0,2,80000.0,1.0,5,5,5,1,1,42,11,17.0,59700.0,7,2,40000.0
239131,1,0,0,1,1,0,1,1,0,1,1,0,3.0,3.0,1.0,1.0,70.0,23.0,2310.0,1.0,2.0,Kwara,3,3,0,0,3,1020000.0,1.0,3,2,0,1,0,42,8,13.0,41500.0,7,0,0.0
239132,4,0,0,4,4,0,2,2,2,1,1,1,1.0,1.0,1.0,2.0,90.0,23.0,2308.0,1.0,2.0,Kwara,6,2,0,0,2,125000.0,0.3333333333333333,5,2,2,1,1,42,16,27.0,1079500.0,7,0,0.0
239133,2,1,1,2,2,1,0,1,0,0,1,0,3.0,3.0,1.0,2.0,68.0,23.0,2310.0,1.0,2.0,Kwara,3,1,0,0,0,0.0,0.3333333333333333,3,1,1,1,1,42,9,15.0,142000.0,7,0,0.0
239135,2,0,0,2,2,0,0,0,2,0,0,1,4.0,4.0,1101.0,1.0,90.0,23.0,2310.0,1.0,2.0,Kwara,4,2,0,0,0,0.0,0.5,3,3,1,1,1,42,13,20.0,92000.0,7,1,20000.0
239136,2,2,2,2,2,1,0,2,1,0,1,1,7.0,7.0,1.0,1.0,55.0,22.0,2221.0,1.0,2.0,Kogi,6,4,0,0,4,72800.0,0.6666666666666666,4,4,2,1,1,42,5,10.0,13000.0,7,0,0.0
239137,2,0,0,2,2,0,0,0,2,0,0,1,3.0,3.0,1.0,1.0,76.0,23.0,2310.0,1.0,2.0,Kwara,3,2,0,0,0,0.0,0.6666666666666666,3,3,0,1,0,42,2,3.0,3500.0,7,0,0.0
239138,2,0,0,2,2,0,0,0,0,0,0,0,2.0,2.0,1.0,2.0,96.0,23.0,2310.0,1.0,2.0,Kwara,2,0,0,0,0,0.0,0.0,2,1,1,1,1,42,7,12.0,89500.0,7,2,50000.0
239140,1,0,0,1,1,0,1,0,0,1,0,0,3.0,3.0,1.0,2.0,77.0,23.0,2310.0,1.0,2.0,Kwara,3,0,0,0,0,0.0,0.0,1,1,0,1,0,42,4,4.0,28000.0,7,0,0.0
239141,5,1,1,5,5,1,1,0,0,1,0,0,8.0,8.0,1.0,1.0,56.0,23.0,2310.0,1.0,2.0,Kwara,8,3,0,0,3,30000.0,0.375,7,1,0,1,0,42,4,11.0,38200.0,7,0,0.0
239142,3,0,0,3,3,0,0,0,0,0,0,0,5.0,5.0,1.0,1.0,61.0,23.0,2310.0,1.0,2.0,Kwara,5,3,0,0,3,250000.0,0.6,4,2,0,1,0,42,5,10.0,55700.0,7,0,0.0
239143,3,0,0,3,3,0,1,0,3,1,0,1,4.0,4.0,1.0,1.0,82.0,23.0,2310.0,1.0,2.0,Kwara,4,4,0,0,4,170000.0,1.0,4,3,0,1,0,42,7,15.0,18200.0,7,1,5000.0
239144,6,2,0,6,6,1,4,4,0,1,1,0,9.0,9.0,1.0,1.0,57.0,23.0,2313.0,1.0,1.0,Kwara,9,2,0,0,2,42000.0,0.2222222222222222,7,5,4,1,1,42,15,24.0,4293000.0,7,2,98000.0
239146,2,1,1,2,2,1,2,2,0,1,1,0,6.0,6.0,1.0,1.0,42.0,23.0,2313.0,1.0,1.0,Kwara,4,1,1,0,2,23000.0,0.25,3,3,0,1,0,42,6,8.0,184000.0,7,0,0.0
239147,3,2,2,3,3,1,2,2,2,1,1,1,5.0,5.0,1.0,1.0,73.0,23.0,2313.0,1.0,1.0,Kwara,5,2,0,0,1,6000.0,0.4,5,5,2,1,1,42,16,20.0,1036500.0,7,3,2607000.0
239148,2,1,0,2,2,1,2,2,0,1,1,0,4.0,4.0,1.0,1.0,86.0,23.0,2313.0,1.0,1.0,Kwara,4,3,0,0,3,64000.0,0.75,3,3,0,1,0,42,20,34.0,4050500.0,7,0,0.0
239149,4,1,0,4,4,1,1,1,0,1,1,0,5.0,5.0,1.0,1.0,62.0,23.0,2313.0,1.0,1.0,Kwara,5,5,0,0,5,75000.0,1.0,5,5,3,1,1,42,14,20.0,485400.0,7,0,0.0
239150,10,8,0,10,10,1,9,10,0,1,1,0,13.0,13.0,1.0,1.0,43.0,23.0,2313.0,1.0,1.0,Kwara,14,1,7,0,8,67000.0,0.07142857142857142,12,9,6,1,1,42,12,33.0,178500.0,7,0,0.0
239151,3,2,0,3,3,1,2,2,0,1,1,0,8.0,8.0,1.0,1.0,34.0,23.0,2313.0,1.0,1.0,Kwara,7,1,1,0,2,35000.0,0.14285714285714285,6,2,2,1,1,42,13,18.0,402000.0,7,0,0.0
239152,4,3,3,4,4,1,3,3,3,1,1,1,6.0,6.0,1.0,1.0,68.0,23.0,2313.0,1.0,1.0,Kwara,6,2,0,0,2,103000.0,0.3333333333333333,5,5,4,1,1,42,10,14.0,59200.0,7,1,15000.0
239155,4,4,4,4,4,1,4,4,4,1,1,1,5.0,5.0,1301.0,1.0,43.0,23.0,2308.0,1.0,1.0,Kwara,4,3,1,0,4,365000.0,0.75,4,4,4,1,1,42,17,30.0,3128500.0,7,3,530000.0
239156,2,1,0,2,2,1,2,2,2,1,1,1,1.0,1.0,1.0,1.0,27.0,27.0,2715.0,6.0,2.0,Ogun,2,2,0,0,2,70000.0,1.0,2,2,2,1,1,42,13,19.0,749500.0,7,0,0.0
239158,3,0,0,3,3,0,1,0,1,1,0,1,3.0,3.0,1.0,1.0,60.0,23.0,2314.0,1.0,2.0,Kwara,3,2,0,0,0,0.0,0.6666666666666666,3,3,1,1,1,42,12,18.0,52100.0,7,0,0.0
239159,1,0,0,1,1,0,0,0,1,0,0,1,1.0,1.0,1.0,2.0,70.0,23.0,2314.0,1.0,2.0,Kwara,1,0,0,0,0,0.0,0.0,1,1,0,1,0,42,10,13.0,22750.0,7,0,0.0
239160,3,0,0,3,3,0,0,0,0,0,0,0,4.0,4.0,2.0,1.0,84.0,23.0,2314.0,1.0,2.0,Kwara,4,0,0,0,0,0.0,0.0,4,1,0,1,0,42,4,7.0,40000.0,7,0,0.0
239161,3,0,0,3,3,0,2,2,0,1,1,0,6.0,6.0,1.0,1.0,46.0,23.0,2314.0,1.0,2.0,Kwara,6,2,0,0,2,37000.0,0.3333333333333333,5,2,2,1,1,42,24,47.0,513000.0,7,0,0.0
239162,2,0,2,2,2,1,2,2,1,1,1,1,3.0,3.0,1.0,1.0,36.0,23.0,2305.0,1.0,2.0,Kwara,2,0,2,0,2,87000.0,0.0,2,2,1,1,1,42,11,12.0,288400.0,7,0,0.0
239163,2,0,0,2,2,0,0,2,0,0,1,0,1.0,1.0,1.0,1.0,32.0,30.0,3007.0,6.0,2.0,Oyo,2,2,0,0,2,13000.0,1.0,2,2,0,1,0,42,9,13.0,446000.0,7,1,120000.0
239164,3,1,0,3,3,1,3,1,0,1,1,0,4.0,4.0,1.0,1.0,46.0,23.0,2314.0,1.0,2.0,Kwara,4,2,0,0,2,32000.0,0.5,4,3,3,1,1,42,19,34.0,2229000.0,7,0,0.0
239165,6,2,1,6,6,1,3,5,6,1,1,1,5.0,5.0,1.0,1.0,42.0,23.0,2314.0,1.0,2.0,Kwara,7,4,0,0,1,5000.0,0.5714285714285714,7,7,2,1,1,42,8,17.0,133700.0,7,0,0.0
239167,5,0,0,5,5,0,2,0,2,1,0,1,7.0,7.0,1.0,1.0,70.0,23.0,2314.0,1.0,2.0,Kwara,7,4,0,0,1,2000.0,0.5714285714285714,7,7,0,1,0,42,15,26.0,151700.0,7,2,62000.0
239168,11,3,10,11,11,1,0,0,10,0,0,1,17.0,17.0,1.0,1.0,56.0,23.0,2316.0,1.0,2.0,Kwara,15,15,0,0,15,350000.0,1.0,13,13,0,1,0,42,4,6.0,58500.0,7,2,73000.0
239169,3,0,0,3,3,0,0,3,0,0,1,0,2.0,2.0,1.0,1.0,29.0,23.0,2316.0,1.0,2.0,Kwara,3,3,0,0,3,1080000.0,1.0,3,3,0,1,0,42,6,13.0,102000.0,7,0,0.0
239170,2,0,0,2,2,0,0,0,0,0,0,0,1.0,1.0,1.0,1.0,25.0,23.0,2316.0,1.0,2.0,Kwara,2,2,0,0,2,45000.0,1.0,2,2,0,1,0,42,4,4.0,658000.0,7,0,0.0
239171,2,2,2,2,2,1,1,0,2,1,0,1,1.0,1.0,1.0,1.0,45.0,23.0,2316.0,1.0,2.0,Kwara,2,2,0,0,2,165500.0,1.0,2,2,0,1,0,42,3,3.0,54000.0,7,2,95000.0
239172,2,2,0,2,2,1,0,0,0,0,0,0,1.0,1.0,1.0,1.0,34.0,23.0,2316.0,1.0,2.0,Kwara,3,2,0,0,2,1320000.0,0.6666666666666666,2,2,0,1,0,42,5,7.0,30000.0,7,0,0.0
239173,2,0,0,2,2,0,0,0,0,0,0,0,1.0,1.0,1.0,2.0,96.0,23.0,2316.0,1.0,2.0,Kwara,2,1,0,0,1,25000.0,0.5,2,1,0,1,0,42,4,5.0,25700.0,7,0,0.0
239175,2,2,2,2,2,1,0,0,2,0,0,1,5.0,5.0,1301.0,1.0,38.0,23.0,2316.0,1.0,2.0,Kwara,4,2,1,1,4,167000.0,0.5,3,3,0,1,0,42,5,7.0,60700.0,7,1,25000.0
239176,5,0,0,5,5,0,0,0,0,0,0,0,8.0,8.0,1.0,1.0,54.0,23.0,2316.0,1.0,2.0,Kwara,8,7,0,0,7,50000.0,0.875,7,7,0,1,0,42,6,9.0,329000.0,7,0,0.0
239177,2,0,0,2,2,0,0,0,0,0,0,0,4.0,4.0,1.0,1.0,36.0,23.0,2316.0,1.0,2.0,Kwara,4,3,0,0,3,1200000.0,0.75,4,4,0,1,0,42,4,9.0,13000.0,7,0,0.0
239178,1,0,0,1,1,0,0,0,0,0,0,0,2.0,2.0,1.0,2.0,84.0,23.0,2316.0,1.0,2.0,Kwara,2,2,0,0,2,5000.0,1.0,1,0,0,0,0,42,2,2.0,2500.0,7,1,30000.0
239180,3,1,0,3,3,1,1,0,0,1,0,0,6.0,6.0,1.0,1.0,43.0,23.0,2316.0,1.0,2.0,Kwara,7,5,2,0,7,98000.0,0.7142857142857143,5,4,1,1,1,42,6,7.0,209200.0,7,0,0.0
239181,1,1,0,1,1,1,1,1,0,1,1,0,1.0,1.0,1.0,1.0,32.0,23.0,2316.0,1.0,2.0,Kwara,1,1,0,0,1,60000.0,1.0,1,1,0,1,0,42,4,4.0,109000.0,7,0,0.0
239182,2,0,0,2,2,0,1,2,1,1,1,1,2.0,2.0,1.0,2.0,62.0,23.0,2316.0,1.0,2.0,Kwara,2,1,0,0,1,400000.0,0.5,2,2,1,1,1,42,3,6.0,8000.0,7,0,0.0
239183,4,2,0,4,4,1,2,0,0,1,0,0,10.0,10.0,2.0,2.0,50.0,23.0,2316.0,1.0,2.0,Kwara,9,9,0,0,9,75000.0,1.0,7,6,2,1,1,42,5,9.0,178500.0,7,0,0.0
239184,7,0,0,7,7,0,3,0,0,1,0,0,10.0,10.0,1.0,1.0,52.0,23.0,2316.0,1.0,2.0,Kwara,10,9,1,0,10,172000.0,0.9,8,8,0,1,0,42,5,8.0,64000.0,7,0,0.0
239186,2,0,0,2,2,0,1,2,0,1,1,0,5.0,5.0,1.0,1.0,31.0,23.0,2316.0,1.0,2.0,Kwara,3,1,1,0,2,53000.0,0.3333333333333333,2,2,0,1,0,42,5,13.0,48500.0,7,0,0.0
239187,3,0,0,3,3,0,0,0,0,0,0,0,8.0,8.0,1.0,1.0,43.0,23.0,2316.0,1.0,2.0,Kwara,7,4,1,0,5,1260000.0,0.5714285714285714,5,5,0,1,0,42,3,6.0,107000.0,7,0,0.0
239188,9,0,0,9,9,0,0,1,0,0,1,0,9.0,9.0,1.0,1.0,53.0,23.0,2316.0,1.0,2.0,Kwara,9,9,0,0,9,80000.0,1.0,9,5,0,1,0,42,5,16.0,62500.0,7,0,0.0
239189,4,0,0,4,4,0,1,0,2,1,0,1,7.0,7.0,1.0,1.0,50.0,23.0,2316.0,1.0,2.0,Kwara,7,5,0,0,5,90000.0,0.7142857142857143,6,3,0,1,0,42,4,11.0,16500.0,7,0,0.0
239190,2,0,0,2,2,0,0,0,0,0,0,0,2.0,2.0,1.0,1.0,69.0,23.0,2316.0,1.0,2.0,Kwara,2,2,0,0,2,80000.0,1.0,2,2,0,1,0,42,3,6.0,7900.0,7,0,0.0
239197,3,0,0,3,3,0,0,1,0,0,1,0,3.0,3.0,1.0,2.0,72.0,23.0,2304.0,1.0,2.0,Kwara,3,1,0,0,1,5000.0,0.3333333333333333,3,3,0,1,0,42,4,5.0,30000.0,7,0,0.0
239199,3,0,0,3,3,0,0,0,0,0,0,0,3.0,3.0,1.0,1.0,80.0,23.0,2305.0,1.0,2.0,Kwara,3,2,0,0,2,3000.0,0.6666666666666666,3,2,0,1,0,42,7,14.0,121500.0,7,0,0.0
239204,3,0,0,3,3,0,2,3,0,1,1,0,5.0,5.0,1.0,1.0,34.0,23.0,2308.0,1.0,1.0,Kwara,3,2,0,0,2,57000.0,0.6666666666666666,3,3,3,1,1,42,11,14.0,190000.0,7,0,0.0
239205,1,0,0,1,1,0,1,0,1,1,0,1,1.0,1.0,1.0,1.0,66.0,23.0,2308.0,1.0,1.0,Kwara,1,1,0,0,1,50000.0,1.0,1,1,0,1,0,42,6,7.0,151000.0,7,0,0.0
239209,2,2,2,2,2,1,2,2,2,1,1,1,5.0,5.0,1.0,1.0,59.0,23.0,2309.0,1.0,1.0,Kwara,5,2,0,0,2,175000.0,0.4,3,2,2,1,1,42,11,12.0,55500.0,7,1,50000.0
239210,3,0,0,3,3,0,3,1,0,1,1,0,6.0,6.0,1.0,1.0,34.0,23.0,2309.0,1.0,2.0,Kwara,4,3,0,0,3,50000.0,0.75,3,3,3,1,1,42,10,20.0,280500.0,7,0,0.0
239211,2,0,0,2,2,0,1,0,0,1,0,0,4.0,4.0,1.0,1.0,33.0,23.0,2311.0,1.0,2.0,Kwara,4,2,0,0,2,150000.0,0.5,2,2,0,1,0,42,2,4.0,4800.0,7,0,0.0
239212,2,0,0,2,2,0,0,1,1,0,1,1,3.0,3.0,5.0,1.0,28.0,30.0,3002.0,6.0,2.0,Oyo,3,0,1,0,1,350000.0,0.0,2,2,0,1,0,42,6,10.0,78000.0,7,0,0.0
239213,6,3,0,6,6,1,3,1,6,1,1,1,8.0,8.0,1.0,1.0,56.0,23.0,2311.0,1.0,2.0,Kwara,9,6,0,0,3,60000.0,0.6666666666666666,9,9,2,1,1,42,5,13.0,102500.0,7,1,50000.0
239214,2,0,0,2,2,0,0,0,2,0,0,1,5.0,5.0,1.0,1.0,34.0,23.0,2311.0,1.0,2.0,Kwara,4,3,0,0,3,720000.0,0.75,2,2,0,1,0,42,2,4.0,152000.0,7,0,0.0
239216,2,0,1,2,2,1,0,0,0,0,0,0,2.0,2.0,1.0,1.0,27.0,23.0,2311.0,1.0,2.0,Kwara,2,2,0,0,2,360000.0,1.0,2,2,2,1,1,42,5,7.0,80800.0,7,0,0.0
239217,1,0,0,1,1,0,0,0,0,0,0,0,1.0,1.0,1.0,1.0,55.0,23.0,2311.0,1.0,2.0,Kwara,1,1,0,0,1,10000.0,1.0,1,0,0,0,0,42,1,1.0,4000.0,7,0,0.0
239218,3,1,0,3,3,1,3,0,0,1,0,0,2.0,2.0,1.0,1.0,57.0,23.0,2311.0,1.0,2.0,Kwara,4,1,1,0,2,280000.0,0.25,3,3,1,1,1,42,7,11.0,148000.0,7,0,0.0
239219,2,0,2,2,2,1,0,0,0,0,0,0,3.0,3.0,1.0,1.0,61.0,23.0,2311.0,1.0,2.0,Kwara,3,2,0,0,2,80000.0,0.6666666666666666,2,1,0,1,0,42,4,6.0,15500.0,7,0,0.0
239221,2,0,0,2,2,0,0,0,0,0,0,0,7.0,7.0,1.0,1.0,36.0,23.0,2311.0,1.0,2.0,Kwara,6,2,0,0,2,55000.0,0.3333333333333333,2,1,0,1,0,42,3,6.0,96500.0,7,0,0.0
239222,2,0,1,2,2,1,0,0,0,0,0,0,4.0,4.0,1.0,1.0,39.0,23.0,2311.0,1.0,2.0,Kwara,4,3,0,0,3,200000.0,0.75,3,2,0,1,0,42,4,7.0,99000.0,7,0,0.0
240051,1,0,0,1,1,0,1,0,0,1,0,0,1.0,1.0,1.0,1.0,59.0,27.0,2705.0,6.0,1.0,Ogun,1,0,0,0,0,0.0,0.0,1,1,0,1,0,42,11,15.0,104000.0,7,0,0.0
240052,11,0,0,11,11,0,9,2,2,1,1,1,12.0,12.0,1.0,1.0,65.0,24.0,2403.0,6.0,1.0,Lagos,12,5,0,0,5,133000.0,0.4166666666666667,12,10,9,1,1,42,15,36.0,105500.0,7,1,850000.0
240053,3,3,0,3,3,1,3,3,0,1,1,0,4.0,4.0,1.0,1.0,42.0,24.0,2403.0,6.0,1.0,Lagos,4,1,0,0,2,60000.0,0.25,4,3,3,1,1,42,8,11.0,209000.0,7,0,0.0
240055,3,3,0,3,3,1,2,1,1,1,1,1,3.0,3.0,1.0,1.0,63.0,24.0,2403.0,6.0,1.0,Lagos,3,3,0,0,3,120000.0,1.0,3,3,1,1,1,42,14,21.0,211000.0,7,0,0.0
240056,2,0,0,2,2,0,2,0,0,1,0,0,5.0,5.0,1.0,1.0,46.0,24.0,2403.0,6.0,1.0,Lagos,4,2,0,0,2,270000.0,0.5,3,2,2,1,1,42,12,18.0,173000.0,7,0,0.0
240057,2,0,1,2,2,1,2,2,1,1,1,1,2.0,2.0,1.0,1.0,63.0,24.0,2403.0,6.0,1.0,Lagos,3,2,0,0,2,162000.0,0.6666666666666666,2,2,2,1,1,42,16,23.0,4039000.0,7,2,1860000.0
240059,6,0,0,6,6,0,4,4,0,1,1,0,9.0,9.0,1.0,1.0,53.0,24.0,2403.0,6.0,1.0,Lagos,9,4,0,0,4,400000.0,0.4444444444444444,9,5,5,1,1,42,19,38.0,417000.0,7,0,0.0
240060,5,1,2,5,5,1,4,3,4,1,1,1,5.0,5.0,1.0,1.0,67.0,24.0,2403.0,6.0,1.0,Lagos,5,1,3,0,4,104500.0,0.2,5,5,4,1,1,42,13,20.0,618500.0,7,2,1400000.0
240072,5,0,0,5,5,0,1,2,1,1,1,1,7.0,7.0,1.0,1.0,48.0,24.0,2418.0,6.0,1.0,Lagos,7,4,0,0,4,32000.0,0.5714285714285714,5,5,2,1,1,42,11,19.0,47000.0,7,1,200000.0
240073,4,2,0,4,4,1,4,4,0,1,1,0,5.0,5.0,1.0,1.0,49.0,24.0,2418.0,6.0,1.0,Lagos,5,1,0,0,1,180000.0,0.2,5,4,3,1,1,42,16,23.0,647500.0,7,0,0.0
240074,4,2,2,4,4,1,3,4,3,1,1,1,4.0,4.0,1.0,1.0,72.0,27.0,2715.0,6.0,1.0,Ogun,4,3,0,0,3,147000.0,0.75,4,4,2,1,1,42,13,18.0,214500.0,7,1,25000.0
240075,3,0,0,3,3,0,3,1,0,1,1,0,4.0,4.0,1.0,1.0,47.0,24.0,2418.0,6.0,1.0,Lagos,5,2,0,0,2,150000.0,0.4,5,3,1,1,1,42,13,18.0,251500.0,7,0,0.0
240077,4,0,0,4,4,0,4,2,0,1,1,0,5.0,5.0,1.0,1.0,63.0,24.0,2418.0,6.0,1.0,Lagos,5,2,0,0,2,165000.0,0.4,5,4,3,1,1,42,13,22.0,220000.0,7,0,0.0
240078,5,3,3,5,5,1,3,3,2,1,1,1,7.0,7.0,1.0,1.0,51.0,24.0,2406.0,6.0,1.0,Lagos,7,2,0,0,2,105000.0,0.2857142857142857,5,4,4,1,1,42,12,19.0,207000.0,7,0,0.0
240080,4,0,2,4,4,1,3,1,2,1,1,1,4.0,4.0,1.0,1.0,55.0,24.0,2418.0,6.0,1.0,Lagos,4,1,2,0,3,36500.0,0.25,4,4,4,1,1,42,12,14.0,426000.0,7,1,240000.0
240081,2,0,1,2,2,1,2,1,0,1,1,0,2.0,2.0,1.0,1.0,44.0,24.0,2416.0,6.0,1.0,Lagos,2,1,1,0,2,43000.0,0.5,2,2,2,1,1,42,9,10.0,244500.0,7,1,240000.0
240083,1,1,0,1,1,1,1,0,1,1,0,1,3.0,3.0,2.0,2.0,42.0,24.0,2419.0,6.0,1.0,Lagos,3,0,1,0,1,2000.0,0.0,2,1,1,1,1,42,10,10.0,103000.0,7,0,0.0
240084,6,2,1,6,6,1,3,3,0,1,1,0,7.0,7.0,1.0,1.0,60.0,24.0,2419.0,6.0,1.0,Lagos,7,2,0,1,3,36000.0,0.2857142857142857,7,4,2,1,1,42,15,20.0,151500.0,7,0,0.0
240085,2,1,0,2,2,1,1,0,0,1,0,0,2.0,2.0,1.0,2.0,73.0,24.0,2419.0,6.0,1.0,Lagos,2,1,0,0,1,50000.0,0.5,2,2,1,1,1,42,14,24.0,159000.0,7,0,0.0
240086,6,1,1,6,6,1,6,5,1,1,1,1,6.0,6.0,1.0,1.0,60.0,24.0,2419.0,6.0,1.0,Lagos,6,6,0,0,6,160000.0,1.0,6,6,6,1,1,42,15,32.0,3342000.0,7,1,1200000.0
240087,2,2,0,2,2,1,2,0,0,1,0,0,3.0,3.0,1.0,1.0,75.0,24.0,2419.0,6.0,1.0,Lagos,3,1,0,0,1,5000.0,0.3333333333333333,3,2,1,1,1,42,13,21.0,364000.0,7,1,360000.0
240088,2,0,0,2,2,0,2,1,0,1,1,0,5.0,5.0,1.0,1.0,43.0,24.0,2419.0,6.0,1.0,Lagos,5,2,0,0,2,73000.0,0.4,4,2,2,1,1,42,11,15.0,244500.0,7,0,0.0
240089,2,1,0,2,2,1,2,1,0,1,1,0,4.0,4.0,1.0,1.0,52.0,24.0,2419.0,6.0,1.0,Lagos,4,0,2,0,2,45000.0,0.0,3,2,3,1,1,42,13,14.0,309500.0,7,1,250000.0
240090,1,0,0,1,1,0,1,0,1,1,0,1,1.0,1.0,5101.0,1.0,49.0,24.0,2419.0,6.0,1.0,Lagos,2,1,0,0,1,50000.0,0.5,2,2,1,1,1,42,14,17.0,373000.0,7,0,0.0
240113,2,2,2,2,2,1,2,2,2,1,1,1,6.0,6.0,1.0,2.0,64.0,24.0,2405.0,6.0,1.0,Lagos,5,2,0,0,2,15000.0,0.4,4,2,2,1,1,42,5,6.0,69000.0,7,1,300000.0
240114,4,1,0,4,4,1,2,3,1,1,1,1,4.0,4.0,5.0,1.0,30.0,24.0,2405.0,6.0,1.0,Lagos,4,4,0,0,4,145000.0,1.0,4,4,2,1,1,42,9,11.0,131500.0,7,0,0.0
240115,1,1,1,1,1,1,1,0,0,1,0,0,1.0,1.0,3.0,2.0,42.0,24.0,2405.0,6.0,1.0,Lagos,1,1,0,0,1,120000.0,1.0,1,1,1,1,1,42,12,13.0,533000.0,7,0,0.0
240116,1,0,0,1,1,0,1,0,1,1,0,1,1.0,1.0,201.0,1.0,32.0,24.0,2418.0,6.0,1.0,Lagos,1,1,0,0,1,30000.0,1.0,1,1,1,1,1,42,13,14.0,136500.0,7,0,0.0
240117,3,3,0,3,3,1,3,3,2,1,1,1,7.0,7.0,1.0,1.0,42.0,24.0,2405.0,6.0,1.0,Lagos,6,3,0,0,3,90000.0,0.5,5,5,5,1,1,42,7,7.0,74000.0,7,0,0.0
240118,4,0,2,4,4,1,2,0,0,1,0,0,3.0,3.0,1.0,1.0,72.0,16.0,1626.0,4.0,1.0,Imo,4,2,0,0,1,1000.0,0.5,4,4,0,1,0,42,8,10.0,346500.0,7,0,0.0
240119,2,2,2,2,2,1,2,2,2,1,1,1,3.0,3.0,1.0,1.0,61.0,24.0,2405.0,6.0,1.0,Lagos,3,2,0,0,2,33000.0,0.6666666666666666,3,2,0,1,0,42,5,6.0,48000.0,7,0,0.0
240122,3,1,1,3,3,1,3,2,1,1,1,1,3.0,3.0,1.0,1.0,72.0,24.0,2413.0,6.0,1.0,Lagos,4,3,0,0,3,21500.0,0.75,4,4,3,1,1,42,13,23.0,2833000.0,7,3,3200000.0
240123,4,3,3,4,4,1,3,3,2,1,1,1,6.0,6.0,11.0,1.0,48.0,27.0,2707.0,6.0,1.0,Ogun,6,2,0,0,2,48000.0,0.3333333333333333,6,3,2,1,1,42,12,15.0,386000.0,7,1,5000.0
240124,4,0,1,4,4,1,3,0,0,1,0,0,4.0,4.0,1.0,1.0,63.0,24.0,2413.0,6.0,1.0,Lagos,4,1,0,1,2,210000.0,0.25,4,2,2,1,1,42,15,35.0,1044500.0,7,0,0.0
240125,4,0,0,4,4,0,2,0,2,1,0,1,5.0,5.0,1.0,1.0,48.0,24.0,2413.0,6.0,1.0,Lagos,5,2,0,0,2,112000.0,0.4,5,2,2,1,1,42,13,15.0,89700.0,7,1,396000.0
240126,2,0,0,2,2,0,2,1,0,1,1,0,1.0,1.0,1.0,1.0,60.0,27.0,2715.0,6.0,1.0,Ogun,3,2,0,0,2,300000.0,0.6666666666666666,2,2,1,1,1,42,17,28.0,2814500.0,7,0,0.0
240127,4,0,0,4,4,0,2,0,0,1,0,0,5.0,5.0,2.0,2.0,82.0,24.0,2413.0,6.0,1.0,Lagos,5,1,0,0,1,75000.0,0.2,4,2,0,1,0,42,14,34.0,109500.0,7,0,0.0
240128,3,1,0,3,3,1,2,1,0,1,1,0,4.0,4.0,2.0,2.0,45.0,24.0,2413.0,6.0,1.0,Lagos,4,1,0,0,1,16000.0,0.25,3,2,1,1,1,42,7,10.0,53500.0,7,0,0.0
240129,3,0,0,3,3,0,3,1,3,1,1,1,5.0,5.0,1.0,1.0,50.0,24.0,2413.0,6.0,1.0,Lagos,4,3,0,0,3,280000.0,0.75,4,3,3,1,1,42,16,29.0,337700.0,7,0,0.0
249001,2,0,0,2,2,0,1,0,0,1,0,0,5.0,5.0,1.0,1.0,44.0,24.0,2401.0,6.0,1.0,Lagos,5,1,1,0,2,150000.0,0.2,4,2,0,1,0,42,11,13.0,121000.0,7,0,0.0
249006,2,0,0,2,2,0,1,0,0,1,0,0,2.0,2.0,1.0,2.0,62.0,27.0,2707.0,6.0,1.0,Ogun,2,1,0,0,1,150000.0,0.5,2,2,0,1,0,42,15,21.0,173000.0,7,0,0.0
249008,3,2,2,3,3,1,3,2,1,1,1,1,4.0,4.0,1.0,1.0,50.0,24.0,2401.0,6.0,1.0,Lagos,4,3,0,0,3,190000.0,0.75,4,4,4,1,1,42,10,13.0,237700.0,7,1,150000.0
249009,1,0,1,1,1,1,0,0,1,0,0,1,1.0,1.0,1.0,1.0,39.0,24.0,2401.0,6.0,1.0,Lagos,1,1,0,0,1,14000.0,1.0,1,1,0,1,0,42,11,12.0,73500.0,7,0,0.0
249010,3,0,0,3,3,0,3,1,3,1,1,1,3.0,3.0,1.0,1.0,76.0,24.0,2401.0,6.0,1.0,Lagos,3,1,0,0,1,150000.0,0.3333333333333333,3,3,2,1,1,42,15,21.0,1647000.0,7,1,1800000.0
249012,2,0,0,2,2,0,2,1,0,1,1,0,3.0,3.0,1.0,1.0,36.0,24.0,2401.0,6.0,1.0,Lagos,3,2,0,0,2,260000.0,0.6666666666666666,2,2,2,1,1,42,11,22.0,276000.0,7,0,0.0
249013,4,1,0,4,4,1,4,0,0,1,0,0,7.0,7.0,1.0,1.0,46.0,16.0,1625.0,4.0,1.0,Imo,6,2,0,0,2,50000.0,0.3333333333333333,5,4,2,1,1,42,14,19.0,1891000.0,7,0,0.0
249015,2,1,0,2,2,1,1,1,0,1,1,0,2.0,2.0,2.0,2.0,20.0,24.0,2401.0,6.0,1.0,Lagos,2,2,0,0,2,30000.0,1.0,2,1,1,1,1,42,9,9.0,113000.0,7,0,0.0
249016,4,0,0,4,4,0,3,2,0,1,1,0,6.0,6.0,1.0,1.0,53.0,24.0,2401.0,6.0,1.0,Lagos,6,2,0,0,2,170000.0,0.3333333333333333,5,3,3,1,1,42,11,19.0,174500.0,7,0,0.0
249019,1,0,1,1,1,1,1,1,0,1,1,0,4.0,4.0,3.0,2.0,42.0,12.0,1207.0,5.0,1.0,Edo,4,0,0,0,0,0.0,0.0,3,1,0,1,0,42,12,25.0,2044700.0,7,0,0.0
249021,2,0,0,2,2,0,2,1,0,1,1,0,6.0,6.0,1.0,1.0,40.0,24.0,2401.0,6.0,1.0,Lagos,5,2,0,0,2,145000.0,0.4,3,2,2,1,1,42,10,18.0,199000.0,7,0,0.0
249022,2,0,0,2,2,0,1,0,0,1,0,0,2.0,2.0,2.0,2.0,68.0,24.0,2401.0,6.0,1.0,Lagos,2,0,0,0,0,0.0,0.0,2,1,0,1,0,42,7,7.0,10500.0,7,1,240000.0
249023,2,2,1,2,2,1,2,2,0,1,1,0,5.0,5.0,1.0,1.0,41.0,24.0,2401.0,6.0,1.0,Lagos,3,2,0,0,2,65000.0,0.6666666666666666,2,2,2,1,1,42,11,15.0,534500.0,7,1,200000.0
249025,3,0,1,3,3,1,3,3,0,1,1,0,3.0,3.0,1.0,1.0,36.0,24.0,2401.0,6.0,1.0,Lagos,3,2,0,0,2,70000.0,0.6666666666666666,3,3,3,1,1,42,12,17.0,419500.0,7,2,700000.0
249026,2,0,2,2,2,1,0,0,2,0,0,1,4.0,4.0,1.0,2.0,75.0,24.0,2401.0,6.0,1.0,Lagos,4,2,0,0,2,25000.0,0.5,3,1,0,1,0,42,8,10.0,38500.0,7,0,0.0
249027,1,0,0,1,1,0,1,0,1,1,0,1,1.0,1.0,1.0,2.0,39.0,24.0,2401.0,6.0,1.0,Lagos,1,1,0,0,1,40000.0,1.0,1,1,1,1,1,42,4,4.0,28500.0,7,0,0.0
249029,4,0,0,4,4,0,4,1,0,1,1,0,7.0,7.0,1.0,1.0,51.0,24.0,2401.0,6.0,1.0,Lagos,7,2,0,0,2,310000.0,0.2857142857142857,4,4,4,1,1,42,11,21.0,270000.0,7,0,0.0
249031,3,0,0,3,3,0,2,1,2,1,1,1,6.0,6.0,1.0,1.0,45.0,24.0,2401.0,6.0,1.0,Lagos,6,2,0,0,2,73000.0,0.3333333333333333,5,2,2,1,1,42,10,13.0,55300.0,7,0,0.0
249032,2,0,0,2,2,0,2,1,0,1,1,0,5.0,5.0,1.0,1.0,42.0,24.0,2401.0,6.0,1.0,Lagos,5,2,0,0,2,70000.0,0.4,3,2,2,1,1,42,11,15.0,65000.0,7,0,0.0
249033,2,2,1,2,2,1,2,2,1,1,1,1,3.0,3.0,1.0,1.0,32.0,24.0,2401.0,6.0,1.0,Lagos,2,2,0,0,2,60000.0,1.0,2,2,2,1,1,42,16,21.0,589500.0,7,0,0.0
249034,2,0,0,2,2,0,2,0,2,1,0,1,4.0,4.0,1.0,1.0,40.0,24.0,2401.0,6.0,1.0,Lagos,5,2,0,0,2,30000.0,0.4,3,2,2,1,1,42,10,14.0,46000.0,7,0,0.0
249035,2,1,1,2,2,1,2,2,0,1,1,0,6.0,6.0,1.0,1.0,36.0,24.0,2401.0,6.0,1.0,Lagos,4,2,0,0,2,85000.0,0.5,2,2,2,1,1,42,16,21.0,923000.0,7,1,400000.0
249037,4,1,1,4,4,1,3,1,3,1,1,1,4.0,4.0,1.0,1.0,52.0,24.0,2403.0,6.0,1.0,Lagos,5,2,0,0,2,333000.0,0.4,5,3,3,1,1,42,17,29.0,2184000.0,7,0,0.0
249038,6,1,2,6,6,1,6,6,1,1,1,1,6.0,6.0,1.0,1.0,54.0,24.0,2403.0,6.0,1.0,Lagos,6,2,0,0,2,250000.0,0.3333333333333333,6,6,6,1,1,42,18,33.0,4133000.0,7,2,800000.0
249040,3,2,1,3,3,1,2,1,0,1,1,0,6.0,6.0,1.0,1.0,38.0,24.0,2403.0,6.0,1.0,Lagos,7,2,0,0,2,35000.0,0.2857142857142857,5,3,3,1,1,42,14,20.0,380000.0,7,0,0.0
249041,1,1,1,1,1,1,1,1,0,1,1,0,1.0,1.0,1.0,1.0,27.0,24.0,2403.0,6.0,1.0,Lagos,1,1,0,0,1,100000.0,1.0,1,1,1,1,1,42,14,21.0,563500.0,7,0,0.0
249042,2,1,1,2,2,1,2,2,1,1,1,1,5.0,5.0,1.0,1.0,43.0,24.0,2403.0,6.0,1.0,Lagos,4,1,1,0,2,380000.0,0.25,3,3,3,1,1,42,18,33.0,5998000.0,7,2,3395000.0
249046,2,0,0,2,2,0,2,0,0,1,0,0,5.0,5.0,1.0,1.0,37.0,24.0,2403.0,6.0,1.0,Lagos,4,2,0,0,2,120000.0,0.5,3,2,2,1,1,42,14,26.0,206000.0,7,1,6000.0
249047,1,1,0,1,1,1,0,0,0,0,0,0,4.0,4.0,2.0,2.0,43.0,28.0,2814.0,6.0,1.0,Ondo,4,1,0,0,1,20000.0,0.25,2,2,1,1,1,42,7,10.0,79800.0,7,0,0.0
249048,2,1,1,2,2,1,2,1,0,1,1,0,4.0,4.0,1.0,1.0,36.0,24.0,2403.0,6.0,1.0,Lagos,3,2,0,0,2,205000.0,0.6666666666666666,2,2,2,1,1,42,13,25.0,247000.0,7,1,10000.0
249049,2,2,1,2,2,1,2,1,0,1,1,0,2.0,2.0,1.0,2.0,63.0,24.0,2404.0,6.0,1.0,Lagos,2,2,0,0,2,115000.0,1.0,2,2,1,1,1,42,7,10.0,266800.0,7,0,0.0
249051,4,4,1,4,4,1,4,3,4,1,1,1,3.0,3.0,2.0,2.0,42.0,24.0,2404.0,6.0,1.0,Lagos,4,2,0,0,2,85000.0,0.5,4,4,3,1,1,42,8,10.0,244000.0,7,0,0.0
249053,3,2,0,3,3,1,2,1,0,1,1,0,5.0,5.0,1.0,2.0,43.0,24.0,2404.0,6.0,1.0,Lagos,5,2,0,0,2,50000.0,0.4,4,2,1,1,1,42,8,12.0,58500.0,7,0,0.0
249056,6,5,5,6,6,1,6,6,5,1,1,1,7.0,7.0,1.0,1.0,50.0,24.0,2404.0,6.0,1.0,Lagos,7,5,0,0,5,140000.0,0.7142857142857143,7,6,5,1,1,42,8,12.0,132000.0,7,1,117000.0
249057,5,1,1,5,5,1,3,3,3,1,1,1,6.0,6.0,2.0,2.0,49.0,24.0,2404.0,6.0,1.0,Lagos,6,3,0,0,3,70000.0,0.5,6,5,5,1,1,42,12,14.0,144000.0,7,0,0.0
249058,2,1,0,2,2,1,2,1,1,1,1,1,2.0,2.0,1.0,1.0,62.0,24.0,2404.0,6.0,1.0,Lagos,2,2,0,0,2,130000.0,1.0,2,2,1,1,1,42,12,17.0,203500.0,7,0,0.0
249059,4,3,1,4,4,1,3,3,3,1,1,1,4.0,4.0,1.0,1.0,66.0,24.0,2404.0,6.0,1.0,Lagos,4,2,0,0,2,210000.0,0.5,4,4,4,1,1,42,12,18.0,2796000.0,7,0,0.0
249061,3,1,1,3,3,1,2,1,0,1,1,0,5.0,5.0,1.0,1.0,50.0,24.0,2405.0,6.0,1.0,Lagos,5,2,0,0,2,150000.0,0.4,5,2,1,1,1,42,9,14.0,143000.0,7,0,0.0
249063,2,0,0,2,2,0,1,0,0,1,0,0,2.0,2.0,1.0,1.0,69.0,24.0,2406.0,6.0,1.0,Lagos,2,2,0,0,2,64000.0,1.0,2,2,0,1,0,42,5,5.0,40000.0,7,0,0.0
249065,1,1,0,1,1,1,1,1,1,1,1,1,1.0,1.0,2.0,1.0,31.0,24.0,2405.0,6.0,1.0,Lagos,1,1,0,0,1,25000.0,1.0,1,1,1,1,1,42,9,11.0,182000.0,7,0,0.0
249066,2,0,0,2,2,0,2,2,0,1,1,0,1.0,1.0,1.0,1.0,38.0,27.0,2715.0,6.0,1.0,Ogun,2,2,0,0,2,75000.0,1.0,2,2,1,1,1,42,10,10.0,174000.0,7,1,40000.0
249067,5,3,3,5,5,1,3,3,4,1,1,1,5.0,5.0,1.0,1.0,59.0,24.0,2405.0,6.0,1.0,Lagos,5,3,0,0,3,120000.0,0.6,5,5,4,1,1,42,11,13.0,346000.0,7,1,150000.0
249068,2,2,0,2,2,1,2,1,2,1,1,1,6.0,6.0,1.0,1.0,44.0,24.0,2405.0,6.0,1.0,Lagos,6,2,0,0,2,110000.0,0.3333333333333333,3,2,2,1,1,42,11,15.0,167000.0,7,0,0.0
249069,1,1,0,1,1,1,1,1,0,1,1,0,1.0,1.0,4.0,1.0,32.0,24.0,2405.0,6.0,1.0,Lagos,1,1,0,0,1,90000.0,1.0,1,1,1,1,1,42,9,9.0,135500.0,7,0,0.0
249070,2,2,2,2,2,1,2,2,2,1,1,1,4.0,4.0,1.0,1.0,50.0,24.0,2405.0,6.0,1.0,Lagos,4,2,0,0,2,220000.0,0.5,3,3,3,1,1,42,8,11.0,210000.0,7,1,100000.0
249071,3,2,2,3,3,1,3,3,3,1,1,1,6.0,6.0,1.0,1.0,51.0,24.0,2405.0,6.0,1.0,Lagos,6,2,0,0,2,155000.0,0.3333333333333333,5,4,3,1,1,42,13,18.0,227000.0,7,0,0.0
249072,2,2,1,2,2,1,2,0,0,1,0,0,3.0,3.0,1.0,1.0,38.0,24.0,2405.0,6.0,1.0,Lagos,3,1,0,0,1,150000.0,0.3333333333333333,2,2,2,1,1,42,11,12.0,414000.0,7,0,0.0
249073,2,1,0,2,2,1,2,0,0,1,0,0,6.0,6.0,1.0,1.0,52.0,24.0,2405.0,6.0,1.0,Lagos,6,2,0,0,2,9000.0,0.3333333333333333,3,2,1,1,1,42,9,14.0,90000.0,7,0,0.0
249074,2,2,0,2,2,1,2,1,0,1,1,0,4.0,4.0,1.0,1.0,50.0,24.0,2405.0,6.0,1.0,Lagos,4,2,0,0,2,270000.0,0.5,2,2,2,1,1,42,12,22.0,251500.0,7,1,96000.0
249075,3,2,1,3,3,1,2,2,2,1,1,1,5.0,5.0,1.0,1.0,50.0,24.0,2405.0,6.0,1.0,Lagos,5,2,0,0,3,40000.0,0.4,4,4,3,1,1,42,11,14.0,305000.0,7,0,0.0
249077,3,1,1,3,3,1,1,2,2,1,1,1,6.0,6.0,1.0,1.0,38.0,24.0,2405.0,6.0,1.0,Lagos,6,2,0,0,2,20000.0,0.3333333333333333,6,4,1,1,1,42,5,5.0,75500.0,7,1,300000.0
249078,2,0,0,2,2,0,1,2,2,1,1,1,4.0,4.0,1.0,1.0,36.0,24.0,2405.0,6.0,1.0,Lagos,2,2,0,0,2,14000.0,1.0,2,2,2,1,1,42,12,17.0,267000.0,7,0,0.0
249079,1,0,1,1,1,1,0,0,1,0,0,1,1.0,1.0,1.0,2.0,70.0,29.0,2922.0,6.0,1.0,Osun,1,1,0,0,1,30000.0,1.0,1,1,0,1,0,42,9,9.0,46100.0,7,0,0.0
249081,3,1,2,3,3,1,2,2,1,1,1,1,5.0,5.0,1.0,1.0,49.0,24.0,2415.0,6.0,1.0,Lagos,5,2,0,0,2,11000.0,0.4,4,4,1,1,1,42,10,12.0,69000.0,7,0,0.0
249083,4,0,2,4,4,1,1,2,0,1,1,0,5.0,5.0,1.0,1.0,47.0,24.0,2415.0,6.0,1.0,Lagos,5,2,0,0,2,67000.0,0.4,5,5,2,1,1,42,12,14.0,196500.0,7,0,0.0
249084,1,1,1,1,1,1,1,0,0,1,0,0,1.0,1.0,1.0,1.0,57.0,23.0,2308.0,1.0,1.0,Kwara,1,1,0,0,1,1500.0,1.0,1,1,0,1,0,42,12,14.0,283000.0,7,0,0.0
249085,3,2,0,3,3,1,2,2,2,1,1,1,6.0,6.0,1.0,1.0,39.0,24.0,2405.0,6.0,1.0,Lagos,7,2,0,0,2,170000.0,0.2857142857142857,5,2,2,1,1,42,11,15.0,350500.0,7,0,0.0
249088,3,0,0,3,3,0,2,2,1,1,1,1,5.0,5.0,1.0,1.0,45.0,24.0,2405.0,6.0,1.0,Lagos,4,1,0,0,1,180000.0,0.25,3,3,3,1,1,42,12,17.0,297000.0,7,0,0.0
249089,2,2,1,2,2,1,2,2,2,1,1,1,6.0,6.0,1.0,1.0,41.0,24.0,2405.0,6.0,1.0,Lagos,5,2,0,0,2,150000.0,0.4,3,3,2,1,1,42,13,15.0,539000.0,7,0,0.0
249090,3,3,2,3,3,1,3,3,3,1,1,1,7.0,7.0,1.0,1.0,43.0,24.0,2405.0,6.0,1.0,Lagos,6,2,0,0,2,210000.0,0.3333333333333333,4,4,3,1,1,42,10,16.0,147500.0,7,0,0.0
249091,5,3,2,5,5,1,5,2,1,1,1,1,6.0,6.0,1.0,1.0,50.0,24.0,2405.0,6.0,1.0,Lagos,6,2,0,0,2,276000.0,0.3333333333333333,6,5,5,1,1,42,14,26.0,518500.0,7,0,0.0
249093,2,1,0,2,2,1,2,2,1,1,1,1,4.0,4.0,1.0,1.0,39.0,24.0,2405.0,6.0,1.0,Lagos,3,2,0,0,2,200000.0,0.6666666666666666,2,2,2,1,1,42,12,16.0,530000.0,7,0,0.0
249094,5,4,4,5,5,1,5,5,4,1,1,1,8.0,8.0,1.0,1.0,55.0,24.0,2405.0,6.0,1.0,Lagos,7,2,0,0,2,100000.0,0.2857142857142857,6,5,6,1,1,42,9,16.0,238000.0,7,0,0.0
249095,4,3,1,4,4,1,4,1,0,1,1,0,6.0,6.0,1.0,1.0,56.0,24.0,2405.0,6.0,1.0,Lagos,6,1,0,0,1,120000.0,0.16666666666666666,4,4,4,1,1,42,17,26.0,1834000.0,7,1,1200000.0
249096,2,2,2,2,2,1,2,2,2,1,1,1,6.0,6.0,1.0,1.0,38.0,24.0,2405.0,6.0,1.0,Lagos,4,1,0,0,1,61000.0,0.25,3,3,2,1,1,42,12,17.0,2593000.0,7,0,0.0
249098,2,2,0,2,2,1,2,2,0,1,1,0,2.0,2.0,1.0,2.0,54.0,24.0,2410.0,6.0,1.0,Lagos,2,2,0,0,2,370000.0,1.0,2,2,2,1,1,42,14,24.0,380000.0,7,0,0.0
249102,3,0,0,3,3,0,3,0,0,1,0,0,3.0,3.0,1.0,2.0,55.0,24.0,2410.0,6.0,1.0,Lagos,3,2,0,0,2,100000.0,0.6666666666666666,3,3,3,1,1,42,13,23.0,168000.0,7,0,0.0
249103,2,0,0,2,2,0,2,2,1,1,1,1,5.0,5.0,1.0,1.0,46.0,24.0,2410.0,6.0,1.0,Lagos,5,2,0,0,2,100000.0,0.4,3,2,2,1,1,42,14,18.0,148000.0,7,0,0.0
249104,6,0,0,6,6,0,6,4,0,1,1,0,9.0,9.0,1.0,1.0,53.0,24.0,2410.0,6.0,1.0,Lagos,9,2,1,0,3,450000.0,0.2222222222222222,7,7,7,1,1,42,14,37.0,570000.0,7,0,0.0
249105,1,0,0,1,1,0,1,1,0,1,1,0,1.0,1.0,1.0,1.0,58.0,24.0,2410.0,6.0,1.0,Lagos,1,0,1,0,1,120000.0,0.0,1,1,1,1,1,42,12,17.0,561000.0,7,3,700000.0
249106,3,0,0,3,3,0,3,2,0,1,1,0,6.0,6.0,1.0,1.0,41.0,24.0,2410.0,6.0,1.0,Lagos,5,2,0,0,2,90000.0,0.4,3,3,2,1,1,42,13,20.0,150000.0,7,1,75000.0
249107,2,1,0,2,2,1,2,2,0,1,1,0,3.0,3.0,1.0,1.0,36.0,27.0,2703.0,6.0,1.0,Ogun,2,2,0,0,2,450000.0,1.0,2,2,2,1,1,42,21,34.0,455000.0,7,0,0.0
249108,2,0,0,2,2,0,2,2,0,1,1,0,2.0,2.0,1.0,2.0,27.0,24.0,2410.0,6.0,1.0,Lagos,2,1,0,0,1,40000.0,0.5,2,2,2,1,1,42,8,9.0,274000.0,7,2,280000.0
249109,4,2,1,4,4,1,3,3,2,1,1,1,6.0,6.0,1.0,1.0,54.0,24.0,2415.0,6.0,1.0,Lagos,5,4,0,0,4,45000.0,0.8,5,5,5,1,1,42,5,6.0,39000.0,7,0,0.0
249111,2,2,0,2,2,1,2,1,0,1,1,0,4.0,4.0,1.0,1.0,42.0,24.0,2415.0,6.0,1.0,Lagos,4,2,0,0,2,300000.0,0.5,2,2,2,1,1,42,13,16.0,651000.0,7,0,0.0
249112,2,2,0,2,2,1,2,2,0,1,1,0,3.0,3.0,1.0,1.0,40.0,24.0,2415.0,6.0,1.0,Lagos,2,2,0,0,2,130000.0,1.0,2,2,2,1,1,42,7,8.0,347000.0,7,0,0.0
249113,2,2,0,2,2,1,2,2,1,1,1,1,1.0,1.0,1.0,1.0,35.0,24.0,2415.0,6.0,1.0,Lagos,2,1,0,0,1,60000.0,0.5,2,2,2,1,1,42,9,10.0,188000.0,7,0,0.0
249114,2,0,0,2,2,0,1,1,0,1,1,0,2.0,2.0,1.0,1.0,35.0,24.0,2415.0,6.0,1.0,Lagos,2,1,0,0,2,40000.0,0.5,2,2,2,1,1,42,6,8.0,33000.0,7,1,3000.0
249115,3,2,2,3,3,1,2,3,2,1,1,1,5.0,5.0,1.0,1.0,49.0,24.0,2415.0,6.0,1.0,Lagos,5,2,0,0,2,180000.0,0.4,4,4,4,1,1,42,12,19.0,364500.0,7,0,0.0
249116,5,2,0,5,5,1,4,3,0,1,1,0,5.0,5.0,1.0,1.0,70.0,24.0,2415.0,6.0,1.0,Lagos,5,1,0,0,1,40000.0,0.2,5,5,3,1,1,42,12,14.0,349200.0,7,1,50000.0
249117,5,3,3,5,5,1,3,4,4,1,1,1,8.0,8.0,1.0,1.0,49.0,24.0,2415.0,6.0,1.0,Lagos,8,2,0,0,2,65000.0,0.25,6,6,6,1,1,42,10,16.0,203200.0,7,0,0.0
249119,2,1,0,2,2,1,2,2,0,1,1,0,3.0,3.0,1.0,1.0,43.0,24.0,2409.0,6.0,1.0,Lagos,2,2,0,0,2,130000.0,1.0,2,2,2,1,1,42,16,33.0,347000.0,7,0,0.0
249120,3,0,0,3,3,0,3,3,3,1,1,1,3.0,3.0,1.0,1.0,51.0,24.0,2415.0,6.0,1.0,Lagos,3,2,0,0,2,320000.0,0.6666666666666666,3,3,3,1,1,42,11,19.0,428500.0,7,0,0.0
249121,1,0,0,1,1,0,1,1,0,1,1,0,1.0,1.0,2.0,2.0,38.0,24.0,2416.0,6.0,1.0,Lagos,1,1,0,0,1,80000.0,1.0,1,1,1,1,1,42,5,5.0,235000.0,7,0,0.0
249122,5,3,1,5,5,1,4,4,2,1,1,1,7.0,7.0,1.0,1.0,61.0,24.0,2416.0,6.0,1.0,Lagos,7,2,0,0,2,70000.0,0.2857142857142857,6,4,5,1,1,42,12,13.0,302000.0,7,0,0.0
249124,2,2,2,2,2,1,2,2,0,1,1,0,4.0,4.0,1.0,1.0,47.0,24.0,2416.0,6.0,1.0,Lagos,3,2,0,0,2,130000.0,0.6666666666666666,2,2,2,1,1,42,14,18.0,913000.0,7,0,0.0
249125,2,2,2,2,2,1,2,2,2,1,1,1,5.0,5.0,1.0,1.0,43.0,24.0,2416.0,6.0,1.0,Lagos,5,2,0,0,2,160000.0,0.4,2,2,2,1,1,42,12,18.0,949500.0,7,0,0.0
249126,4,2,1,4,4,1,4,2,0,1,1,0,4.0,4.0,1.0,1.0,47.0,24.0,2416.0,6.0,1.0,Lagos,4,2,0,0,2,650000.0,0.5,4,4,4,1,1,42,12,21.0,2969000.0,7,1,30000.0
249127,3,2,3,3,3,1,3,3,3,1,1,1,3.0,3.0,1.0,1.0,50.0,24.0,2416.0,6.0,1.0,Lagos,3,1,0,0,1,300000.0,0.3333333333333333,3,3,3,1,1,42,11,17.0,508000.0,7,0,0.0
249130,3,0,0,3,3,0,3,0,0,1,0,0,3.0,3.0,4.0,2.0,42.0,24.0,2416.0,6.0,1.0,Lagos,3,1,0,0,1,120000.0,0.3333333333333333,3,3,3,1,1,42,15,29.0,340000.0,7,0,0.0
249131,1,1,0,1,1,1,1,1,0,1,1,0,2.0,2.0,1.0,1.0,39.0,24.0,2416.0,6.0,1.0,Lagos,2,1,0,0,1,80000.0,0.5,2,2,2,1,1,42,10,12.0,202000.0,7,0,0.0
249133,3,1,0,3,3,1,3,1,0,1,1,0,4.0,4.0,1.0,1.0,63.0,23.0,2301.0,1.0,1.0,Kwara,4,1,0,0,1,4000.0,0.25,4,4,4,1,1,42,21,41.0,2030500.0,7,0,0.0
249135,3,0,0,3,3,0,2,2,0,1,1,0,3.0,3.0,1.0,1.0,60.0,24.0,2416.0,6.0,1.0,Lagos,3,2,0,0,2,90000.0,0.6666666666666666,3,2,1,1,1,42,7,8.0,98500.0,7,0,0.0
249136,5,4,2,5,5,1,4,3,2,1,1,1,5.0,5.0,1.0,1.0,62.0,24.0,2416.0,6.0,1.0,Lagos,5,4,0,0,4,1980000.0,0.8,5,5,5,1,1,42,13,25.0,4774500.0,7,1,60000.0
249139,2,0,0,2,2,0,2,2,0,1,1,0,2.0,2.0,1.0,1.0,56.0,24.0,2416.0,6.0,1.0,Lagos,2,1,0,0,1,5000.0,0.5,2,2,2,1,1,42,14,28.0,1794000.0,7,0,0.0
249141,4,2,0,4,4,1,3,3,2,1,1,1,5.0,5.0,1.0,1.0,60.0,24.0,2416.0,6.0,1.0,Lagos,5,3,0,0,3,28000.0,0.6,5,5,5,1,1,42,15,20.0,687000.0,7,0,0.0
249142,2,1,0,2,2,1,1,1,0,1,1,0,5.0,5.0,2.0,2.0,43.0,24.0,2416.0,6.0,1.0,Lagos,5,1,0,0,1,150000.0,0.2,3,2,1,1,1,42,10,11.0,130000.0,7,0,0.0
249143,2,2,2,2,2,1,2,2,2,1,1,1,3.0,3.0,1.0,1.0,41.0,24.0,2416.0,6.0,1.0,Lagos,2,2,0,0,2,550000.0,1.0,2,2,2,1,1,42,12,17.0,713000.0,7,0,0.0
249144,4,3,1,4,4,1,3,3,0,1,1,0,6.0,6.0,1.0,1.0,39.0,24.0,2416.0,6.0,1.0,Lagos,4,3,0,0,3,30000.0,0.75,4,3,3,1,1,42,7,12.0,170000.0,7,0,0.0
249145,4,1,2,4,4,1,3,1,0,1,1,0,4.0,4.0,1.0,1.0,58.0,24.0,2418.0,6.0,1.0,Lagos,4,3,0,0,3,110000.0,0.75,4,4,2,1,1,42,9,15.0,91500.0,7,1,216000.0
249147,2,0,0,2,2,0,2,2,0,1,1,0,5.0,5.0,1.0,1.0,39.0,24.0,2418.0,6.0,1.0,Lagos,4,2,0,0,2,230000.0,0.5,2,2,2,1,1,42,11,15.0,165000.0,7,0,0.0
249148,2,1,1,2,2,1,2,2,0,1,1,0,6.0,6.0,1.0,1.0,48.0,24.0,2418.0,6.0,1.0,Lagos,6,0,2,0,2,135000.0,0.0,5,5,5,1,1,42,12,20.0,547000.0,7,2,550000.0
249149,2,0,0,2,2,0,2,2,2,1,1,1,5.0,5.0,1.0,1.0,43.0,24.0,2418.0,6.0,1.0,Lagos,5,2,0,0,2,30000.0,0.4,3,2,1,1,1,42,10,10.0,41500.0,7,2,95000.0
249150,6,0,0,6,6,0,3,1,2,1,1,1,5.0,5.0,1.0,2.0,59.0,24.0,2418.0,6.0,1.0,Lagos,6,1,0,0,1,10000.0,0.16666666666666666,6,6,4,1,1,42,11,17.0,53500.0,7,1,180000.0
249151,2,0,1,2,2,1,2,2,0,1,1,0,3.0,3.0,1.0,1.0,54.0,24.0,2418.0,6.0,1.0,Lagos,3,1,1,0,2,140000.0,0.3333333333333333,3,3,3,1,1,42,11,19.0,667000.0,7,1,500000.0
249152,2,0,0,2,2,0,2,2,0,1,1,0,4.0,4.0,1.0,1.0,42.0,24.0,2418.0,6.0,1.0,Lagos,4,0,2,0,2,70000.0,0.0,2,2,2,1,1,42,13,14.0,650000.0,7,1,300000.0
249154,5,0,0,5,5,0,3,0,2,1,0,1,4.0,4.0,1.0,1.0,45.0,24.0,2418.0,6.0,1.0,Lagos,5,3,0,0,3,106000.0,0.6,5,3,2,1,1,42,11,13.0,44500.0,7,0,0.0
249155,4,1,0,4,4,1,3,4,2,1,1,1,5.0,5.0,1.0,1.0,46.0,27.0,2703.0,6.0,1.0,Ogun,5,0,2,0,2,70000.0,0.0,5,4,4,1,1,42,23,33.0,696500.0,7,0,0.0
249156,2,2,0,2,2,1,1,0,1,1,0,1,5.0,5.0,1.0,1.0,43.0,24.0,2418.0,6.0,1.0,Lagos,5,2,0,0,2,55000.0,0.4,3,2,0,1,0,42,16,21.0,198000.0,7,0,0.0
249157,1,0,0,1,1,0,1,0,0,1,0,0,1.0,1.0,1.0,1.0,43.0,24.0,2408.0,6.0,1.0,Lagos,1,1,0,0,1,70000.0,1.0,1,1,1,1,1,42,9,12.0,102000.0,7,0,0.0
249159,3,2,2,3,3,1,3,3,0,1,1,0,4.0,4.0,1.0,1.0,48.0,24.0,2418.0,6.0,1.0,Lagos,4,2,0,0,2,600000.0,0.5,4,4,4,1,1,42,25,50.0,6986000.0,7,1,120000.0
249161,4,0,0,4,4,0,4,2,0,1,1,0,3.0,3.0,1.0,1.0,85.0,24.0,2418.0,6.0,1.0,Lagos,4,1,0,0,1,150000.0,0.25,4,4,4,1,1,42,19,53.0,3735000.0,7,2,1610000.0
249162,2,0,0,2,2,0,2,1,2,1,1,1,2.0,2.0,1.0,1.0,45.0,24.0,2418.0,6.0,1.0,Lagos,2,2,0,0,2,196000.0,1.0,2,2,2,1,1,42,13,19.0,248700.0,7,0,0.0
249163,3,0,0,3,3,0,3,2,0,1,1,0,3.0,3.0,1.0,2.0,68.0,24.0,2418.0,6.0,1.0,Lagos,3,3,0,0,3,370000.0,1.0,3,3,3,1,1,42,14,26.0,294000.0,7,0,0.0
249164,3,2,1,3,3,1,3,3,0,1,1,0,5.0,5.0,1.0,1.0,53.0,24.0,2418.0,6.0,1.0,Lagos,5,1,0,0,2,380000.0,0.2,5,4,5,1,1,42,21,33.0,2614000.0,7,0,0.0
249166,1,0,0,1,1,0,1,1,0,1,1,0,1.0,1.0,1.0,1.0,41.0,24.0,2409.0,6.0,1.0,Lagos,1,1,0,0,1,100000.0,1.0,1,1,1,1,1,42,11,14.0,114000.0,7,0,0.0
249167,1,0,0,1,1,0,1,1,0,1,1,0,1.0,1.0,1.0,1.0,76.0,24.0,2418.0,6.0,1.0,Lagos,1,0,0,0,0,0.0,0.0,1,1,1,1,1,42,18,25.0,4484000.0,7,3,3000000.0
249182,5,4,2,5,5,1,4,5,5,1,1,1,6.0,6.0,1.0,1.0,61.0,24.0,2418.0,6.0,1.0,Lagos,6,2,0,0,2,105000.0,0.3333333333333333,6,6,6,1,1,42,11,30.0,367000.0,7,0,0.0
249183,6,2,0,6,6,1,6,5,6,1,1,1,3.0,3.0,1.0,1.0,66.0,24.0,2418.0,6.0,1.0,Lagos,6,1,0,0,1,5000.0,0.16666666666666666,6,6,6,1,1,42,13,28.0,608000.0,7,2,940000.0
249185,2,2,0,2,2,1,2,2,0,1,1,0,2.0,2.0,3.0,1.0,40.0,24.0,2418.0,6.0,1.0,Lagos,2,2,0,0,2,175000.0,1.0,2,2,2,1,1,42,14,19.0,377500.0,7,0,0.0
249186,3,1,1,3,3,1,2,2,1,1,1,1,4.0,4.0,1.0,1.0,50.0,24.0,2418.0,6.0,1.0,Lagos,4,2,0,0,2,215000.0,0.5,4,4,4,1,1,42,11,23.0,865000.0,7,0,0.0
249187,2,1,0,2,2,1,2,0,0,1,0,0,2.0,2.0,1.0,2.0,69.0,24.0,2418.0,6.0,1.0,Lagos,2,1,0,0,1,80000.0,0.5,2,1,1,1,1,42,12,22.0,832500.0,7,1,960000.0
249188,3,2,1,3,3,1,2,1,1,1,1,1,5.0,5.0,1.0,1.0,50.0,24.0,2418.0,6.0,1.0,Lagos,5,1,0,0,1,200000.0,0.2,4,3,3,1,1,42,14,21.0,718000.0,7,1,700000.0
249189,4,4,4,4,4,1,4,4,4,1,1,1,4.0,4.0,1.0,1.0,40.0,24.0,2418.0,6.0,1.0,Lagos,6,3,0,0,3,315000.0,0.5,4,4,4,1,1,42,13,26.0,577000.0,7,0,0.0
249190,2,2,1,2,2,1,2,2,2,1,1,1,6.0,6.0,1.0,1.0,44.0,24.0,2418.0,6.0,1.0,Lagos,6,2,0,0,2,185000.0,0.3333333333333333,4,3,4,1,1,42,8,10.0,252000.0,7,0,0.0
249191,2,2,2,2,2,1,2,2,2,1,1,1,4.0,4.0,1.0,2.0,80.0,24.0,2418.0,6.0,1.0,Lagos,4,1,0,0,1,10000.0,0.25,4,2,4,1,1,42,13,20.0,613000.0,7,1,300000.0
249192,6,6,0,6,6,1,6,2,1,1,1,1,6.0,6.0,1.0,1.0,59.0,24.0,2418.0,6.0,1.0,Lagos,6,1,1,0,2,1500000.0,0.16666666666666666,6,6,6,1,1,42,16,34.0,4869000.0,7,0,0.0
249195,3,1,1,3,3,1,3,2,3,1,1,1,3.0,3.0,1.0,1.0,70.0,24.0,2419.0,6.0,1.0,Lagos,3,1,0,0,1,80000.0,0.3333333333333333,3,3,2,1,1,42,8,11.0,154000.0,7,0,0.0
249196,2,0,0,2,2,0,2,2,2,1,1,1,4.0,4.0,1.0,1.0,42.0,27.0,2715.0,6.0,1.0,Ogun,3,1,0,0,1,100000.0,0.3333333333333333,2,2,2,1,1,42,21,25.0,2511000.0,7,1,80000.0
249198,2,1,0,2,2,1,2,2,2,1,1,1,2.0,2.0,1.0,1.0,74.0,24.0,2419.0,6.0,1.0,Lagos,2,1,0,0,1,4000.0,0.5,2,2,2,1,1,42,9,15.0,185000.0,7,1,300000.0
249199,5,3,2,5,5,1,4,4,4,1,1,1,6.0,6.0,1.0,2.0,48.0,24.0,2419.0,6.0,1.0,Lagos,6,3,0,0,3,98000.0,0.5,5,5,5,1,1,42,13,18.0,376000.0,7,0,0.0
249201,2,2,0,2,2,1,2,2,0,1,1,0,2.0,2.0,3.0,1.0,34.0,9.0,907.0,5.0,1.0,Cross River,2,2,0,0,2,7000.0,1.0,2,2,1,1,1,42,5,6.0,107800.0,7,0,0.0
249202,1,1,1,1,1,1,1,1,1,1,1,1,1.0,1.0,1.0,1.0,35.0,24.0,2419.0,6.0,1.0,Lagos,1,1,0,0,1,120000.0,1.0,1,1,1,1,1,42,7,7.0,208000.0,7,0,0.0
249203,2,2,1,2,2,1,2,2,2,1,1,1,5.0,5.0,1.0,1.0,44.0,24.0,2419.0,6.0,1.0,Lagos,4,2,0,0,2,210000.0,0.5,3,3,2,1,1,42,11,16.0,185000.0,7,0,0.0
249204,6,1,3,6,6,1,4,1,0,1,1,0,8.0,8.0,1.0,1.0,47.0,24.0,2419.0,6.0,1.0,Lagos,7,3,0,0,2,54000.0,0.42857142857142855,6,4,3,1,1,42,6,13.0,156000.0,7,0,0.0
249205,1,1,0,1,1,1,1,1,0,1,1,0,3.0,3.0,2.0,2.0,33.0,24.0,2420.0,6.0,1.0,Lagos,3,1,0,0,1,3000.0,0.3333333333333333,1,1,1,1,1,42,7,7.0,157000.0,7,0,0.0
249208,6,3,1,6,6,1,5,3,0,1,1,0,6.0,6.0,1.0,1.0,56.0,24.0,2420.0,6.0,1.0,Lagos,6,3,0,0,3,360000.0,0.5,6,6,6,1,1,42,11,21.0,651400.0,7,0,0.0
249210,1,1,1,1,1,1,1,0,0,1,0,0,2.0,2.0,1.0,2.0,86.0,24.0,2420.0,6.0,1.0,Lagos,2,1,0,0,1,100000.0,0.5,2,1,0,1,0,42,9,13.0,165800.0,7,1,10000.0
249211,3,2,2,3,3,1,2,2,2,1,1,1,5.0,5.0,1.0,1.0,51.0,24.0,2420.0,6.0,1.0,Lagos,5,2,0,0,2,46000.0,0.4,5,5,3,1,1,42,11,15.0,258000.0,7,0,0.0
249213,7,1,0,7,7,1,7,7,4,1,1,1,7.0,7.0,1.0,1.0,54.0,24.0,2420.0,6.0,1.0,Lagos,8,2,0,0,2,380000.0,0.25,8,7,7,1,1,42,11,25.0,216000.0,7,1,500000.0
249214,4,1,0,4,4,1,3,3,2,1,1,1,4.0,4.0,1.0,1.0,53.0,24.0,2420.0,6.0,1.0,Lagos,4,3,0,0,3,23000.0,0.75,4,4,3,1,1,42,9,10.0,193000.0,7,0,0.0
249215,4,2,0,4,4,1,3,4,2,1,1,1,5.0,5.0,4.0,2.0,44.0,24.0,2420.0,6.0,1.0,Lagos,5,3,0,0,3,120000.0,0.6,5,5,4,1,1,42,10,14.0,707000.0,7,1,96000.0
249216,5,4,4,5,5,1,4,4,4,1,1,1,5.0,5.0,1.0,1.0,68.0,24.0,2420.0,6.0,1.0,Lagos,5,1,0,0,1,50000.0,0.2,5,5,5,1,1,42,9,17.0,225000.0,7,0,0.0
249218,2,1,1,2,2,1,1,1,1,1,1,1,3.0,3.0,2.0,2.0,49.0,24.0,2420.0,6.0,1.0,Lagos,3,1,0,0,1,50000.0,0.3333333333333333,3,3,3,1,1,42,12,17.0,422000.0,7,0,0.0
249219,4,2,0,4,4,1,2,2,0,1,1,0,6.0,6.0,1.0,1.0,37.0,24.0,2420.0,6.0,1.0,Lagos,6,2,0,0,2,210000.0,0.3333333333333333,4,4,2,1,1,42,11,17.0,1110000.0,7,0,0.0
249221,4,3,1,4,4,1,3,4,3,1,1,1,5.0,5.0,1.0,2.0,51.0,24.0,2420.0,6.0,1.0,Lagos,5,2,0,0,2,60000.0,0.4,5,5,4,1,1,42,9,11.0,153000.0,7,0,0.0
249222,6,4,2,6,6,1,6,6,5,1,1,1,6.0,6.0,1.0,1.0,54.0,24.0,2420.0,6.0,1.0,Lagos,6,5,0,0,5,240000.0,0.8333333333333334,6,6,6,1,1,42,11,20.0,259000.0,7,0,0.0
249223,5,2,2,5,5,1,4,4,3,1,1,1,6.0,6.0,1.0,1.0,48.0,24.0,2420.0,6.0,1.0,Lagos,6,2,0,0,2,400000.0,0.3333333333333333,5,5,5,1,1,42,11,19.0,1064000.0,7,1,70000.0
249224,3,2,0,3,3,1,2,2,3,1,1,1,4.0,4.0,1.0,2.0,52.0,24.0,2420.0,6.0,1.0,Lagos,4,2,0,0,2,65000.0,0.5,4,3,2,1,1,42,4,4.0,75000.0,7,0,0.0
249225,2,2,2,2,2,1,2,2,2,1,1,1,3.0,3.0,1.0,1.0,52.0,24.0,2420.0,6.0,1.0,Lagos,3,2,0,0,2,80000.0,0.6666666666666666,2,2,0,1,0,42,9,11.0,218000.0,7,0,0.0
249226,2,2,1,2,2,1,2,1,0,1,1,0,6.0,6.0,1.0,1.0,44.0,24.0,2420.0,6.0,1.0,Lagos,6,2,0,0,2,262500.0,0.3333333333333333,4,2,1,1,1,42,8,12.0,153500.0,7,0,0.0
249228,7,2,0,7,7,1,4,4,1,1,1,1,8.0,8.0,1.0,1.0,66.0,24.0,2420.0,6.0,1.0,Lagos,8,4,0,0,4,175000.0,0.5,8,8,7,1,1,42,7,10.0,217000.0,7,0,0.0
249232,2,0,0,2,2,0,2,0,0,1,0,0,4.0,4.0,1.0,1.0,37.0,24.0,2409.0,6.0,1.0,Lagos,4,2,0,0,2,330000.0,0.5,3,3,2,1,1,42,18,37.0,3482000.0,7,0,0.0
249233,2,0,0,2,2,0,2,0,2,1,0,1,4.0,4.0,1.0,1.0,41.0,24.0,2420.0,6.0,1.0,Lagos,3,1,0,0,1,200000.0,0.3333333333333333,2,2,2,1,1,42,13,18.0,1706000.0,7,1,25000.0
249234,5,0,0,5,5,0,4,0,3,1,0,1,5.0,5.0,2.0,2.0,50.0,24.0,2420.0,6.0,1.0,Lagos,5,1,0,0,1,150000.0,0.2,5,5,5,1,1,42,10,19.0,88000.0,7,2,325000.0
249235,4,0,0,4,4,0,3,0,1,1,0,1,5.0,5.0,1.0,1.0,51.0,24.0,2420.0,6.0,1.0,Lagos,5,2,0,0,2,330000.0,0.4,5,3,3,1,1,42,18,27.0,1731000.0,7,0,0.0
249236,5,4,1,5,5,1,4,3,0,1,1,0,5.0,5.0,1.0,1.0,58.0,24.0,2420.0,6.0,1.0,Lagos,5,4,0,0,4,360000.0,0.8,5,5,5,1,1,42,14,27.0,911000.0,7,0,0.0
249238,2,1,1,2,2,1,2,2,0,1,1,0,4.0,4.0,1.0,1.0,43.0,27.0,2707.0,6.0,1.0,Ogun,3,2,0,0,2,500000.0,0.6666666666666666,2,2,2,1,1,42,21,37.0,492000.0,7,0,0.0
249239,3,3,1,3,3,1,3,1,0,1,1,0,5.0,5.0,1.0,2.0,70.0,24.0,2420.0,6.0,1.0,Lagos,5,2,0,0,2,50000.0,0.4,5,3,4,1,1,42,12,24.0,268000.0,7,0,0.0
249240,2,0,0,2,2,0,2,1,0,1,1,0,5.0,5.0,1.0,1.0,45.0,24.0,2420.0,6.0,1.0,Lagos,4,2,0,0,2,200000.0,0.5,4,2,2,1,1,42,13,21.0,225000.0,7,0,0.0
249241,1,0,0,1,1,0,1,0,0,1,0,0,2.0,2.0,1.0,2.0,61.0,27.0,2707.0,6.0,1.0,Ogun,2,1,0,0,1,150000.0,0.5,2,2,0,1,0,42,17,24.0,273000.0,7,0,0.0
249242,1,0,1,1,1,1,0,0,1,0,0,1,1.0,1.0,5101.0,1.0,42.0,24.0,2401.0,6.0,1.0,Lagos,2,1,0,0,1,20000.0,0.5,2,1,0,1,0,42,2,2.0,9000.0,7,0,0.0
249243,3,0,0,3,3,0,2,1,0,1,1,0,6.0,6.0,1.0,1.0,41.0,24.0,2401.0,6.0,1.0,Lagos,6,2,0,0,2,150000.0,0.3333333333333333,4,2,2,1,1,42,13,24.0,390000.0,7,0,0.0
249244,1,0,0,1,1,0,1,0,0,1,0,0,1.0,1.0,1.0,1.0,45.0,24.0,2401.0,6.0,1.0,Lagos,1,1,0,0,1,4000.0,1.0,1,1,0,1,0,42,3,3.0,6000.0,7,0,0.0
249247,4,0,1,4,4,1,2,0,2,1,0,1,4.0,4.0,1.0,1.0,59.0,24.0,2403.0,6.0,1.0,Lagos,4,2,0,0,2,32500.0,0.5,4,2,2,1,1,42,13,21.0,210000.0,7,0,0.0
249250,2,2,2,2,2,1,2,2,2,1,1,1,4.0,4.0,1.0,1.0,50.0,24.0,2404.0,6.0,1.0,Lagos,3,1,0,0,1,25000.0,0.3333333333333333,2,2,2,1,1,42,9,10.0,126000.0,7,0,0.0
249253,3,0,0,3,3,0,2,2,0,1,1,0,1.0,1.0,1.0,1.0,54.0,23.0,2310.0,1.0,1.0,Kwara,6,2,0,0,2,52000.0,0.3333333333333333,5,5,0,1,0,42,8,12.0,45000.0,7,0,0.0
249257,4,0,0,4,4,0,3,0,3,1,0,1,4.0,4.0,1.0,1.0,67.0,24.0,2410.0,6.0,1.0,Lagos,4,2,0,0,2,42000.0,0.5,4,3,2,1,1,42,7,14.0,166000.0,7,1,850000.0
249258,3,2,0,3,3,1,3,3,0,1,1,0,4.0,4.0,1.0,1.0,48.0,24.0,2410.0,6.0,1.0,Lagos,4,2,0,0,2,135000.0,0.5,4,3,3,1,1,42,13,18.0,364500.0,7,2,500000.0
249264,2,2,2,2,2,1,2,2,0,1,1,0,3.0,3.0,1.0,2.0,66.0,24.0,2416.0,6.0,1.0,Lagos,3,1,0,0,1,50000.0,0.3333333333333333,3,3,2,1,1,42,12,17.0,365000.0,7,1,100000.0
249267,3,0,1,3,3,1,3,1,2,1,1,1,3.0,3.0,1.0,1.0,85.0,24.0,2418.0,6.0,1.0,Lagos,3,1,0,0,1,120000.0,0.3333333333333333,3,3,3,1,1,42,16,36.0,4610000.0,7,3,4840000.0
249275,2,2,0,2,2,1,2,0,0,1,0,0,1.0,1.0,1.0,1.0,100.0,24.0,2420.0,6.0,1.0,Lagos,2,1,0,0,1,50000.0,0.5,2,2,0,1,0,42,12,18.0,393800.0,7,1,1200000.0
249276,3,3,1,3,3,1,3,3,3,1,1,1,3.0,3.0,1.0,2.0,62.0,24.0,2420.0,6.0,1.0,Lagos,3,2,0,0,2,350000.0,0.6666666666666666,3,3,3,1,1,42,12,22.0,1085000.0,7,0,0.0
249278,2,1,0,2,2,1,1,0,0,1,0,0,2.0,2.0,1.0,1.0,79.0,24.0,2420.0,6.0,1.0,Lagos,2,0,0,0,0,0.0,0.0,2,0,0,0,0,42,8,12.0,89000.0,7,0,0.0
249279,2,2,1,2,2,1,2,1,1,1,1,1,2.0,2.0,1.0,1.0,74.0,24.0,2403.0,6.0,1.0,Lagos,2,0,0,0,0,0.0,0.0,2,2,1,1,1,42,10,14.0,175500.0,7,0,0.0
250011,6,0,0,6,6,0,3,0,0,1,0,0,6.0,6.0,1.0,1.0,52.0,25.0,2504.0,1.0,2.0,Nasarawa,6,4,0,0,3,240000.0,0.6666666666666666,6,6,5,1,1,42,9,25.0,336000.0,7,0,0.0
250012,3,0,0,3,3,0,2,0,0,1,0,0,4.0,4.0,1.0,1.0,50.0,25.0,2504.0,1.0,2.0,Nasarawa,4,4,0,0,1,25000.0,1.0,4,2,0,1,0,42,7,17.0,288500.0,7,0,0.0
250013,2,0,0,2,2,0,1,0,0,1,0,0,3.0,3.0,2.0,2.0,49.0,25.0,2504.0,1.0,2.0,Nasarawa,3,2,0,0,2,50000.0,0.6666666666666666,3,2,1,1,1,42,5,10.0,200000.0,7,1,20000.0
250014,3,1,0,3,3,1,3,0,0,1,0,0,4.0,4.0,2.0,2.0,53.0,25.0,2504.0,1.0,2.0,Nasarawa,4,2,1,0,2,86000.0,0.5,4,4,3,1,1,42,13,23.0,245500.0,7,1,10000.0
250015,3,3,1,3,3,1,3,0,0,1,0,0,7.0,7.0,1.0,1.0,51.0,18.0,1802.0,3.0,2.0,Kaduna,7,2,0,0,2,288000.0,0.2857142857142857,7,6,1,1,1,42,12,20.0,343300.0,7,0,0.0
250016,4,0,0,4,4,0,3,0,0,1,0,0,5.0,5.0,2.0,2.0,55.0,25.0,2504.0,1.0,2.0,Nasarawa,5,4,0,0,1,20000.0,0.8,5,2,2,1,1,42,9,20.0,125500.0,7,0,0.0
250017,5,1,0,5,5,1,5,5,1,1,1,1,5.0,5.0,1.0,2.0,60.0,25.0,2504.0,1.0,2.0,Nasarawa,5,4,0,0,1,45000.0,0.8,5,5,4,1,1,42,8,18.0,217500.0,7,1,684000.0
250018,11,2,5,11,11,1,3,1,2,1,1,1,14.0,14.0,1.0,1.0,46.0,25.0,2504.0,1.0,2.0,Nasarawa,18,12,1,0,4,540000.0,0.6666666666666666,15,8,1,1,1,42,6,28.0,314500.0,7,0,0.0
250019,4,0,0,4,4,0,3,0,0,1,0,0,8.0,8.0,1.0,1.0,57.0,25.0,2504.0,1.0,2.0,Nasarawa,7,6,0,0,2,50000.0,0.8571428571428571,6,3,3,1,1,42,10,23.0,384700.0,7,0,0.0
250020,4,1,0,4,4,1,4,0,0,1,0,0,8.0,8.0,1.0,1.0,53.0,25.0,2504.0,1.0,2.0,Nasarawa,7,5,0,0,0,0.0,0.7142857142857143,6,3,1,1,1,42,10,22.0,1022000.0,7,0,0.0
259001,7,0,0,7,7,0,1,0,0,1,0,0,12.0,12.0,1.0,1.0,45.0,25.0,2503.0,1.0,2.0,Nasarawa,12,7,0,0,1,10000.0,0.5833333333333334,10,5,3,1,1,42,7,20.0,231500.0,7,0,0.0
259002,3,0,0,3,3,0,1,0,0,1,0,0,8.0,8.0,1.0,1.0,39.0,25.0,2503.0,1.0,2.0,Nasarawa,8,3,0,0,3,335000.0,0.375,4,3,1,1,1,42,11,26.0,537000.0,7,0,0.0
259003,5,0,1,5,5,1,3,0,0,1,0,0,7.0,7.0,1.0,1.0,46.0,25.0,2503.0,1.0,2.0,Nasarawa,8,4,0,0,1,30000.0,0.5,6,4,0,1,0,42,6,17.0,44800.0,7,0,0.0
259004,4,0,0,4,4,0,3,0,0,1,0,0,4.0,4.0,1.0,1.0,55.0,25.0,2503.0,1.0,2.0,Nasarawa,4,4,0,0,4,97000.0,1.0,4,4,2,1,1,42,9,22.0,288500.0,7,0,0.0
259007,4,0,0,4,4,0,1,0,0,1,0,0,8.0,8.0,1.0,1.0,40.0,25.0,2503.0,1.0,2.0,Nasarawa,5,4,0,0,1,25000.0,0.8,4,3,0,1,0,42,7,15.0,198000.0,7,0,0.0
259008,2,0,0,2,2,0,2,0,0,1,0,0,6.0,6.0,1.0,1.0,36.0,25.0,2503.0,1.0,2.0,Nasarawa,5,2,0,0,1,10000.0,0.4,3,2,0,1,0,42,4,9.0,61000.0,7,0,0.0
259009,3,0,0,3,3,0,2,0,0,1,0,0,4.0,4.0,2.0,2.0,57.0,25.0,2503.0,1.0,2.0,Nasarawa,4,4,0,0,1,100000.0,1.0,4,2,1,1,1,42,5,12.0,103500.0,7,0,0.0
259010,3,0,0,3,3,0,3,0,0,1,0,0,3.0,3.0,1.0,1.0,31.0,25.0,2503.0,1.0,2.0,Nasarawa,5,3,0,0,2,40000.0,0.6,3,3,3,1,1,42,10,20.0,266500.0,7,0,0.0
259011,3,0,0,3,3,0,1,0,0,1,0,0,4.0,4.0,1.0,1.0,31.0,25.0,2503.0,1.0,2.0,Nasarawa,3,2,0,0,2,62000.0,0.6666666666666666,3,3,2,1,1,42,15,20.0,958000.0,7,1,500000.0
259012,2,0,0,2,2,0,1,0,0,1,0,0,5.0,5.0,1.0,1.0,39.0,25.0,2503.0,1.0,2.0,Nasarawa,3,2,0,0,1,46000.0,0.6666666666666666,2,2,1,1,1,42,5,6.0,317500.0,7,0,0.0
260051,3,0,0,3,3,0,1,1,0,1,1,0,2.0,2.0,1.0,1.0,88.0,26.0,2615.0,1.0,2.0,Niger,3,1,0,0,1,120000.0,0.3333333333333333,3,0,0,0,0,42,3,4.0,7200.0,7,0,0.0
260052,4,0,0,4,4,0,0,0,0,0,0,0,4.0,4.0,1.0,1.0,88.0,26.0,2615.0,1.0,2.0,Niger,4,1,0,0,1,0.0,0.25,4,0,0,0,0,42,3,7.0,27000.0,7,0,0.0
260053,4,1,1,4,4,1,1,1,0,1,1,0,4.0,4.0,1.0,1.0,77.0,26.0,2615.0,1.0,2.0,Niger,4,3,0,0,0,0.0,0.75,4,1,0,1,0,42,2,5.0,14800.0,7,0,0.0
260054,6,0,0,6,6,0,0,0,0,0,0,0,6.0,6.0,1.0,1.0,64.0,26.0,2615.0,1.0,2.0,Niger,6,5,0,0,0,0.0,0.8333333333333334,6,2,0,1,0,42,5,13.0,110500.0,7,0,0.0
260055,5,0,0,5,5,0,0,0,0,0,0,0,5.0,5.0,1.0,1.0,45.0,26.0,2615.0,1.0,2.0,Niger,5,3,0,0,3,0.0,0.6,5,0,0,0,0,42,2,7.0,24400.0,7,0,0.0
260056,4,0,1,4,4,1,0,0,0,0,0,0,4.0,4.0,1.0,1.0,52.0,26.0,2615.0,1.0,2.0,Niger,4,2,0,0,0,0.0,0.5,4,0,0,0,0,42,5,10.0,34900.0,7,1,25000.0
260057,8,0,0,8,8,0,0,0,0,0,0,0,16.0,16.0,1.0,1.0,65.0,26.0,2615.0,1.0,2.0,Niger,16,5,0,0,2,5700.0,0.3125,10,2,0,1,0,42,1,10.0,300.0,7,0,0.0
260058,4,0,0,4,4,0,0,0,0,0,0,0,4.0,4.0,1.0,1.0,84.0,26.0,2615.0,1.0,2.0,Niger,4,2,0,0,1,350000.0,0.5,4,2,0,1,0,42,3,7.0,15700.0,7,0,0.0
260059,2,0,0,2,2,0,0,0,0,0,0,0,2.0,2.0,1.0,1.0,43.0,26.0,2615.0,1.0,2.0,Niger,2,0,0,0,0,0.0,0.0,2,0,0,0,0,42,2,4.0,9000.0,7,0,0.0
260060,3,0,0,3,3,0,0,0,0,0,0,0,6.0,6.0,1.0,1.0,36.0,26.0,2615.0,1.0,2.0,Niger,5,5,0,0,3,304000.0,1.0,4,0,0,0,0,42,1,10.0,300.0,7,0,0.0
260081,4,1,1,4,4,1,1,0,1,1,0,1,8.0,8.0,1.0,1.0,60.0,26.0,2611.0,1.0,2.0,Niger,8,7,0,0,3,63000.0,0.875,6,6,0,1,0,42,4,9.0,98500.0,7,0,0.0
260082,1,0,0,1,1,0,0,0,0,0,0,0,1.0,1.0,1.0,1.0,64.0,26.0,2611.0,1.0,2.0,Niger,1,1,0,0,0,0.0,1.0,1,0,0,0,0,42,2,2.0,3200.0,7,0,0.0
260083,6,1,1,6,6,1,1,1,1,1,1,1,7.0,7.0,1.0,1.0,50.0,26.0,2611.0,1.0,2.0,Niger,10,1,0,0,1,30000.0,0.1,7,7,0,1,0,42,3,12.0,45800.0,7,0,0.0
260084,1,0,1,1,1,1,0,0,0,0,0,0,1.0,1.0,5.0,1.0,21.0,26.0,2611.0,1.0,2.0,Niger,1,1,0,0,1,220000.0,1.0,1,1,0,1,0,42,4,8.0,26000.0,7,0,0.0
260085,3,1,1,3,3,1,1,1,1,1,1,1,3.0,3.0,1.0,1.0,33.0,26.0,2611.0,1.0,2.0,Niger,3,3,0,0,0,0.0,1.0,3,2,0,1,0,42,2,3.0,8700.0,7,0,0.0
260086,3,0,0,3,3,0,0,0,0,0,0,0,3.0,3.0,1.0,1.0,59.0,26.0,2611.0,1.0,2.0,Niger,3,3,0,0,3,640000.0,1.0,3,3,0,1,0,42,3,8.0,18400.0,7,0,0.0
260087,6,1,1,6,6,1,1,1,1,1,1,1,6.0,6.0,1.0,1.0,63.0,26.0,2611.0,1.0,2.0,Niger,6,4,1,0,5,133000.0,0.6666666666666666,6,3,0,1,0,42,4,10.0,36700.0,7,0,0.0
260088,2,0,0,2,2,0,0,1,0,0,1,0,1.0,1.0,2.0,1.0,29.0,26.0,2611.0,1.0,2.0,Niger,2,2,0,0,2,360000.0,1.0,2,2,0,1,0,42,5,9.0,93500.0,7,0,0.0
260089,2,1,2,2,2,1,0,2,2,0,1,1,6.0,6.0,1.0,1.0,57.0,26.0,2611.0,1.0,2.0,Niger,5,5,0,0,2,95000.0,1.0,3,3,0,1,0,42,5,11.0,98500.0,7,0,0.0
260090,5,1,1,5,5,1,1,1,1,1,1,1,5.0,5.0,1.0,1.0,50.0,26.0,2611.0,1.0,2.0,Niger,6,2,0,0,0,0.0,0.3333333333333333,5,2,0,1,0,42,6,15.0,109880.0,7,0,0.0
260111,3,3,1,3,3,1,0,0,3,0,0,1,3.0,3.0,2.0,1.0,22.0,26.0,2603.0,1.0,1.0,Niger,3,2,0,0,3,21500.0,0.6666666666666666,3,2,0,1,0,42,7,12.0,35700.0,7,0,0.0
260112,7,0,0,7,7,0,3,3,0,1,1,0,10.0,10.0,1.0,1.0,52.0,26.0,2603.0,1.0,1.0,Niger,9,2,0,0,2,65000.0,0.2222222222222222,7,6,6,1,1,42,10,24.0,1695500.0,7,0,0.0
260113,4,2,2,4,4,1,2,3,1,1,1,1,4.0,4.0,1.0,1.0,44.0,26.0,2603.0,1.0,1.0,Niger,4,1,0,0,1,52000.0,0.25,4,3,2,1,1,42,12,18.0,487500.0,7,1,624000.0
260114,4,1,0,4,4,1,1,1,1,1,1,1,8.0,8.0,1.0,1.0,53.0,26.0,2603.0,1.0,1.0,Niger,8,1,0,0,1,185000.0,0.125,6,3,1,1,1,42,8,32.0,910300.0,7,0,0.0
260115,4,0,0,4,4,0,0,1,0,0,1,0,4.0,4.0,2.0,2.0,50.0,26.0,2603.0,1.0,1.0,Niger,4,3,0,0,3,107000.0,0.75,4,3,0,1,0,42,7,14.0,209300.0,7,1,4000.0
260116,6,3,1,6,6,1,3,0,1,1,0,1,11.0,11.0,1.0,1.0,42.0,26.0,2603.0,1.0,1.0,Niger,11,4,0,0,2,38000.0,0.36363636363636365,10,5,1,1,1,42,14,36.0,391500.0,7,2,180000.0
260117,6,0,0,6,6,0,1,1,0,1,1,0,10.0,10.0,1.0,1.0,68.0,26.0,2603.0,1.0,1.0,Niger,10,3,0,0,2,114000.0,0.3,7,7,3,1,1,42,11,27.0,196050.0,7,0,0.0
260118,2,0,0,2,2,0,0,0,0,0,0,0,2.0,2.0,1.0,1.0,43.0,26.0,2603.0,1.0,1.0,Niger,2,1,0,0,1,3000.0,0.5,2,1,0,1,0,42,3,9.0,35000.0,7,0,0.0
260119,4,2,2,4,4,1,2,1,2,1,1,1,4.0,4.0,1.0,1.0,69.0,26.0,2603.0,1.0,1.0,Niger,4,1,2,0,3,40000.0,0.25,4,4,2,1,1,42,13,33.0,200600.0,7,0,0.0
260120,3,0,2,3,3,1,2,2,2,1,1,1,3.0,3.0,2.0,2.0,37.0,26.0,2603.0,1.0,1.0,Niger,3,2,0,0,2,23000.0,0.6666666666666666,3,3,1,1,1,42,8,15.0,179060.0,7,0,0.0
260151,4,0,0,4,4,0,0,0,0,0,0,0,4.0,4.0,1.0,1.0,73.0,26.0,2613.0,1.0,2.0,Niger,4,2,0,0,1,270000.0,0.5,4,2,0,1,0,42,4,8.0,194500.0,7,0,0.0
260152,6,0,0,6,6,0,0,0,0,0,0,0,11.0,11.0,1.0,1.0,85.0,26.0,2613.0,1.0,2.0,Niger,10,4,0,0,0,0.0,0.4,9,2,0,1,0,42,6,20.0,320200.0,7,0,0.0
260153,8,2,1,8,8,1,2,2,1,1,1,1,8.0,8.0,1.0,1.0,82.0,26.0,2613.0,1.0,2.0,Niger,8,2,0,0,1,220000.0,0.25,8,5,2,1,1,42,16,45.0,1487200.0,7,1,170000.0
260154,3,0,0,3,3,0,0,0,0,0,0,0,3.0,3.0,1.0,1.0,50.0,26.0,2613.0,1.0,2.0,Niger,3,2,0,0,2,500000.0,0.6666666666666666,3,1,0,1,0,42,5,11.0,171500.0,7,0,0.0
260155,3,0,0,3,3,0,0,0,0,0,0,0,10.0,10.0,1.0,1.0,78.0,26.0,2613.0,1.0,2.0,Niger,10,3,0,0,1,150000.0,0.3,9,3,0,1,0,42,5,16.0,128300.0,7,0,0.0
260156,3,0,0,3,3,0,0,0,0,0,0,0,8.0,8.0,1.0,1.0,45.0,26.0,2613.0,1.0,2.0,Niger,6,1,0,1,1,250000.0,0.16666666666666666,5,2,0,1,0,42,6,12.0,360000.0,7,0,0.0
260157,5,1,3,5,5,1,2,2,3,1,1,1,4.0,4.0,1.0,1.0,63.0,26.0,2613.0,1.0,2.0,Niger,5,5,0,0,3,33000.0,1.0,5,5,0,1,0,42,8,16.0,82300.0,7,1,9500.0
260158,8,1,4,8,8,1,0,1,3,0,1,1,8.0,8.0,1.0,1.0,51.0,26.0,2613.0,1.0,2.0,Niger,8,8,0,0,1,6000.0,1.0,8,6,0,1,0,42,9,24.0,98300.0,7,2,11500.0
260159,4,0,0,4,4,0,0,0,0,0,0,0,7.0,7.0,1.0,1.0,55.0,26.0,2613.0,1.0,2.0,Niger,7,2,0,0,0,0.0,0.2857142857142857,6,2,0,1,0,42,5,12.0,141000.0,7,0,0.0
260160,5,0,1,5,5,1,1,2,1,1,1,1,5.0,5.0,1.0,1.0,68.0,26.0,2613.0,1.0,2.0,Niger,5,1,0,0,0,0.0,0.2,5,5,0,1,0,42,9,20.0,216900.0,7,0,0.0
260161,1,0,0,1,1,0,0,0,0,0,0,0,4.0,4.0,2.0,2.0,53.0,26.0,2616.0,1.0,2.0,Niger,2,1,0,0,0,0.0,0.5,1,1,0,1,0,42,3,5.0,29100.0,7,0,0.0
260162,6,0,0,6,6,0,0,0,0,0,0,0,8.0,8.0,1.0,1.0,56.0,26.0,2616.0,1.0,2.0,Niger,8,1,0,0,1,170000.0,0.125,8,2,0,1,0,42,6,16.0,63700.0,7,0,0.0
260163,5,0,4,5,5,1,0,0,0,0,0,0,5.0,5.0,1.0,1.0,67.0,26.0,2616.0,1.0,2.0,Niger,5,4,0,0,1,35000.0,0.8,5,3,0,1,0,42,6,14.0,48900.0,7,0,0.0
260164,4,0,0,4,4,0,0,0,0,0,0,0,6.0,6.0,1.0,1.0,57.0,26.0,2616.0,1.0,2.0,Niger,6,4,0,0,4,722000.0,0.6666666666666666,6,2,0,1,0,42,4,15.0,29800.0,7,0,0.0
260165,2,0,0,2,2,0,0,0,0,0,0,0,3.0,3.0,1.0,1.0,39.0,26.0,2616.0,1.0,2.0,Niger,3,2,0,0,0,0.0,0.6666666666666666,3,3,0,1,0,42,4,8.0,123880.0,7,0,0.0
260166,7,0,3,7,7,1,0,0,0,0,0,0,7.0,7.0,1.0,1.0,84.0,26.0,2616.0,1.0,2.0,Niger,7,5,0,0,2,35000.0,0.7142857142857143,7,7,0,1,0,42,7,18.0,62600.0,7,0,0.0
260167,4,0,0,4,4,0,0,0,0,0,0,0,9.0,9.0,1.0,1.0,33.0,26.0,2616.0,1.0,2.0,Niger,9,3,0,0,2,1000000.0,0.3333333333333333,7,1,0,1,0,42,4,15.0,35500.0,7,0,0.0
260168,5,1,1,5,5,1,2,2,2,1,1,1,5.0,5.0,1.0,1.0,56.0,26.0,2616.0,1.0,2.0,Niger,5,3,0,0,1,250000.0,0.6,5,3,1,1,1,42,5,17.0,184300.0,7,0,0.0
260169,3,0,0,3,3,0,0,0,0,0,0,0,7.0,7.0,1.0,1.0,64.0,26.0,2616.0,1.0,2.0,Niger,4,2,0,0,0,0.0,0.5,3,3,0,1,0,42,3,9.0,114450.0,7,0,0.0
260170,5,0,0,5,5,0,0,0,0,0,0,0,5.0,5.0,2.0,2.0,46.0,26.0,2616.0,1.0,2.0,Niger,5,4,0,0,1,270000.0,0.8,5,2,0,1,0,42,3,10.0,45700.0,7,0,0.0
269001,4,0,0,4,4,0,1,1,0,1,1,0,5.0,5.0,1.0,1.0,47.0,26.0,2603.0,1.0,1.0,Niger,4,2,0,0,2,45000.0,0.5,4,1,0,1,0,42,9,21.0,78500.0,7,0,0.0
269002,5,3,1,5,5,1,2,5,2,1,1,1,5.0,5.0,1.0,1.0,68.0,26.0,2609.0,1.0,1.0,Niger,5,4,0,1,5,202000.0,0.8,5,5,3,1,1,42,10,24.0,483800.0,7,0,0.0
269004,2,1,1,2,2,1,1,1,1,1,1,1,6.0,6.0,1.0,1.0,32.0,26.0,2603.0,1.0,1.0,Niger,5,2,0,0,2,12000.0,0.4,2,2,0,1,0,42,12,18.0,66000.0,7,2,42000.0
269005,5,2,2,5,5,1,2,2,2,1,1,1,8.0,8.0,107.0,1.0,46.0,26.0,2603.0,1.0,1.0,Niger,8,1,0,0,1,7000.0,0.125,7,3,2,1,1,42,9,27.0,1271000.0,7,1,40000.0
269006,3,0,1,3,3,1,1,1,0,1,1,0,6.0,6.0,1.0,1.0,39.0,26.0,2603.0,1.0,1.0,Niger,6,1,0,0,1,15000.0,0.16666666666666666,6,6,5,1,1,42,9,16.0,229700.0,7,0,0.0
269007,4,0,0,4,4,0,1,1,0,1,1,0,9.0,9.0,1.0,1.0,47.0,26.0,2603.0,1.0,1.0,Niger,9,2,0,0,2,50000.0,0.2222222222222222,7,2,1,1,1,42,4,10.0,139600.0,7,0,0.0
269009,6,1,0,6,6,1,2,1,1,1,1,1,10.0,10.0,1.0,1.0,76.0,26.0,2603.0,1.0,1.0,Niger,9,0,0,0,0,0.0,0.0,9,2,1,1,1,42,2,7.0,110000.0,7,1,575000.0
269010,2,2,2,2,2,1,2,1,1,1,1,1,2.0,2.0,1.0,1.0,70.0,26.0,2603.0,1.0,1.0,Niger,2,2,0,0,2,12000.0,1.0,2,2,0,1,0,42,13,21.0,129400.0,7,0,0.0
269011,2,0,2,2,2,1,2,2,1,1,1,1,5.0,5.0,1.0,1.0,35.0,26.0,2603.0,1.0,1.0,Niger,5,2,0,0,2,15000.0,0.4,3,3,3,1,1,42,12,20.0,315600.0,7,0,0.0
269012,3,0,1,3,3,1,1,1,0,1,1,0,5.0,5.0,1.0,1.0,46.0,26.0,2603.0,1.0,1.0,Niger,5,1,0,0,1,30000.0,0.2,5,5,0,1,0,42,10,20.0,189650.0,7,0,0.0
269013,5,0,0,5,5,0,0,0,0,0,0,0,6.0,6.0,1.0,1.0,58.0,26.0,2604.0,1.0,2.0,Niger,6,3,0,0,2,300000.0,0.5,6,3,0,1,0,42,6,14.0,216000.0,7,0,0.0
269014,4,0,0,4,4,0,0,0,0,0,0,0,4.0,4.0,1.0,1.0,53.0,26.0,2604.0,1.0,2.0,Niger,5,3,0,0,0,0.0,0.6,5,2,0,1,0,42,6,11.0,166300.0,7,0,0.0
269015,3,0,3,3,3,1,0,0,0,0,0,0,3.0,3.0,1.0,1.0,68.0,26.0,2604.0,1.0,2.0,Niger,3,3,0,0,0,0.0,1.0,3,3,0,1,0,42,10,18.0,85700.0,7,0,0.0
269017,6,0,6,6,6,1,0,2,3,0,1,1,7.0,7.0,1.0,1.0,42.0,26.0,2604.0,1.0,2.0,Niger,7,7,0,0,0,0.0,1.0,6,6,0,1,0,42,12,25.0,191300.0,7,0,0.0
269018,7,0,5,7,7,1,0,0,0,0,0,0,9.0,9.0,1.0,1.0,54.0,26.0,2604.0,1.0,2.0,Niger,8,7,0,0,0,0.0,0.875,7,7,0,1,0,42,11,36.0,176800.0,7,1,8000.0
269019,5,0,0,5,5,0,0,0,0,0,0,0,21.0,21.0,1.0,1.0,41.0,26.0,2604.0,1.0,2.0,Niger,15,5,0,0,0,0.0,0.3333333333333333,9,1,0,1,0,42,3,19.0,30300.0,7,0,0.0
269020,2,0,0,2,2,0,0,0,0,0,0,0,2.0,2.0,1.0,1.0,29.0,26.0,2604.0,1.0,2.0,Niger,2,2,0,0,2,465000.0,1.0,2,1,0,1,0,42,3,7.0,70500.0,7,0,0.0
269021,9,0,0,9,9,0,0,0,0,0,0,0,19.0,19.0,1302.0,1.0,35.0,26.0,2604.0,1.0,2.0,Niger,14,2,0,0,1,220000.0,0.14285714285714285,11,1,0,1,0,42,6,26.0,73300.0,7,0,0.0
269023,4,0,0,4,4,0,0,0,0,0,0,0,6.0,6.0,1.0,1.0,45.0,26.0,2604.0,1.0,2.0,Niger,6,5,0,0,0,0.0,0.8333333333333334,6,6,0,1,0,42,5,14.0,66650.0,7,0,0.0
269024,2,0,0,2,2,0,0,0,0,0,0,0,6.0,6.0,1.0,1.0,41.0,26.0,2604.0,1.0,2.0,Niger,5,2,0,0,0,0.0,0.4,3,3,0,1,0,42,4,9.0,69100.0,7,0,0.0
269025,6,0,0,6,6,0,2,2,0,1,1,0,6.0,6.0,1.0,2.0,65.0,26.0,2608.0,1.0,2.0,Niger,7,2,0,0,1,20000.0,0.2857142857142857,6,2,1,1,1,42,15,26.0,724200.0,7,0,0.0
269026,5,1,1,5,5,1,2,2,2,1,1,1,9.0,9.0,1.0,1.0,43.0,26.0,2608.0,1.0,2.0,Niger,9,7,0,0,4,600000.0,0.7777777777777778,7,5,1,1,1,42,12,22.0,252600.0,7,0,0.0
269027,3,1,2,3,3,1,0,0,1,0,0,1,7.0,7.0,1.0,1.0,35.0,26.0,2608.0,1.0,2.0,Niger,7,6,0,0,0,0.0,0.8571428571428571,6,2,0,1,0,42,4,9.0,13500.0,7,0,0.0
269028,4,0,0,4,4,0,0,0,0,0,0,0,4.0,4.0,1.0,1.0,53.0,26.0,2608.0,1.0,2.0,Niger,4,4,0,0,2,43500.0,1.0,4,4,0,1,0,42,6,10.0,174300.0,7,0,0.0
269030,5,0,0,5,5,0,0,3,0,0,1,0,8.0,8.0,1.0,1.0,47.0,26.0,2608.0,1.0,2.0,Niger,8,6,1,0,4,47000.0,0.75,7,4,0,1,0,42,4,15.0,13200.0,7,0,0.0
269031,6,0,0,6,6,0,0,0,0,0,0,0,7.0,7.0,1.0,1.0,51.0,26.0,2608.0,1.0,2.0,Niger,7,3,0,0,0,0.0,0.42857142857142855,7,7,4,1,1,42,8,23.0,237650.0,7,0,0.0
269033,4,0,0,4,4,0,0,0,0,0,0,0,6.0,6.0,1.0,1.0,51.0,26.0,2608.0,1.0,2.0,Niger,6,1,0,0,0,0.0,0.16666666666666666,5,5,0,1,0,42,6,10.0,128700.0,7,0,0.0
269034,2,0,0,2,2,0,0,0,0,0,0,0,5.0,5.0,1.0,1.0,43.0,26.0,2608.0,1.0,2.0,Niger,5,2,0,0,2,340000.0,0.4,3,1,0,1,0,42,3,9.0,54500.0,7,0,0.0
269035,7,0,0,7,7,0,0,0,0,0,0,0,7.0,7.0,102.0,1.0,23.0,26.0,2608.0,1.0,2.0,Niger,7,3,0,0,2,3000.0,0.42857142857142855,7,2,0,1,0,42,4,20.0,160300.0,7,0,0.0
269036,2,2,2,2,2,1,2,2,1,1,1,1,4.0,4.0,1.0,1.0,44.0,26.0,2608.0,1.0,2.0,Niger,4,2,0,0,2,90000.0,0.5,3,3,2,1,1,42,14,19.0,490750.0,7,0,0.0
269037,1,0,0,1,1,0,0,0,0,0,0,0,1.0,1.0,1.0,1.0,21.0,26.0,2609.0,1.0,2.0,Niger,1,0,1,0,0,0.0,0.0,1,1,0,1,0,42,3,3.0,17000.0,7,0,0.0
269038,2,0,0,2,2,0,0,0,0,0,0,0,8.0,8.0,1.0,1.0,43.0,26.0,2609.0,1.0,2.0,Niger,6,1,0,0,0,0.0,0.16666666666666666,4,4,0,1,0,42,5,10.0,84100.0,7,0,0.0
269039,2,0,0,2,2,0,2,2,1,1,1,1,3.0,3.0,1.0,1.0,38.0,26.0,2609.0,1.0,2.0,Niger,3,1,0,0,1,200000.0,0.3333333333333333,2,2,2,1,1,42,9,16.0,281500.0,7,0,0.0
269040,5,1,0,5,5,1,2,0,0,1,0,0,7.0,7.0,1.0,1.0,50.0,26.0,2609.0,1.0,2.0,Niger,7,5,0,0,1,15000.0,0.7142857142857143,7,2,0,1,0,42,12,31.0,367000.0,7,0,0.0
269041,1,0,0,1,1,0,0,0,0,0,0,0,2.0,2.0,2.0,2.0,52.0,26.0,2609.0,1.0,2.0,Niger,2,1,0,0,2,70000.0,0.5,2,0,0,0,0,42,2,3.0,15400.0,7,0,0.0
269042,3,2,2,3,3,1,2,0,1,1,0,1,6.0,6.0,1.0,1.0,33.0,26.0,2609.0,1.0,2.0,Niger,7,7,0,0,1,25000.0,1.0,5,2,0,1,0,42,7,16.0,176500.0,7,1,120000.0
269043,3,2,0,3,3,1,2,0,0,1,0,0,9.0,9.0,1.0,1.0,49.0,26.0,2609.0,1.0,2.0,Niger,8,3,0,0,3,46000.0,0.375,5,2,0,1,0,42,4,11.0,245000.0,7,0,0.0
269044,2,1,0,2,2,1,1,1,0,1,1,0,5.0,5.0,1.0,1.0,33.0,26.0,2609.0,1.0,2.0,Niger,3,1,0,0,0,0.0,0.3333333333333333,2,2,2,1,1,42,3,7.0,59000.0,7,0,0.0
269046,5,0,0,5,5,0,1,1,0,1,1,0,5.0,5.0,1.0,1.0,34.0,26.0,2609.0,1.0,2.0,Niger,5,3,0,0,1,250000.0,0.6,5,3,0,1,0,42,4,14.0,189300.0,7,0,0.0
269047,2,0,1,2,2,1,0,0,0,0,0,0,4.0,4.0,1.0,1.0,35.0,26.0,2609.0,1.0,2.0,Niger,4,0,1,0,0,0.0,0.0,2,1,0,1,0,42,2,6.0,5400.0,7,0,0.0
269049,7,1,1,7,7,1,3,3,3,1,1,1,17.0,17.0,1.0,1.0,67.0,26.0,2615.0,1.0,2.0,Niger,16,6,0,0,2,600000.0,0.375,10,6,2,1,1,42,10,27.0,221500.0,7,0,0.0
269050,5,0,3,5,5,1,0,0,0,0,0,0,12.0,12.0,1.0,1.0,54.0,26.0,2615.0,1.0,2.0,Niger,10,5,0,0,0,0.0,0.5,9,6,0,1,0,42,7,17.0,110100.0,7,0,0.0
269051,2,1,0,2,2,1,0,2,0,0,1,0,4.0,4.0,1.0,1.0,30.0,26.0,2615.0,1.0,2.0,Niger,2,2,0,0,2,93000.0,1.0,2,2,1,1,1,42,5,9.0,153600.0,7,0,0.0
269052,2,0,0,2,2,0,0,0,0,0,0,0,2.0,2.0,4.0,1.0,54.0,26.0,2615.0,1.0,2.0,Niger,3,1,0,0,1,12000.0,0.3333333333333333,2,2,0,1,0,42,5,8.0,81510.0,7,0,0.0
269053,3,0,1,3,3,1,0,1,1,0,1,1,10.0,10.0,1.0,1.0,42.0,26.0,2615.0,1.0,2.0,Niger,8,6,0,0,2,55000.0,0.75,5,4,0,1,0,42,6,17.0,39700.0,7,0,0.0
269054,2,0,0,2,2,0,0,0,0,0,0,0,7.0,7.0,1.0,1.0,35.0,26.0,2615.0,1.0,2.0,Niger,5,1,0,0,1,8000.0,0.2,4,4,0,1,0,42,2,6.0,46100.0,7,0,0.0
269055,6,0,0,6,6,0,2,2,2,1,1,1,11.0,11.0,1.0,1.0,47.0,26.0,2615.0,1.0,2.0,Niger,10,5,0,0,2,365000.0,0.5,9,4,1,1,1,42,6,13.0,142200.0,7,0,0.0
269056,4,1,1,4,4,1,1,1,1,1,1,1,11.0,11.0,1.0,1.0,45.0,26.0,2615.0,1.0,2.0,Niger,9,8,0,0,1,150000.0,0.8888888888888888,6,6,1,1,1,42,9,28.0,109000.0,7,0,0.0
269059,5,0,0,5,5,0,0,0,0,0,0,0,10.0,10.0,1.0,1.0,55.0,26.0,2615.0,1.0,2.0,Niger,9,4,0,0,4,915000.0,0.4444444444444444,9,4,0,1,0,42,3,13.0,25400.0,7,0,0.0
269060,2,0,0,2,2,0,0,0,0,0,0,0,4.0,4.0,1.0,1.0,35.0,26.0,2615.0,1.0,2.0,Niger,3,2,0,0,2,25000.0,0.6666666666666666,2,2,0,1,0,42,7,11.0,180550.0,7,0,0.0
269061,2,0,1,2,2,1,1,1,1,1,1,1,2.0,2.0,1.0,1.0,32.0,26.0,2616.0,1.0,2.0,Niger,2,2,0,0,1,200000.0,1.0,2,1,0,1,0,42,3,4.0,277800.0,7,0,0.0
269062,8,0,8,8,8,1,0,1,1,0,1,1,9.0,9.0,1.0,1.0,73.0,26.0,2616.0,1.0,2.0,Niger,9,7,0,0,1,40000.0,0.7777777777777778,9,4,0,1,0,42,4,11.0,40300.0,7,0,0.0
269063,2,0,0,2,2,0,0,0,0,0,0,0,4.0,4.0,1.0,1.0,43.0,26.0,2616.0,1.0,2.0,Niger,4,4,0,0,2,640000.0,1.0,4,0,0,0,0,42,3,6.0,21900.0,7,0,0.0
269064,2,0,2,2,2,1,0,1,1,0,1,1,5.0,5.0,1.0,1.0,40.0,26.0,2616.0,1.0,2.0,Niger,5,4,0,0,1,120000.0,0.8,5,5,0,1,0,42,8,13.0,111500.0,7,0,0.0
269066,2,0,0,2,2,0,0,0,0,0,0,0,3.0,3.0,1.0,1.0,34.0,26.0,2616.0,1.0,2.0,Niger,3,2,0,0,1,215000.0,0.6666666666666666,2,0,0,0,0,42,6,11.0,138420.0,7,0,0.0
269067,7,1,3,7,7,1,0,1,2,0,1,1,7.0,7.0,1.0,1.0,53.0,26.0,2616.0,1.0,2.0,Niger,7,5,0,0,0,0.0,0.7142857142857143,7,5,0,1,0,42,7,20.0,115600.0,7,1,7000.0
269068,3,0,0,3,3,0,0,0,0,0,0,0,3.0,3.0,1.0,1.0,82.0,26.0,2616.0,1.0,2.0,Niger,3,3,0,0,0,0.0,1.0,3,0,0,0,0,42,3,12.0,25500.0,7,0,0.0
269069,4,0,0,4,4,0,0,0,0,0,0,0,5.0,5.0,1.0,1.0,48.0,26.0,2616.0,1.0,2.0,Niger,5,1,0,0,0,0.0,0.2,5,5,0,1,0,42,4,11.0,134850.0,7,0,0.0
269070,3,0,0,3,3,0,0,0,0,0,0,0,5.0,5.0,1.0,1.0,38.0,26.0,2616.0,1.0,2.0,Niger,5,2,0,0,0,0.0,0.4,5,5,0,1,0,42,6,13.0,141050.0,7,1,300000.0
269071,4,0,0,4,4,0,0,0,0,0,0,0,4.0,4.0,2.0,2.0,44.0,26.0,2616.0,1.0,2.0,Niger,4,4,0,0,4,1190000.0,1.0,4,2,0,1,0,42,2,6.0,46400.0,7,0,0.0
269073,2,0,0,2,2,0,1,0,0,1,0,0,2.0,2.0,1.0,1.0,59.0,26.0,2624.0,1.0,2.0,Niger,2,1,0,0,1,0.0,0.5,2,2,0,1,0,42,2,6.0,1700.0,7,1,70000.0
269074,2,2,1,2,2,1,2,2,0,1,1,0,5.0,5.0,1.0,1.0,50.0,31.0,3105.0,1.0,2.0,Plateau,5,2,0,0,2,50000.0,0.4,3,2,2,1,1,42,9,15.0,141500.0,7,1,490000.0
269075,2,1,1,2,2,1,1,1,1,1,1,1,5.0,5.0,1.0,1.0,32.0,26.0,2624.0,1.0,2.0,Niger,4,2,0,0,2,393000.0,0.5,2,2,2,1,1,42,11,18.0,278800.0,7,0,0.0
269076,4,0,0,4,4,0,1,1,0,1,1,0,8.0,8.0,1.0,1.0,42.0,26.0,2624.0,1.0,2.0,Niger,8,2,0,0,2,15000.0,0.25,6,2,0,1,0,42,9,22.0,279000.0,7,0,0.0
269077,1,0,0,1,1,0,0,1,0,0,1,0,1.0,1.0,2.0,1.0,19.0,26.0,2624.0,1.0,2.0,Niger,1,1,0,0,1,50000.0,1.0,1,1,0,1,0,42,6,6.0,31200.0,7,0,0.0
269079,3,0,0,3,3,0,2,0,1,1,0,1,4.0,4.0,1.0,1.0,34.0,26.0,2624.0,1.0,2.0,Niger,3,2,0,0,2,14500.0,0.6666666666666666,3,3,0,1,0,42,14,19.0,284300.0,7,0,0.0
269081,4,3,2,4,4,1,3,2,2,1,1,1,4.0,4.0,1.0,1.0,68.0,26.0,2624.0,1.0,2.0,Niger,4,2,0,0,2,48000.0,0.5,4,4,2,1,1,42,8,12.0,79500.0,7,0,0.0
269082,3,0,1,3,3,1,1,1,0,1,1,0,3.0,3.0,1.0,2.0,38.0,22.0,2212.0,1.0,2.0,Kogi,3,1,0,0,1,20000.0,0.3333333333333333,3,2,2,1,1,42,6,6.0,82000.0,7,0,0.0
269083,7,2,0,7,7,1,3,4,3,1,1,1,8.0,8.0,1.0,1.0,61.0,26.0,2624.0,1.0,2.0,Niger,8,1,0,0,1,15000.0,0.125,8,5,3,1,1,42,11,22.0,404800.0,7,0,0.0
269084,4,2,3,4,4,1,2,3,1,1,1,1,8.0,8.0,1.0,1.0,40.0,26.0,2624.0,1.0,2.0,Niger,8,3,0,0,3,52000.0,0.375,6,5,4,1,1,42,12,21.0,265100.0,7,0,0.0
269085,5,0,0,5,5,0,0,0,0,0,0,0,6.0,6.0,1.0,1.0,50.0,26.0,2620.0,1.0,2.0,Niger,6,2,0,0,2,480000.0,0.3333333333333333,6,3,0,1,0,42,4,9.0,149300.0,7,0,0.0
269086,2,0,0,2,2,0,0,0,0,0,0,0,3.0,3.0,1.0,1.0,40.0,26.0,2620.0,1.0,2.0,Niger,3,2,0,0,0,0.0,0.6666666666666666,3,3,0,1,0,42,3,6.0,52350.0,7,0,0.0
269087,4,0,0,4,4,0,0,0,0,0,0,0,9.0,9.0,1.0,1.0,40.0,26.0,2620.0,1.0,2.0,Niger,9,3,0,0,3,360000.0,0.3333333333333333,6,3,0,1,0,42,4,7.0,107700.0,7,0,0.0
269088,3,0,0,3,3,0,0,0,0,0,0,0,4.0,4.0,1.0,1.0,33.0,26.0,2620.0,1.0,2.0,Niger,4,4,0,0,4,123000.0,1.0,4,4,0,1,0,42,3,5.0,23800.0,7,0,0.0
269089,4,0,2,4,4,1,0,3,2,0,1,1,9.0,9.0,1.0,1.0,44.0,26.0,2620.0,1.0,2.0,Niger,9,7,0,0,0,0.0,0.7777777777777778,6,5,0,1,0,42,4,5.0,40500.0,7,0,0.0
269090,3,0,0,3,3,0,0,0,0,0,0,0,4.0,4.0,1.0,1.0,38.0,26.0,2620.0,1.0,2.0,Niger,4,2,0,0,1,10000.0,0.5,4,4,0,1,0,42,4,7.0,50950.0,7,0,0.0
269092,3,0,0,3,3,0,0,0,0,0,0,0,5.0,5.0,1.0,1.0,46.0,26.0,2620.0,1.0,2.0,Niger,4,3,0,0,1,280000.0,0.75,4,1,0,1,0,42,4,11.0,30500.0,7,0,0.0
269093,4,0,1,4,4,1,0,0,0,0,0,0,11.0,11.0,1.0,1.0,42.0,26.0,2620.0,1.0,2.0,Niger,9,2,0,0,1,370000.0,0.2222222222222222,6,4,0,1,0,42,3,8.0,188400.0,7,0,0.0
269094,2,0,0,2,2,0,0,0,0,0,0,0,2.0,2.0,2.0,2.0,58.0,26.0,2620.0,1.0,2.0,Niger,2,2,0,0,2,18000.0,1.0,2,0,0,0,0,42,3,5.0,65800.0,7,0,0.0
269095,2,1,2,2,2,1,0,2,0,0,1,0,5.0,5.0,1.0,1.0,40.0,26.0,2620.0,1.0,2.0,Niger,5,5,0,0,3,105000.0,1.0,4,4,0,1,0,42,6,11.0,121000.0,7,0,0.0
269096,5,1,1,5,5,1,1,1,1,1,1,1,7.0,7.0,1.0,1.0,45.0,26.0,2602.0,1.0,2.0,Niger,6,1,0,0,1,300000.0,0.16666666666666666,6,2,1,1,1,42,8,15.0,236800.0,7,0,0.0
269097,2,0,0,2,2,0,0,0,0,0,0,0,6.0,6.0,1.0,1.0,32.0,26.0,2602.0,1.0,2.0,Niger,5,1,0,0,1,30000.0,0.2,3,1,0,1,0,42,7,16.0,216400.0,7,0,0.0
269098,4,0,0,4,4,0,0,0,0,0,0,0,8.0,8.0,1.0,1.0,35.0,26.0,2602.0,1.0,2.0,Niger,7,2,0,0,2,35000.0,0.2857142857142857,5,2,0,1,0,42,7,14.0,607800.0,7,0,0.0
269099,3,0,2,3,3,1,0,1,1,0,1,1,4.0,4.0,1.0,1.0,43.0,26.0,2602.0,1.0,2.0,Niger,4,1,0,0,1,15000.0,0.25,3,3,0,1,0,42,7,10.0,126200.0,7,0,0.0
269100,2,0,2,2,2,1,0,0,0,0,0,0,2.0,2.0,1.0,1.0,35.0,26.0,2602.0,1.0,2.0,Niger,2,1,1,0,1,5000.0,0.5,2,2,0,1,0,42,10,18.0,180400.0,7,0,0.0
269101,4,0,0,4,4,0,0,0,0,0,0,0,8.0,8.0,1.0,1.0,39.0,26.0,2602.0,1.0,2.0,Niger,6,4,0,0,1,380000.0,0.6666666666666666,4,3,0,1,0,42,3,13.0,25300.0,7,0,0.0
269102,2,0,0,2,2,0,0,0,0,0,0,0,5.0,5.0,1.0,1.0,38.0,26.0,2602.0,1.0,2.0,Niger,5,1,0,0,1,700000.0,0.2,4,0,0,0,0,42,4,13.0,26300.0,7,0,0.0
269104,2,0,0,2,2,0,0,0,0,0,0,0,3.0,3.0,1.0,1.0,35.0,26.0,2602.0,1.0,2.0,Niger,3,1,0,0,1,380000.0,0.3333333333333333,2,2,0,1,0,42,3,6.0,50400.0,7,0,0.0
269105,3,0,0,3,3,0,0,0,0,0,0,0,2.0,2.0,1.0,1.0,35.0,26.0,2602.0,1.0,2.0,Niger,3,1,0,0,0,0.0,0.3333333333333333,3,3,0,1,0,42,6,38.0,75600.0,7,0,0.0
269106,3,0,0,3,3,0,0,0,0,0,0,0,6.0,6.0,1.0,1.0,84.0,26.0,2602.0,1.0,2.0,Niger,5,1,0,0,1,13000.0,0.2,4,4,0,1,0,42,5,15.0,66060.0,7,0,0.0
270001,3,1,1,3,3,1,2,2,1,1,1,1,5.0,5.0,1.0,1.0,43.0,27.0,2701.0,6.0,1.0,Ogun,5,2,0,0,2,47500.0,0.4,4,2,0,1,0,42,8,10.0,141000.0,7,0,0.0
270002,2,1,1,2,2,1,2,2,1,1,1,1,4.0,4.0,1.0,1.0,63.0,27.0,2701.0,6.0,1.0,Ogun,4,2,0,0,2,35000.0,0.5,3,2,2,1,1,42,14,22.0,1599500.0,7,2,55000.0
270003,3,2,0,3,3,1,3,2,0,1,1,0,3.0,3.0,1.0,1.0,65.0,27.0,2701.0,6.0,1.0,Ogun,3,2,0,0,2,21000.0,0.6666666666666666,3,3,1,1,1,42,12,19.0,184000.0,7,0,0.0
270004,1,0,0,1,1,0,1,0,0,1,0,0,1.0,1.0,1.0,1.0,74.0,27.0,2701.0,6.0,1.0,Ogun,1,1,0,0,1,150000.0,1.0,1,1,0,1,0,42,15,20.0,235000.0,7,0,0.0
270005,4,0,2,4,4,1,1,0,0,1,0,0,6.0,6.0,1.0,1.0,49.0,27.0,2701.0,6.0,1.0,Ogun,5,2,0,0,2,12000.0,0.4,5,3,1,1,1,42,10,18.0,237500.0,7,0,0.0
270006,4,0,0,4,4,0,1,0,0,1,0,0,6.0,6.0,1.0,2.0,68.0,27.0,2701.0,6.0,1.0,Ogun,6,1,0,0,1,150000.0,0.16666666666666666,6,6,0,1,0,42,15,29.0,192000.0,7,0,0.0
270007,2,2,1,2,2,1,2,2,2,1,1,1,4.0,4.0,7.0,1.0,46.0,27.0,2701.0,6.0,1.0,Ogun,4,0,2,0,2,170000.0,0.0,3,2,2,1,1,42,8,13.0,429000.0,7,0,0.0
270008,4,0,0,4,4,0,3,3,0,1,1,0,5.0,5.0,1.0,1.0,51.0,27.0,2701.0,6.0,1.0,Ogun,5,1,0,0,1,25000.0,0.2,4,3,1,1,1,42,11,21.0,199000.0,7,0,0.0
270009,5,0,1,5,5,1,3,3,3,1,1,1,5.0,5.0,1.0,1.0,52.0,27.0,2701.0,6.0,1.0,Ogun,5,0,2,0,2,230000.0,0.0,5,3,2,1,1,42,13,22.0,1946500.0,7,0,0.0
270010,2,0,2,2,2,1,1,2,1,1,1,1,6.0,6.0,1.0,1.0,39.0,27.0,2701.0,6.0,1.0,Ogun,5,1,1,0,2,16000.0,0.2,4,2,1,1,1,42,7,10.0,104000.0,7,0,0.0
270023,2,0,0,2,2,0,1,0,1,1,0,1,5.0,5.0,1.0,1.0,37.0,27.0,2715.0,6.0,2.0,Ogun,4,2,0,0,2,90000.0,0.5,2,1,0,1,0,42,2,3.0,6500.0,7,0,0.0
270024,2,0,0,2,2,0,0,0,0,0,0,0,3.0,3.0,1.0,1.0,67.0,27.0,2715.0,6.0,2.0,Ogun,3,1,0,0,0,0.0,0.3333333333333333,2,1,0,1,0,42,4,9.0,30000.0,7,2,35000.0
270025,1,0,0,1,1,0,0,0,1,0,0,1,1.0,1.0,5.0,1.0,27.0,27.0,2702.0,6.0,2.0,Ogun,1,1,0,0,1,20000.0,1.0,1,1,0,1,0,42,3,3.0,14500.0,7,0,0.0
270028,1,0,0,1,1,0,0,0,0,0,0,0,1.0,1.0,1.0,2.0,78.0,27.0,2715.0,6.0,2.0,Ogun,1,1,0,0,1,150000.0,1.0,1,0,0,0,0,42,7,14.0,83000.0,7,1,5000.0
270029,1,0,0,1,1,0,0,1,0,0,1,0,1.0,1.0,1.0,2.0,80.0,27.0,2707.0,6.0,1.0,Ogun,1,1,0,0,1,5000.0,1.0,1,1,0,1,0,42,6,7.0,68000.0,7,1,25000.0
270030,1,0,0,1,1,0,0,1,0,0,1,0,1.0,1.0,1.0,1.0,71.0,27.0,2715.0,6.0,2.0,Ogun,1,1,0,0,1,100000.0,1.0,1,1,0,1,0,42,4,11.0,42500.0,7,0,0.0
270041,3,2,0,3,3,1,2,1,0,1,1,0,4.0,4.0,1701.0,1.0,45.0,27.0,2712.0,6.0,2.0,Ogun,4,2,0,0,1,10000.0,0.5,3,3,3,1,1,42,13,25.0,229000.0,7,0,0.0
270044,2,0,0,2,2,0,1,1,1,1,1,1,2.0,2.0,2.0,2.0,70.0,27.0,2712.0,6.0,2.0,Ogun,2,1,0,0,1,10000.0,0.5,2,2,0,1,0,42,7,15.0,68400.0,7,2,35000.0
270045,2,2,1,2,2,1,2,2,1,1,1,1,3.0,3.0,1.0,1.0,68.0,27.0,2712.0,6.0,2.0,Ogun,3,1,1,0,2,5500.0,0.3333333333333333,2,2,0,1,0,42,13,17.0,1756000.0,7,0,0.0
270046,5,0,0,5,5,0,3,3,4,1,1,1,5.0,5.0,301.0,1.0,53.0,27.0,2703.0,6.0,1.0,Ogun,5,3,0,0,3,27500.0,0.6,5,4,2,1,1,42,8,9.0,123500.0,7,0,0.0
270047,2,2,2,2,2,1,1,2,0,1,1,0,8.0,8.0,1.0,1.0,50.0,27.0,2712.0,6.0,2.0,Ogun,7,2,0,0,2,220000.0,0.2857142857142857,4,2,0,1,0,42,6,8.0,366500.0,7,0,0.0
270049,7,3,0,7,7,1,6,0,0,1,0,0,7.0,7.0,1.0,1.0,67.0,10.0,1010.0,5.0,1.0,Delta,7,5,0,0,5,211000.0,0.7142857142857143,7,7,5,1,1,42,18,39.0,1046500.0,7,0,0.0
270051,2,1,0,2,2,1,1,0,0,1,0,0,1.0,1.0,1.0,1.0,62.0,27.0,2711.0,6.0,1.0,Ogun,2,1,0,0,1,60000.0,0.5,2,2,0,1,0,42,7,8.0,101500.0,7,0,0.0
270052,1,0,0,1,1,0,0,0,0,0,0,0,1.0,1.0,1.0,1.0,37.0,27.0,2711.0,6.0,1.0,Ogun,1,0,0,0,0,0.0,0.0,1,0,0,0,0,42,2,2.0,9200.0,7,1,30000.0
270053,5,1,1,5,5,1,1,5,0,1,1,0,6.0,6.0,1.0,1.0,61.0,27.0,2711.0,6.0,1.0,Ogun,6,1,1,0,2,3100.0,0.16666666666666666,6,3,2,1,1,42,15,25.0,571000.0,7,1,3500.0
270054,3,0,0,3,3,0,2,2,1,1,1,1,5.0,5.0,1.0,1.0,55.0,27.0,2711.0,6.0,1.0,Ogun,5,2,0,0,2,40000.0,0.4,5,3,0,1,0,42,13,21.0,450500.0,7,0,0.0
270055,3,1,0,3,3,1,1,3,3,1,1,1,5.0,5.0,1.0,1.0,42.0,27.0,2711.0,6.0,1.0,Ogun,5,2,0,0,2,6500.0,0.4,4,4,1,1,1,42,12,15.0,273000.0,7,0,0.0
270056,3,2,1,3,3,1,2,3,3,1,1,1,4.0,4.0,1.0,1.0,66.0,27.0,2711.0,6.0,1.0,Ogun,4,2,0,0,2,55000.0,0.5,3,3,1,1,1,42,16,20.0,204000.0,7,0,0.0
270057,4,1,0,4,4,1,2,4,0,1,1,0,5.0,5.0,2.0,2.0,51.0,27.0,2711.0,6.0,1.0,Ogun,5,4,0,0,4,54000.0,0.8,4,4,4,1,1,42,18,37.0,114000.0,7,0,0.0
270059,4,1,1,4,4,1,1,4,0,1,1,0,4.0,4.0,1.0,2.0,80.0,27.0,2711.0,6.0,1.0,Ogun,6,1,0,0,1,4500.0,0.16666666666666666,5,2,1,1,1,42,8,21.0,162500.0,7,0,0.0
270061,1,0,0,1,1,0,1,1,0,1,1,0,1.0,1.0,8.0,1.0,21.0,27.0,2703.0,6.0,1.0,Ogun,1,1,0,0,1,250000.0,1.0,1,1,1,1,1,42,21,31.0,590000.0,7,0,0.0
270062,3,3,2,3,3,1,3,1,2,1,1,1,4.0,4.0,1.0,1.0,40.0,10.0,1015.0,5.0,1.0,Delta,3,2,0,0,2,265000.0,0.6666666666666666,3,3,3,1,1,42,18,27.0,278600.0,7,1,45000.0
270063,2,0,0,2,2,0,1,1,0,1,1,0,2.0,2.0,2.0,2.0,40.0,27.0,2703.0,6.0,1.0,Ogun,2,1,0,0,1,35000.0,0.5,2,2,1,1,1,42,6,7.0,45000.0,7,0,0.0
270064,4,0,0,4,4,0,2,1,2,1,1,1,4.0,4.0,1.0,1.0,58.0,27.0,2703.0,6.0,2.0,Ogun,4,2,0,0,2,30000.0,0.5,4,3,0,1,0,42,7,10.0,96000.0,7,1,50000.0
270065,2,1,1,2,2,1,2,2,2,1,1,1,2.0,2.0,9.0,1.0,58.0,27.0,2703.0,6.0,1.0,Ogun,2,1,1,0,2,152000.0,0.5,2,2,1,1,1,42,6,7.0,75000.0,7,0,0.0
270066,2,0,0,2,2,0,1,1,0,1,1,0,2.0,2.0,1.0,2.0,66.0,27.0,2703.0,6.0,1.0,Ogun,2,2,0,0,2,205000.0,1.0,2,1,1,1,1,42,15,23.0,780000.0,7,0,0.0
270067,2,0,0,2,2,0,2,2,0,1,1,0,5.0,5.0,1.0,1.0,38.0,27.0,2703.0,6.0,1.0,Ogun,4,2,0,0,2,300000.0,0.5,2,2,1,1,1,42,14,23.0,395000.0,7,0,0.0
270068,3,0,1,3,3,1,1,1,0,1,1,0,5.0,5.0,2.0,2.0,35.0,27.0,2703.0,6.0,1.0,Ogun,5,1,0,0,1,60000.0,0.2,5,5,0,1,0,42,15,25.0,270500.0,7,1,500.0
270069,3,2,1,3,3,1,1,3,1,1,1,1,6.0,6.0,1.0,1.0,47.0,27.0,2703.0,6.0,1.0,Ogun,6,2,0,0,2,70000.0,0.3333333333333333,4,2,0,1,0,42,7,9.0,82000.0,7,0,0.0
270070,4,0,0,4,4,0,2,1,0,1,1,0,4.0,4.0,1.0,1.0,55.0,27.0,2703.0,6.0,1.0,Ogun,4,2,0,0,2,13000.0,0.5,4,3,0,1,0,42,7,12.0,56000.0,7,0,0.0
270091,6,3,0,6,6,1,6,6,1,1,1,1,8.0,8.0,1.0,1.0,65.0,27.0,2703.0,6.0,1.0,Ogun,7,3,0,0,3,62000.0,0.42857142857142855,6,6,6,1,1,42,12,26.0,1081500.0,7,0,0.0
270092,1,0,0,1,1,0,0,1,0,0,1,0,2.0,2.0,1.0,2.0,78.0,27.0,2703.0,6.0,1.0,Ogun,2,0,0,0,0,0.0,0.0,2,2,0,1,0,42,6,9.0,21000.0,7,0,0.0
270093,3,2,2,3,3,1,2,2,2,1,1,1,7.0,7.0,2.0,2.0,54.0,27.0,2703.0,6.0,1.0,Ogun,6,2,0,0,2,55000.0,0.3333333333333333,5,3,2,1,1,42,16,27.0,220500.0,7,1,20000.0
270094,4,1,0,4,4,1,2,0,0,1,0,0,5.0,5.0,1.0,1.0,74.0,27.0,2703.0,6.0,1.0,Ogun,5,2,0,0,2,4000.0,0.4,5,4,0,1,0,42,4,11.0,18500.0,7,1,5000.0
270095,3,1,0,3,3,1,2,1,0,1,1,0,4.0,4.0,2.0,2.0,65.0,27.0,2703.0,6.0,1.0,Ogun,4,3,0,0,3,450000.0,0.75,3,3,2,1,1,42,15,25.0,471000.0,7,0,0.0
270096,2,0,0,2,2,0,0,0,0,0,0,0,2.0,2.0,1.0,2.0,61.0,27.0,2703.0,6.0,1.0,Ogun,2,1,0,0,1,4000.0,0.5,2,2,1,1,1,42,11,13.0,79500.0,7,2,45000.0
270097,1,0,0,1,1,0,0,1,0,0,1,0,1.0,1.0,2.0,2.0,62.0,27.0,2703.0,6.0,1.0,Ogun,1,1,0,0,1,150000.0,1.0,1,1,0,1,0,42,15,28.0,404000.0,7,0,0.0
270098,1,1,0,1,1,1,1,0,0,1,0,0,1.0,1.0,1.0,2.0,72.0,24.0,2401.0,6.0,1.0,Lagos,1,0,0,0,0,0.0,0.0,1,1,1,1,1,42,10,10.0,280000.0,7,0,0.0
270099,2,0,0,2,2,0,2,0,0,1,0,0,3.0,3.0,1.0,1.0,58.0,10.0,1014.0,5.0,1.0,Delta,3,2,0,0,2,50000.0,0.6666666666666666,3,3,1,1,1,42,9,12.0,328000.0,7,0,0.0
270100,3,0,0,3,3,0,0,1,0,0,1,0,4.0,4.0,2.0,2.0,63.0,27.0,2703.0,6.0,1.0,Ogun,4,0,2,0,2,7500.0,0.0,4,1,0,1,0,42,4,7.0,94500.0,7,0,0.0
279001,1,0,0,1,1,0,0,0,0,0,0,0,1.0,1.0,1.0,2.0,64.0,27.0,2705.0,6.0,2.0,Ogun,1,1,0,0,1,5000.0,1.0,1,0,0,0,0,42,1,2.0,1200.0,7,1,10000.0
279002,2,0,0,2,2,0,0,0,0,0,0,0,2.0,2.0,1.0,2.0,68.0,27.0,2705.0,6.0,2.0,Ogun,2,2,0,0,2,25000.0,1.0,2,1,0,1,0,42,8,10.0,40000.0,7,1,25000.0
279004,1,0,0,1,1,0,0,0,0,0,0,0,1.0,1.0,1.0,2.0,67.0,27.0,2705.0,6.0,2.0,Ogun,1,1,0,0,1,5000.0,1.0,1,0,0,0,0,42,1,3.0,1200.0,7,1,15000.0
279005,2,0,1,2,2,1,1,0,1,1,0,1,5.0,5.0,1.0,2.0,43.0,27.0,2705.0,6.0,2.0,Ogun,5,1,0,0,1,1000.0,0.2,4,2,1,1,1,42,8,13.0,219700.0,7,0,0.0
279006,4,1,0,4,4,1,1,1,1,1,1,1,4.0,4.0,1.0,1.0,70.0,27.0,2705.0,6.0,2.0,Ogun,4,2,0,0,2,56000.0,0.5,4,3,0,1,0,42,8,17.0,83500.0,7,1,10000.0
279007,1,0,0,1,1,0,0,0,0,0,0,0,1.0,1.0,1.0,1.0,69.0,27.0,2705.0,6.0,2.0,Ogun,1,1,0,0,1,20000.0,1.0,1,0,0,0,0,42,1,1.0,1000.0,7,0,0.0
279008,1,0,0,1,1,0,0,0,0,0,0,0,1.0,1.0,1.0,2.0,46.0,27.0,2705.0,6.0,2.0,Ogun,1,1,0,0,1,100000.0,1.0,1,1,0,1,0,42,13,25.0,87000.0,7,1,5000.0
279009,2,0,0,2,2,0,1,0,0,1,0,0,4.0,4.0,1.0,1.0,31.0,27.0,2705.0,6.0,2.0,Ogun,4,2,0,0,2,75000.0,0.5,3,2,0,1,0,42,11,19.0,112000.0,7,0,0.0
279010,2,0,0,2,2,0,0,0,0,0,0,0,2.0,2.0,1.0,1.0,74.0,27.0,2705.0,6.0,2.0,Ogun,2,2,0,0,2,15000.0,1.0,2,2,0,1,0,42,6,8.0,70500.0,7,1,14000.0
279011,2,2,2,2,2,1,0,2,0,0,1,0,4.0,4.0,1.0,1.0,34.0,27.0,2705.0,6.0,2.0,Ogun,3,0,2,0,2,17000.0,0.0,2,2,1,1,1,42,6,10.0,417700.0,7,0,0.0
279015,2,0,1,2,2,1,2,1,0,1,1,0,4.0,4.0,1.0,1.0,47.0,27.0,2706.0,6.0,2.0,Ogun,3,2,0,0,2,230000.0,0.6666666666666666,3,3,3,1,1,42,18,35.0,219000.0,7,0,0.0
279016,1,0,0,1,1,0,0,0,0,0,0,0,1.0,1.0,2.0,1.0,34.0,27.0,2706.0,6.0,2.0,Ogun,1,1,0,0,1,50000.0,1.0,1,1,0,1,0,42,8,11.0,78000.0,7,0,0.0
279017,2,0,0,2,2,0,1,0,0,1,0,0,4.0,4.0,1.0,1.0,46.0,27.0,2706.0,6.0,2.0,Ogun,4,2,0,0,2,200000.0,0.5,3,3,0,1,0,42,10,19.0,95000.0,7,0,0.0
279018,3,2,0,3,3,1,0,3,0,0,1,0,4.0,4.0,1.0,1.0,55.0,27.0,2706.0,6.0,2.0,Ogun,4,3,0,0,3,33000.0,0.75,3,3,0,1,0,42,8,9.0,462000.0,7,0,0.0
279019,1,0,0,1,1,0,1,0,0,1,0,0,1.0,1.0,3.0,2.0,53.0,27.0,2706.0,6.0,2.0,Ogun,1,1,0,0,1,50000.0,1.0,1,1,0,1,0,42,4,4.0,14000.0,7,0,0.0
279022,1,1,0,1,1,1,1,0,0,1,0,0,5.0,5.0,1.0,2.0,65.0,27.0,2706.0,6.0,2.0,Ogun,4,1,0,0,1,2500.0,0.25,2,1,0,1,0,42,8,13.0,213500.0,7,1,20000.0
279023,2,0,0,2,2,0,1,0,0,1,0,0,5.0,5.0,1.0,1.0,53.0,27.0,2706.0,6.0,2.0,Ogun,5,2,0,0,2,260000.0,0.4,4,1,0,1,0,42,5,12.0,41500.0,7,0,0.0
279024,2,0,0,2,2,0,0,1,0,0,1,0,3.0,3.0,1.0,1.0,54.0,27.0,2706.0,6.0,2.0,Ogun,3,1,0,0,1,100000.0,0.3333333333333333,3,1,0,1,0,42,4,5.0,307000.0,7,0,0.0
279025,1,0,0,1,1,0,1,1,0,1,1,0,1.0,1.0,1.0,1.0,82.0,27.0,2711.0,6.0,2.0,Ogun,1,0,0,0,0,0.0,0.0,1,1,0,1,0,42,3,7.0,6300.0,7,0,0.0
279028,2,0,0,2,2,0,2,1,0,1,1,0,2.0,2.0,1.0,1.0,79.0,24.0,2419.0,6.0,1.0,Lagos,2,2,0,0,2,82000.0,1.0,2,2,0,1,0,42,13,33.0,149000.0,7,1,250000.0
279029,4,0,0,4,4,0,0,0,0,0,0,0,3.0,3.0,1.0,1.0,58.0,27.0,2711.0,6.0,2.0,Ogun,5,2,0,0,2,27000.0,0.4,4,2,0,1,0,42,5,9.0,294000.0,7,0,0.0
279030,1,0,0,1,1,0,0,0,0,0,0,0,1.0,1.0,1.0,1.0,103.0,27.0,2711.0,6.0,1.0,Ogun,1,0,0,0,0,0.0,0.0,1,1,0,1,0,42,7,12.0,55000.0,7,0,0.0
279031,1,0,1,1,1,1,1,1,0,1,1,0,1.0,1.0,1.0,2.0,69.0,24.0,2411.0,6.0,2.0,Lagos,1,1,0,0,1,35000.0,1.0,1,1,0,1,0,42,11,12.0,131000.0,7,0,0.0
279032,3,0,0,3,3,0,2,0,0,1,0,0,3.0,3.0,1.0,1.0,57.0,27.0,2711.0,6.0,2.0,Ogun,3,2,0,0,2,500000.0,0.6666666666666666,3,3,0,1,0,42,11,20.0,101000.0,7,0,0.0
279034,3,0,0,3,3,0,1,0,0,1,0,0,3.0,3.0,1.0,1.0,78.0,24.0,2411.0,6.0,2.0,Lagos,3,2,0,0,2,400000.0,0.6666666666666666,3,3,0,1,0,42,11,18.0,109000.0,7,0,0.0
279036,5,0,0,5,5,0,1,0,0,1,0,0,7.0,7.0,1.0,1.0,53.0,27.0,2711.0,6.0,2.0,Ogun,5,2,0,0,2,550000.0,0.4,5,5,0,1,0,42,12,31.0,129000.0,7,0,0.0
279037,1,0,0,1,1,0,0,0,0,0,0,0,1.0,1.0,1.0,2.0,72.0,27.0,2712.0,6.0,2.0,Ogun,1,1,0,0,1,8000.0,1.0,1,0,0,0,0,42,3,3.0,27500.0,7,1,30000.0
279038,5,0,0,5,5,0,1,1,0,1,1,0,9.0,9.0,1.0,1.0,46.0,27.0,2712.0,6.0,2.0,Ogun,8,2,0,0,2,130000.0,0.25,6,4,0,1,0,42,13,17.0,304000.0,7,0,0.0
279040,2,0,0,2,2,0,0,0,0,0,0,0,3.0,3.0,1.0,2.0,80.0,27.0,2712.0,6.0,2.0,Ogun,3,1,0,0,1,2000.0,0.3333333333333333,3,1,0,1,0,42,5,6.0,16500.0,7,0,0.0
279042,5,1,1,5,5,1,3,2,3,1,1,1,3.0,3.0,1.0,2.0,58.0,27.0,2712.0,6.0,2.0,Ogun,6,1,0,0,1,35000.0,0.16666666666666666,6,4,1,1,1,42,4,6.0,37000.0,7,1,25000.0
279043,2,0,0,2,2,0,0,0,1,0,0,1,3.0,3.0,1.0,1.0,80.0,27.0,2712.0,6.0,2.0,Ogun,3,0,0,0,0,0.0,0.0,3,2,0,1,0,42,12,20.0,131500.0,7,2,20000.0
279044,2,0,0,2,2,0,2,1,0,1,1,0,3.0,3.0,2.0,1.0,20.0,27.0,2712.0,6.0,2.0,Ogun,4,2,0,0,2,210000.0,0.5,4,2,2,1,1,42,14,19.0,389000.0,7,0,0.0
279045,3,1,0,3,3,1,1,2,1,1,1,1,4.0,4.0,1.0,1.0,45.0,27.0,2712.0,6.0,2.0,Ogun,4,1,0,0,1,10000.0,0.25,4,3,0,1,0,42,8,9.0,58300.0,7,0,0.0
279047,2,0,1,2,2,1,1,1,1,1,1,1,2.0,2.0,2.0,1.0,26.0,27.0,2712.0,6.0,2.0,Ogun,2,1,0,0,1,5000.0,0.5,2,0,1,0,1,42,10,10.0,206500.0,7,0,0.0
279048,2,0,0,2,2,0,1,0,0,1,0,0,2.0,2.0,4.0,1.0,23.0,27.0,2712.0,6.0,2.0,Ogun,2,1,0,0,1,50000.0,0.5,2,2,0,1,0,42,13,18.0,170000.0,7,0,0.0
279049,9,3,0,9,9,1,8,7,0,1,1,0,9.0,9.0,1.0,1.0,55.0,27.0,2712.0,6.0,2.0,Ogun,9,3,0,0,3,370000.0,0.3333333333333333,9,8,6,1,1,42,17,41.0,418000.0,7,0,0.0
279051,2,1,1,2,2,1,2,2,2,1,1,1,4.0,4.0,1.0,1.0,30.0,27.0,2712.0,6.0,2.0,Ogun,3,1,0,0,1,20000.0,0.3333333333333333,2,2,2,1,1,42,12,17.0,537500.0,7,0,0.0
279052,2,0,0,2,2,0,1,1,0,1,1,0,1.0,1.0,1.0,1.0,29.0,27.0,2712.0,6.0,2.0,Ogun,2,1,0,0,1,6000.0,0.5,2,2,0,1,0,42,7,7.0,109000.0,7,0,0.0
279053,3,1,1,3,3,1,3,3,1,1,1,1,3.0,3.0,2.0,1.0,61.0,27.0,2712.0,6.0,2.0,Ogun,3,3,0,0,3,75000.0,1.0,3,3,2,1,1,42,11,16.0,159300.0,7,0,0.0
279054,2,2,0,2,2,1,1,2,1,1,1,1,4.0,4.0,1.0,1.0,45.0,27.0,2712.0,6.0,2.0,Ogun,4,2,0,0,2,39000.0,0.5,3,2,0,1,0,42,10,16.0,493000.0,7,0,0.0
279056,5,1,0,5,5,1,1,1,1,1,1,1,7.0,7.0,1.0,1.0,52.0,27.0,2712.0,6.0,2.0,Ogun,7,2,0,0,2,55000.0,0.2857142857142857,7,3,0,1,0,42,8,11.0,138500.0,7,0,0.0
279057,3,1,0,3,3,1,2,1,1,1,1,1,7.0,7.0,1.0,2.0,82.0,27.0,2712.0,6.0,2.0,Ogun,6,2,0,0,2,4000.0,0.3333333333333333,4,2,0,1,0,42,7,7.0,38000.0,7,0,0.0
279058,1,0,0,1,1,0,0,1,0,0,1,0,1.0,1.0,1.0,2.0,76.0,27.0,2712.0,6.0,2.0,Ogun,1,1,0,0,1,1500.0,1.0,1,1,0,1,0,42,5,6.0,34500.0,7,0,0.0
279059,2,0,0,2,2,0,2,1,0,1,1,0,7.0,7.0,2.0,2.0,31.0,24.0,2420.0,6.0,2.0,Lagos,5,1,0,0,1,100000.0,0.2,4,2,0,1,0,42,9,13.0,277000.0,7,0,0.0
279060,2,0,0,2,2,0,1,0,0,1,0,0,3.0,3.0,1.0,1.0,78.0,27.0,2712.0,6.0,2.0,Ogun,3,1,0,0,1,1000.0,0.3333333333333333,3,2,0,1,0,42,7,9.0,18500.0,7,1,8500.0
279061,3,2,0,3,3,1,3,1,0,1,1,0,3.0,3.0,1.0,1.0,47.0,27.0,2715.0,6.0,2.0,Ogun,3,3,0,0,3,470000.0,1.0,3,3,0,1,0,42,15,35.0,173005.0,7,0,0.0
279065,1,0,0,1,1,0,0,0,1,0,0,1,2.0,2.0,401.0,2.0,63.0,27.0,2715.0,6.0,2.0,Ogun,2,1,0,0,1,3500.0,0.5,1,1,0,1,0,42,2,2.0,2500.0,7,0,0.0
279066,2,0,0,2,2,0,2,0,0,1,0,0,2.0,2.0,1.0,1.0,33.0,28.0,2813.0,6.0,2.0,Ondo,2,2,0,0,2,220000.0,1.0,2,2,0,1,0,42,6,10.0,56500.0,7,0,0.0
279067,1,0,0,1,1,0,0,0,0,0,0,0,1.0,1.0,1.0,1.0,103.0,27.0,2715.0,6.0,2.0,Ogun,1,0,0,0,0,0.0,0.0,1,1,0,1,0,42,5,6.0,33500.0,7,2,62000.0
279068,2,0,0,2,2,0,0,2,0,0,1,0,5.0,5.0,1.0,2.0,42.0,27.0,2715.0,6.0,2.0,Ogun,5,2,0,0,2,50000.0,0.4,4,1,0,1,0,42,3,3.0,10000.0,7,0,0.0
279069,3,1,1,3,3,1,0,1,1,0,1,1,5.0,5.0,1.0,2.0,71.0,27.0,2715.0,6.0,2.0,Ogun,4,2,0,0,2,7000.0,0.5,3,3,1,1,1,42,7,9.0,132000.0,7,2,35000.0
279073,3,0,0,3,3,0,1,0,0,1,0,0,3.0,3.0,1.0,1.0,54.0,27.0,2716.0,6.0,2.0,Ogun,6,2,0,0,2,500000.0,0.3333333333333333,4,2,0,1,0,42,4,7.0,19500.0,7,0,0.0
279074,1,0,0,1,1,0,0,0,0,0,0,0,1.0,1.0,1.0,1.0,39.0,27.0,2716.0,6.0,2.0,Ogun,1,1,0,0,1,20000.0,1.0,1,0,0,0,0,42,9,13.0,28500.0,7,0,0.0
279078,5,0,0,5,5,0,1,2,1,1,1,1,7.0,7.0,2.0,2.0,48.0,27.0,2716.0,6.0,2.0,Ogun,7,0,2,0,2,60000.0,0.0,7,2,1,1,1,42,7,12.0,154500.0,7,0,0.0
279080,2,0,0,2,2,0,0,0,0,0,0,0,2.0,2.0,1.0,1.0,48.0,27.0,2716.0,6.0,2.0,Ogun,2,2,0,0,2,85000.0,1.0,2,2,0,1,0,42,4,5.0,169800.0,7,0,0.0
279081,1,0,0,1,1,0,0,0,1,0,0,1,1.0,1.0,4.0,2.0,63.0,27.0,2716.0,6.0,2.0,Ogun,1,1,0,0,1,15000.0,1.0,1,1,0,1,0,42,3,3.0,15500.0,7,1,10000.0
279082,2,0,0,2,2,0,0,0,0,0,0,0,2.0,2.0,1.0,1.0,65.0,27.0,2716.0,6.0,2.0,Ogun,2,2,0,0,2,27000.0,1.0,2,2,0,1,0,42,5,10.0,223000.0,7,2,55000.0
279083,5,0,0,5,5,0,4,0,0,1,0,0,6.0,6.0,1.0,1.0,54.0,27.0,2716.0,6.0,2.0,Ogun,6,2,0,0,2,250000.0,0.3333333333333333,6,4,0,1,0,42,12,25.0,164000.0,7,0,0.0
279084,3,1,0,3,3,1,2,3,3,1,1,1,4.0,4.0,1.0,2.0,55.0,27.0,2701.0,6.0,2.0,Ogun,4,1,0,0,1,5000.0,0.25,3,3,0,1,0,42,4,11.0,31500.0,7,2,15000.0
279087,3,0,0,3,3,0,2,0,0,1,0,0,3.0,3.0,1.0,1.0,45.0,27.0,2720.0,6.0,1.0,Ogun,3,1,2,0,3,127500.0,0.3333333333333333,3,3,0,1,0,42,11,23.0,918000.0,7,0,0.0
279088,3,3,0,3,3,1,3,3,1,1,1,1,5.0,5.0,1.0,1.0,53.0,27.0,2720.0,6.0,1.0,Ogun,5,2,0,0,2,117000.0,0.4,5,3,2,1,1,42,6,6.0,190500.0,7,0,0.0
279089,4,1,0,4,4,1,1,0,0,1,0,0,5.0,5.0,1.0,1.0,54.0,27.0,2720.0,6.0,1.0,Ogun,5,2,0,0,2,9000.0,0.4,4,4,0,1,0,42,9,12.0,96000.0,7,1,8500.0
279090,1,0,0,1,1,0,1,1,0,1,1,0,1.0,1.0,1.0,1.0,46.0,27.0,2720.0,6.0,1.0,Ogun,1,1,0,0,1,60000.0,1.0,1,1,0,1,0,42,9,10.0,361500.0,7,0,0.0
279091,1,0,0,1,1,0,1,1,0,1,1,0,4.0,4.0,2.0,2.0,40.0,27.0,2715.0,6.0,1.0,Ogun,3,0,0,0,0,0.0,0.0,3,1,0,1,0,42,8,9.0,124000.0,7,2,50000.0
279092,2,1,1,2,2,1,1,2,1,1,1,1,3.0,3.0,1.0,1.0,42.0,27.0,2720.0,6.0,1.0,Ogun,3,1,0,0,1,50000.0,0.3333333333333333,2,2,1,1,1,42,10,15.0,286000.0,7,2,210000.0
279093,1,0,0,1,1,0,0,0,0,0,0,0,1.0,1.0,1.0,2.0,88.0,27.0,2720.0,6.0,1.0,Ogun,1,1,0,0,1,50000.0,1.0,1,1,0,1,0,42,7,10.0,23200.0,7,2,17000.0
279094,1,1,0,1,1,1,1,1,1,1,1,1,3.0,3.0,2.0,2.0,46.0,29.0,2923.0,6.0,1.0,Osun,4,1,0,0,1,81000.0,0.25,3,3,3,1,1,42,18,33.0,2735800.0,7,0,0.0
279095,1,1,0,1,1,1,1,1,0,1,1,0,1.0,1.0,1.0,2.0,74.0,27.0,2720.0,6.0,1.0,Ogun,1,0,0,0,0,0.0,0.0,1,1,1,1,1,42,11,15.0,74500.0,7,0,0.0
279096,2,1,0,2,2,1,1,0,0,1,0,0,4.0,4.0,1.0,1.0,32.0,27.0,2720.0,6.0,1.0,Ogun,2,1,0,0,1,20000.0,0.5,2,2,0,1,0,42,8,12.0,130500.0,7,1,1000.0
279097,1,1,0,1,1,1,1,0,0,1,0,0,1.0,1.0,1.0,1.0,52.0,27.0,2720.0,6.0,1.0,Ogun,1,1,0,0,1,3000.0,1.0,1,1,0,1,0,42,9,10.0,345000.0,7,0,0.0
279098,3,0,1,3,3,1,3,3,0,1,1,0,3.0,3.0,1.0,1.0,54.0,27.0,2720.0,6.0,1.0,Ogun,3,2,1,0,3,210000.0,0.6666666666666666,3,3,2,1,1,42,15,23.0,204000.0,7,0,0.0
279100,1,1,0,1,1,1,1,0,0,1,0,0,1.0,1.0,1.0,1.0,46.0,27.0,2720.0,6.0,1.0,Ogun,1,1,0,0,1,35000.0,1.0,1,1,0,1,0,42,12,16.0,196000.0,7,0,0.0
279101,2,1,0,2,2,1,2,2,0,1,1,0,3.0,3.0,1.0,1.0,37.0,27.0,2720.0,6.0,1.0,Ogun,3,2,0,0,2,4500.0,0.6666666666666666,2,2,2,1,1,42,8,11.0,163000.0,7,0,0.0
279103,1,0,1,1,1,1,1,1,0,1,1,0,1.0,1.0,101.0,1.0,33.0,27.0,2720.0,6.0,1.0,Ogun,1,1,0,0,1,46000.0,1.0,1,1,1,1,1,42,12,16.0,131000.0,7,1,1000.0
279105,2,0,0,2,2,0,2,1,0,1,1,0,2.0,2.0,1.0,1.0,61.0,27.0,2720.0,6.0,1.0,Ogun,2,1,0,0,0,0.0,0.5,2,2,2,1,1,42,15,27.0,1721000.0,7,0,0.0
279107,2,1,0,2,2,1,1,0,1,1,0,1,2.0,2.0,1.0,2.0,54.0,27.0,2720.0,6.0,1.0,Ogun,3,1,0,0,1,40000.0,0.3333333333333333,3,1,0,1,0,42,8,10.0,105000.0,7,1,50000.0
279112,1,0,0,1,1,0,1,1,1,1,1,1,1.0,1.0,1.0,1.0,81.0,27.0,2706.0,6.0,2.0,Ogun,1,1,0,0,1,30000.0,1.0,1,1,0,1,0,42,7,13.0,105500.0,7,0,0.0
279114,4,0,0,4,4,0,1,0,1,1,0,1,4.0,4.0,1.0,1.0,63.0,27.0,2712.0,6.0,2.0,Ogun,5,3,0,0,3,4000.0,0.6,5,3,1,1,1,42,9,18.0,54000.0,7,2,10000.0
279118,1,0,0,1,1,0,0,0,0,0,0,0,1.0,1.0,2.0,2.0,81.0,27.0,2703.0,6.0,2.0,Ogun,1,0,0,0,0,0.0,0.0,1,1,0,1,0,42,9,11.0,44300.0,7,0,0.0
279121,1,0,0,1,1,0,1,0,1,1,0,1,1.0,1.0,1.0,1.0,52.0,27.0,2701.0,6.0,2.0,Ogun,1,1,0,0,1,30000.0,1.0,1,1,0,1,0,42,7,8.0,36200.0,7,1,10000.0
279125,2,2,0,2,2,1,1,2,1,1,1,1,5.0,5.0,1.0,1.0,52.0,27.0,2720.0,6.0,1.0,Ogun,5,1,1,0,2,63500.0,0.2,4,2,1,1,1,42,12,18.0,481500.0,7,0,0.0
280031,2,2,0,2,2,1,2,2,0,1,1,0,4.0,4.0,2.0,1.0,46.0,27.0,2703.0,6.0,1.0,Ogun,4,2,0,0,2,25000.0,0.5,3,2,2,1,1,42,14,21.0,1072000.0,7,0,0.0
280033,3,0,0,3,3,0,3,3,0,1,1,0,6.0,6.0,2.0,1.0,43.0,24.0,2420.0,6.0,1.0,Lagos,6,2,0,0,2,280000.0,0.3333333333333333,3,3,3,1,1,42,14,29.0,335000.0,7,0,0.0
280036,2,2,0,2,2,1,2,2,0,1,1,0,3.0,3.0,1.0,1.0,29.0,28.0,2804.0,6.0,1.0,Ondo,2,2,0,0,2,4000.0,1.0,2,2,0,1,0,42,11,14.0,179500.0,7,0,0.0
280037,4,1,0,4,4,1,2,2,0,1,1,0,7.0,7.0,2.0,1.0,67.0,28.0,2806.0,6.0,1.0,Ondo,7,1,0,0,1,154000.0,0.14285714285714285,5,5,5,1,1,42,13,31.0,329700.0,7,1,80000.0
280038,6,1,1,6,6,1,5,1,1,1,1,1,6.0,6.0,1.0,1.0,60.0,28.0,2804.0,6.0,1.0,Ondo,6,2,0,0,2,20000.0,0.3333333333333333,6,6,4,1,1,42,13,22.0,565600.0,7,0,0.0
280039,2,2,0,2,2,1,2,2,0,1,1,0,2.0,2.0,101.0,1.0,40.0,28.0,2804.0,6.0,1.0,Ondo,2,1,0,0,2,7000.0,0.5,2,2,1,1,1,42,8,15.0,40500.0,7,0,0.0
280083,2,1,2,2,2,1,1,1,1,1,1,1,1.0,1.0,5101.0,1.0,66.0,28.0,2814.0,6.0,1.0,Ondo,2,1,0,0,0,0.0,0.5,2,2,0,1,0,42,13,17.0,876000.0,7,1,1140000.0
280084,2,1,0,2,2,1,2,0,0,1,0,0,6.0,6.0,4.0,1.0,30.0,28.0,2814.0,6.0,1.0,Ondo,5,1,0,0,1,4000.0,0.2,2,2,2,1,1,42,9,15.0,148600.0,7,0,0.0
280085,3,2,2,3,3,1,3,2,0,1,1,0,2.0,2.0,5101.0,1.0,54.0,28.0,2814.0,6.0,1.0,Ondo,3,2,0,0,2,40000.0,0.6666666666666666,3,3,0,1,0,42,9,12.0,264000.0,7,0,0.0
280086,5,1,1,5,5,1,4,5,0,1,1,0,5.0,5.0,1.0,1.0,54.0,28.0,2814.0,6.0,1.0,Ondo,5,2,0,0,2,520000.0,0.4,5,5,3,1,1,42,15,32.0,547000.0,7,1,18000.0
280087,3,0,0,3,3,0,2,0,0,1,0,0,6.0,6.0,1.0,1.0,51.0,28.0,2814.0,6.0,1.0,Ondo,5,2,0,1,4,202000.0,0.4,4,4,0,1,0,42,9,12.0,315000.0,7,0,0.0
280088,2,1,0,2,2,1,0,0,1,0,0,1,3.0,3.0,1.0,1.0,66.0,28.0,2814.0,6.0,1.0,Ondo,3,2,0,0,3,165000.0,0.6666666666666666,3,3,0,1,0,42,3,5.0,19000.0,7,0,0.0
280089,2,0,0,2,2,0,1,0,0,1,0,0,5.0,5.0,1.0,1.0,39.0,28.0,2814.0,6.0,1.0,Ondo,4,1,0,0,1,3000.0,0.25,4,3,0,1,0,42,9,13.0,216500.0,7,0,0.0
280090,4,0,0,4,4,0,0,0,0,0,0,0,5.0,5.0,1.0,1.0,56.0,28.0,2814.0,6.0,1.0,Ondo,5,0,1,0,1,8000.0,0.0,5,3,0,1,0,42,5,5.0,116000.0,7,0,0.0
280111,1,0,0,1,1,0,0,0,0,0,0,0,1.0,1.0,2.0,2.0,66.0,28.0,2813.0,6.0,2.0,Ondo,1,0,0,0,0,0.0,0.0,1,1,0,1,0,42,3,3.0,6500.0,7,1,2000.0
280112,3,0,0,3,3,0,0,3,0,0,1,0,3.0,3.0,1.0,1.0,66.0,28.0,2813.0,6.0,2.0,Ondo,3,2,0,0,2,450000.0,0.6666666666666666,3,3,0,1,0,42,6,10.0,42000.0,7,0,0.0
280113,2,0,0,2,2,0,0,0,0,0,0,0,3.0,3.0,2.0,2.0,56.0,28.0,2813.0,6.0,2.0,Ondo,3,1,0,0,1,25000.0,0.3333333333333333,3,2,0,1,0,42,3,4.0,35600.0,7,1,5000.0
280114,2,0,0,2,2,0,1,0,0,1,0,0,1.0,1.0,2.0,1.0,41.0,28.0,2813.0,6.0,2.0,Ondo,2,2,0,0,2,200000.0,1.0,2,2,0,1,0,42,4,4.0,11600.0,7,0,0.0
280116,5,0,0,5,5,0,3,0,0,1,0,0,5.0,5.0,1.0,1.0,68.0,28.0,2813.0,6.0,2.0,Ondo,5,3,0,0,3,70000.0,0.6,5,4,3,1,1,42,9,16.0,239000.0,7,0,0.0
280117,4,1,0,4,4,1,1,0,0,1,0,0,5.0,5.0,1.0,1.0,55.0,28.0,2813.0,6.0,2.0,Ondo,5,2,0,0,2,500000.0,0.4,4,4,0,1,0,42,12,20.0,98500.0,7,0,0.0
280118,2,1,0,2,2,1,1,0,0,1,0,0,3.0,3.0,1.0,1.0,72.0,28.0,2813.0,6.0,2.0,Ondo,3,0,0,0,0,0.0,0.0,2,2,0,1,0,42,4,8.0,19400.0,7,1,5000.0
280119,1,0,0,1,1,0,0,0,0,0,0,0,1.0,1.0,1.0,1.0,75.0,28.0,2813.0,6.0,2.0,Ondo,1,0,0,0,0,0.0,0.0,1,1,0,1,0,42,2,2.0,25000.0,7,0,0.0
280120,2,0,0,2,2,0,1,1,0,1,1,0,4.0,4.0,4.0,1.0,27.0,28.0,2813.0,6.0,2.0,Ondo,3,2,0,0,2,15000.0,0.6666666666666666,2,2,0,1,0,42,7,8.0,330500.0,7,0,0.0
289001,4,0,0,4,4,0,2,1,0,1,1,0,7.0,7.0,1.0,1.0,36.0,28.0,2801.0,6.0,1.0,Ondo,6,2,0,0,0,0.0,0.3333333333333333,5,5,2,1,1,42,11,16.0,431500.0,7,0,0.0
289002,4,0,0,4,4,0,4,0,1,1,0,1,8.0,8.0,1.0,1.0,38.0,28.0,2801.0,6.0,1.0,Ondo,7,2,0,0,2,70000.0,0.2857142857142857,4,4,4,1,1,42,15,26.0,810000.0,7,0,0.0
289003,1,1,0,1,1,1,1,1,1,1,1,1,1.0,1.0,1.0,1.0,27.0,30.0,3005.0,6.0,1.0,Oyo,1,1,0,0,1,26000.0,1.0,1,1,1,1,1,42,2,2.0,35000.0,7,0,0.0
289005,3,0,0,3,3,0,0,1,0,0,1,0,6.0,6.0,2101.0,1.0,45.0,28.0,2801.0,6.0,1.0,Ondo,5,3,0,0,3,16000.0,0.6,4,4,0,1,0,42,4,6.0,39000.0,7,0,0.0
289006,3,0,0,3,3,0,0,0,0,0,0,0,5.0,5.0,1.0,2.0,40.0,28.0,2801.0,6.0,1.0,Ondo,4,0,0,0,0,0.0,0.0,3,1,0,1,0,42,3,4.0,62000.0,7,0,0.0
289007,2,0,0,2,2,0,1,0,0,1,0,0,2.0,2.0,1301.0,2.0,57.0,28.0,2801.0,6.0,1.0,Ondo,2,1,0,0,1,900000.0,0.5,2,2,1,1,1,42,16,20.0,204500.0,7,0,0.0
289008,2,0,0,2,2,0,1,1,1,1,1,1,3.0,3.0,1.0,2.0,74.0,28.0,2801.0,6.0,1.0,Ondo,3,0,0,0,0,0.0,0.0,3,3,0,1,0,42,4,5.0,25000.0,7,0,0.0
289009,1,0,0,1,1,0,0,0,0,0,0,0,1.0,1.0,1.0,2.0,42.0,28.0,2801.0,6.0,1.0,Ondo,1,1,0,0,1,20000.0,1.0,1,0,0,0,0,42,10,13.0,179300.0,7,0,0.0
289010,6,0,0,6,6,0,2,0,0,1,0,0,9.0,9.0,1.0,1.0,57.0,28.0,2801.0,6.0,1.0,Ondo,9,1,1,0,2,30000.0,0.1111111111111111,8,8,4,1,1,42,9,21.0,299500.0,7,0,0.0
289011,2,0,1,2,2,1,1,1,1,1,1,1,2.0,2.0,5101.0,1.0,43.0,37.0,3706.0,1.0,1.0,FCT,3,1,0,0,1,30000.0,0.3333333333333333,2,1,1,1,1,42,7,8.0,163000.0,7,0,0.0
289014,5,0,0,5,5,0,2,0,0,1,0,0,7.0,7.0,101.0,1.0,49.0,28.0,2805.0,6.0,2.0,Ondo,7,7,0,0,7,40000.0,1.0,7,5,3,1,1,42,9,12.0,103300.0,7,0,0.0
289015,1,1,1,1,1,1,1,1,1,1,1,1,1.0,1.0,1.0,1.0,24.0,28.0,2805.0,6.0,2.0,Ondo,1,1,0,0,1,6000.0,1.0,1,1,1,1,1,42,6,6.0,232000.0,7,1,20000.0
289016,2,0,2,2,2,1,0,0,0,0,0,0,2.0,2.0,1.0,1.0,61.0,28.0,2805.0,6.0,2.0,Ondo,4,2,0,1,3,400000.0,0.5,4,1,0,1,0,42,7,10.0,73000.0,7,0,0.0
289017,3,2,0,3,3,1,2,1,0,1,1,0,2.0,2.0,1.0,1.0,65.0,28.0,2805.0,6.0,2.0,Ondo,3,1,0,0,2,64000.0,0.3333333333333333,3,3,1,1,1,42,11,14.0,446000.0,7,0,0.0
289019,2,0,0,2,2,0,0,0,0,0,0,0,2.0,2.0,1.0,2.0,80.0,28.0,2805.0,6.0,2.0,Ondo,2,2,0,0,2,2000.0,1.0,2,2,1,1,1,42,4,4.0,87000.0,7,0,0.0
289020,3,2,2,3,3,1,3,0,0,1,0,0,4.0,4.0,1.0,1.0,54.0,28.0,2805.0,6.0,2.0,Ondo,5,2,0,0,2,804000.0,0.4,4,3,1,1,1,42,17,31.0,1328500.0,7,0,0.0
289021,2,2,0,2,2,1,2,2,0,1,1,0,3.0,3.0,1.0,1.0,36.0,28.0,2805.0,6.0,2.0,Ondo,3,2,0,0,2,20000.0,0.6666666666666666,3,2,2,1,1,42,15,16.0,155000.0,7,1,4500.0
289022,2,2,0,2,2,1,2,2,0,1,1,0,2.0,2.0,1.0,1.0,26.0,28.0,2805.0,6.0,2.0,Ondo,2,1,0,0,1,2000.0,0.5,2,2,1,1,1,42,13,13.0,215500.0,7,0,0.0
289025,3,0,0,3,3,0,2,3,1,1,1,1,5.0,5.0,1.0,1.0,63.0,28.0,2808.0,6.0,2.0,Ondo,4,2,0,0,2,605000.0,0.5,4,4,0,1,0,42,6,9.0,75800.0,7,0,0.0
289027,2,0,0,2,2,0,0,0,0,0,0,0,4.0,4.0,1.0,1.0,79.0,28.0,2808.0,6.0,2.0,Ondo,4,2,0,0,2,35000.0,0.5,3,2,0,1,0,42,2,4.0,35000.0,7,0,0.0
289028,2,1,0,2,2,1,1,0,0,1,0,0,6.0,6.0,1.0,1.0,37.0,28.0,2808.0,6.0,2.0,Ondo,6,2,0,0,2,3000000.0,0.3333333333333333,4,4,0,1,0,42,12,22.0,623000.0,7,0,0.0
289030,3,0,1,3,3,1,0,1,0,0,1,0,5.0,5.0,1.0,1.0,56.0,28.0,2808.0,6.0,2.0,Ondo,4,2,0,0,1,15000.0,0.5,3,2,0,1,0,42,3,3.0,66000.0,7,0,0.0
289031,3,0,0,3,3,0,1,0,0,1,0,0,6.0,6.0,1.0,1.0,42.0,28.0,2808.0,6.0,2.0,Ondo,6,2,0,0,1,25000.0,0.3333333333333333,5,1,0,1,0,42,3,5.0,108000.0,7,0,0.0
289032,3,1,0,3,3,1,2,0,0,1,0,0,4.0,4.0,1.0,1.0,85.0,28.0,2808.0,6.0,2.0,Ondo,4,1,0,0,1,0.0,0.25,3,3,0,1,0,42,11,24.0,2211800.0,7,0,0.0
289034,4,2,1,4,4,1,3,3,0,1,1,0,5.0,5.0,1.0,1.0,90.0,28.0,2808.0,6.0,2.0,Ondo,5,1,0,1,2,10000000.0,0.2,4,4,1,1,1,42,19,36.0,6937400.0,7,0,0.0
289036,4,1,0,4,4,1,0,0,0,0,0,0,7.0,7.0,1.0,1.0,46.0,28.0,2808.0,6.0,2.0,Ondo,7,4,0,0,1,150000.0,0.5714285714285714,5,4,0,1,0,42,3,5.0,8100.0,7,0,0.0
289037,2,0,0,2,2,0,0,0,0,0,0,0,6.0,6.0,1.0,1.0,43.0,28.0,2811.0,6.0,2.0,Ondo,5,0,1,0,1,150000.0,0.0,4,2,0,1,0,42,5,12.0,190000.0,7,0,0.0
289041,2,0,0,2,2,0,2,2,0,1,1,0,2.0,2.0,1.0,1.0,27.0,29.0,2929.0,6.0,1.0,Osun,2,1,0,0,2,10000.0,0.5,2,2,2,1,1,42,10,11.0,298000.0,7,0,0.0
289042,6,0,0,6,6,0,0,0,0,0,0,0,7.0,7.0,1.0,1.0,47.0,28.0,2811.0,6.0,2.0,Ondo,7,2,0,0,2,150000.0,0.2857142857142857,7,5,3,1,1,42,9,25.0,1137500.0,7,0,0.0
289043,3,1,1,3,3,1,1,2,0,1,1,0,4.0,4.0,1.0,1.0,52.0,28.0,2811.0,6.0,2.0,Ondo,4,3,0,0,3,704000.0,0.75,4,3,2,1,1,42,19,29.0,789500.0,7,0,0.0
289044,2,2,1,2,2,1,0,0,0,0,0,0,6.0,6.0,1.0,1.0,46.0,28.0,2811.0,6.0,2.0,Ondo,6,5,0,0,4,400000.0,0.8333333333333334,5,2,0,1,0,42,11,18.0,477000.0,7,0,0.0
289046,3,0,0,3,3,0,0,0,0,0,0,0,3.0,3.0,2.0,2.0,61.0,28.0,2811.0,6.0,2.0,Ondo,3,1,0,0,1,55000.0,0.3333333333333333,3,2,1,1,1,42,5,5.0,73500.0,7,0,0.0
289047,1,0,1,1,1,1,0,1,0,0,1,0,1.0,1.0,1.0,2.0,49.0,28.0,2811.0,6.0,2.0,Ondo,1,1,0,0,1,500000.0,1.0,1,1,0,1,0,42,6,10.0,67100.0,7,0,0.0
289048,2,0,0,2,2,0,1,0,0,1,0,0,3.0,3.0,1.0,1.0,39.0,28.0,2811.0,6.0,2.0,Ondo,2,1,0,0,1,300000.0,0.5,2,2,0,1,0,42,5,9.0,54000.0,7,0,0.0
289049,2,2,2,2,2,1,2,2,2,1,1,1,3.0,3.0,1301.0,1.0,36.0,24.0,2412.0,6.0,1.0,Lagos,2,2,0,0,2,70000.0,1.0,2,2,2,1,1,42,10,11.0,359000.0,7,0,0.0
289050,4,1,0,4,4,1,1,0,0,1,0,0,4.0,4.0,1.0,2.0,40.0,28.0,2814.0,6.0,1.0,Ondo,4,0,0,0,1,400000.0,0.0,4,4,3,1,1,42,6,10.0,266000.0,7,0,0.0
289051,2,0,0,2,2,0,2,0,0,1,0,0,5.0,5.0,1.0,1.0,36.0,28.0,2814.0,6.0,1.0,Ondo,5,1,0,0,1,10000.0,0.2,4,2,1,1,1,42,9,10.0,123500.0,7,0,0.0
289052,3,0,0,3,3,0,2,3,0,1,1,0,5.0,5.0,1.0,1.0,32.0,28.0,2814.0,6.0,1.0,Ondo,5,3,0,0,3,20000.0,0.6,3,3,0,1,0,42,8,12.0,116500.0,7,0,0.0
289053,1,0,0,1,1,0,0,0,0,0,0,0,1.0,1.0,2.0,2.0,48.0,28.0,2814.0,6.0,1.0,Ondo,1,0,1,0,1,15000.0,0.0,1,1,0,1,0,42,3,3.0,14500.0,7,0,0.0
289055,4,0,0,4,4,0,4,0,0,1,0,0,7.0,7.0,1.0,1.0,60.0,28.0,2814.0,6.0,1.0,Ondo,7,1,1,0,2,57000.0,0.14285714285714285,6,4,3,1,1,42,7,12.0,132800.0,7,0,0.0
289056,2,0,0,2,2,0,2,2,0,1,1,0,3.0,3.0,1802.0,1.0,39.0,28.0,2814.0,6.0,1.0,Ondo,3,1,0,0,2,85000.0,0.3333333333333333,2,2,0,1,0,42,6,8.0,651500.0,7,0,0.0
289059,4,0,0,4,4,0,1,0,0,1,0,0,7.0,7.0,1.0,1.0,43.0,28.0,2814.0,6.0,1.0,Ondo,7,2,0,0,2,5000.0,0.2857142857142857,6,6,4,1,1,42,10,16.0,1372600.0,7,0,0.0
289061,1,1,0,1,1,1,0,1,0,0,1,0,3.0,3.0,1.0,2.0,39.0,28.0,2811.0,6.0,2.0,Ondo,3,1,0,0,1,375000.0,0.3333333333333333,2,2,0,1,0,42,3,4.0,17600.0,7,0,0.0
289062,2,1,1,2,2,1,1,2,0,1,1,0,5.0,5.0,1.0,1.0,39.0,28.0,2815.0,6.0,2.0,Ondo,5,2,0,0,2,4500.0,0.4,4,2,0,1,0,42,8,13.0,197500.0,7,0,0.0
289063,3,1,0,3,3,1,1,0,0,1,0,0,3.0,3.0,1.0,1.0,69.0,28.0,2815.0,6.0,2.0,Ondo,3,1,1,0,2,2000.0,0.3333333333333333,3,3,1,1,1,42,4,5.0,12000.0,7,1,100000.0
289064,3,0,0,3,3,0,1,2,0,1,1,0,2.0,2.0,1.0,2.0,39.0,28.0,2815.0,6.0,2.0,Ondo,5,3,0,0,0,0.0,0.6,4,4,0,1,0,42,2,2.0,6500.0,7,0,0.0
289065,1,0,0,1,1,0,0,0,0,0,0,0,1.0,1.0,1.0,1.0,74.0,28.0,2815.0,6.0,2.0,Ondo,1,0,0,0,0,0.0,0.0,1,0,0,0,0,42,4,4.0,40300.0,7,0,0.0
289066,3,1,0,3,3,1,1,0,0,1,0,0,3.0,3.0,1.0,1.0,58.0,28.0,2815.0,6.0,2.0,Ondo,3,3,0,0,3,4000000.0,1.0,3,3,0,1,0,42,12,18.0,103000.0,7,0,0.0
289067,1,0,1,1,1,1,0,0,1,0,0,1,2.0,2.0,1.0,2.0,52.0,28.0,2815.0,6.0,2.0,Ondo,3,1,0,0,1,220000.0,0.3333333333333333,3,0,0,0,0,42,4,8.0,24000.0,7,0,0.0
289071,1,0,1,1,1,1,0,0,0,0,0,0,3.0,3.0,1.0,1.0,54.0,11.0,1105.0,4.0,2.0,Ebonyi,4,1,0,0,1,285000.0,0.25,3,0,0,0,0,42,3,6.0,27400.0,7,0,0.0
289072,3,0,0,3,3,0,0,0,0,0,0,0,5.0,5.0,1.0,1.0,61.0,28.0,2815.0,6.0,2.0,Ondo,5,2,0,0,2,27500.0,0.4,3,2,0,1,0,42,6,11.0,107000.0,7,0,0.0
289073,3,1,0,3,3,1,2,1,1,1,1,1,5.0,5.0,1.0,2.0,49.0,28.0,2816.0,6.0,1.0,Ondo,5,1,0,0,1,20000.0,0.2,4,4,3,1,1,42,14,23.0,482800.0,7,0,0.0
289077,1,0,1,1,1,1,0,1,1,0,1,1,1.0,1.0,1.0,2.0,26.0,12.0,1212.0,5.0,1.0,Edo,1,1,0,0,1,7500.0,1.0,1,1,1,1,1,42,5,6.0,22000.0,7,0,0.0
289080,1,0,0,1,1,0,1,0,0,1,0,0,2.0,2.0,1.0,2.0,45.0,28.0,2816.0,6.0,1.0,Ondo,2,1,0,0,1,500.0,0.5,1,1,0,1,0,42,10,10.0,91000.0,7,0,0.0
289081,1,0,0,1,1,0,0,0,0,0,0,0,1.0,1.0,1.0,2.0,80.0,28.0,2816.0,6.0,1.0,Ondo,1,1,0,0,1,500.0,1.0,1,1,0,1,0,42,10,11.0,129500.0,7,1,24000.0
289082,5,0,1,5,5,1,1,1,1,1,1,1,5.0,5.0,1.0,2.0,40.0,28.0,2816.0,6.0,1.0,Ondo,5,1,0,0,2,135000.0,0.2,5,5,0,1,0,42,10,14.0,76500.0,7,0,0.0
289083,1,0,0,1,1,0,0,0,1,0,0,1,2.0,2.0,1.0,2.0,64.0,28.0,2816.0,6.0,1.0,Ondo,2,0,0,0,0,0.0,0.0,1,1,0,1,0,42,5,6.0,13500.0,7,0,0.0
289084,4,0,0,4,4,0,1,1,1,1,1,1,6.0,6.0,1.0,1.0,48.0,28.0,2816.0,6.0,1.0,Ondo,6,2,0,0,1,10000.0,0.3333333333333333,5,4,0,1,0,42,7,10.0,213000.0,7,0,0.0
289088,1,0,0,1,1,0,1,0,0,1,0,0,1.0,1.0,1.0,1.0,59.0,28.0,2805.0,6.0,2.0,Ondo,1,1,0,0,0,0.0,1.0,1,1,0,1,0,42,2,2.0,40000.0,7,0,0.0
289097,2,0,0,2,2,0,1,2,0,1,1,0,5.0,5.0,1.0,1.0,37.0,28.0,2816.0,6.0,1.0,Ondo,4,2,0,0,2,6000.0,0.5,3,2,0,1,0,42,12,14.0,461700.0,7,0,0.0
289098,2,0,0,2,2,0,0,1,1,0,1,1,2.0,2.0,1.0,2.0,50.0,28.0,2816.0,6.0,1.0,Ondo,2,1,0,0,1,10000.0,0.5,2,2,0,1,0,42,9,12.0,58200.0,7,0,0.0
289102,5,0,1,5,5,1,3,0,0,1,0,0,1.0,1.0,5101.0,1.0,48.0,28.0,2805.0,6.0,2.0,Ondo,8,3,0,0,1,25000.0,0.375,6,6,3,1,1,42,13,24.0,491000.0,7,0,0.0
290001,5,2,2,5,5,1,3,0,3,1,0,1,6.0,6.0,1.0,2.0,75.0,29.0,2929.0,6.0,1.0,Osun,6,4,0,0,4,77000.0,0.6666666666666666,6,3,0,1,0,42,2,6.0,16500.0,7,0,0.0
290002,4,0,2,4,4,1,3,2,4,1,1,1,5.0,5.0,1.0,1.0,78.0,29.0,2929.0,6.0,1.0,Osun,6,2,0,0,2,42000.0,0.3333333333333333,6,6,1,1,1,42,15,20.0,103700.0,7,0,0.0
290003,4,1,0,4,4,1,1,0,1,1,0,1,5.0,5.0,1.0,1.0,88.0,29.0,2929.0,6.0,1.0,Osun,7,2,0,0,2,30000.0,0.2857142857142857,7,3,0,1,0,42,3,6.0,12000.0,7,0,0.0
290005,1,0,1,1,1,1,0,0,1,0,0,1,3.0,3.0,2.0,2.0,65.0,29.0,2929.0,6.0,1.0,Osun,3,1,0,1,2,4000.0,0.3333333333333333,3,3,0,1,0,42,12,14.0,75700.0,7,0,0.0
290006,1,1,0,1,1,1,1,0,0,1,0,0,1.0,1.0,1.0,1.0,47.0,29.0,2929.0,6.0,1.0,Osun,1,1,0,0,1,10000.0,1.0,1,1,1,1,1,42,13,16.0,276000.0,7,0,0.0
290007,2,1,0,2,2,1,1,0,0,1,0,0,3.0,3.0,1.0,1.0,78.0,29.0,2929.0,6.0,1.0,Osun,3,2,0,0,2,162000.0,0.6666666666666666,2,2,0,1,0,42,5,8.0,31700.0,7,0,0.0
290009,3,2,2,3,3,1,2,0,0,1,0,0,7.0,7.0,1.0,1.0,44.0,29.0,2905.0,6.0,1.0,Osun,6,5,0,0,5,54500.0,0.8333333333333334,5,3,0,1,0,42,13,19.0,123700.0,7,0,0.0
290010,3,3,0,3,3,1,1,2,0,1,1,0,1.0,1.0,1.0,2.0,64.0,29.0,2929.0,6.0,1.0,Osun,3,0,0,0,0,0.0,0.0,3,3,1,1,1,42,5,9.0,33000.0,7,0,0.0
290031,4,1,0,4,4,1,2,1,2,1,1,1,5.0,5.0,1.0,1.0,50.0,29.0,2929.0,6.0,1.0,Osun,5,2,0,1,3,41500.0,0.4,5,5,3,1,1,42,14,20.0,192350.0,7,0,0.0
290032,2,2,1,2,2,1,1,0,1,1,0,1,2.0,2.0,1.0,1.0,82.0,29.0,2929.0,6.0,1.0,Osun,2,2,0,0,1,60000.0,1.0,2,2,0,1,0,42,6,12.0,15500.0,7,0,0.0
290034,5,2,0,5,5,1,2,3,0,1,1,0,7.0,7.0,10.0,1.0,55.0,29.0,2929.0,6.0,1.0,Osun,7,4,0,0,4,42000.0,0.5714285714285714,6,6,3,1,1,42,14,34.0,306000.0,7,1,12000.0
290036,2,1,1,2,2,1,2,2,1,1,1,1,4.0,4.0,5.0,1.0,44.0,29.0,2929.0,6.0,1.0,Osun,3,2,0,0,2,8000.0,0.6666666666666666,2,2,1,1,1,42,14,22.0,491500.0,7,0,0.0
290037,8,5,0,8,8,1,1,6,0,1,1,0,11.0,11.0,1.0,1.0,48.0,29.0,2929.0,6.0,1.0,Osun,10,2,0,0,2,353500.0,0.2,9,8,3,1,1,42,12,37.0,244900.0,7,0,0.0
290038,3,1,2,3,3,1,2,0,3,1,0,1,3.0,3.0,1.0,1.0,44.0,29.0,2929.0,6.0,1.0,Osun,3,3,0,0,3,7000.0,1.0,3,3,3,1,1,42,15,21.0,2090000.0,7,0,0.0
290039,3,2,0,3,3,1,2,0,0,1,0,0,6.0,6.0,1.0,1.0,44.0,29.0,2929.0,6.0,1.0,Osun,5,1,0,0,2,6000.0,0.2,4,2,0,1,0,42,12,30.0,422200.0,7,0,0.0
290040,4,0,1,4,4,1,1,1,1,1,1,1,5.0,5.0,1.0,2.0,43.0,29.0,2929.0,6.0,1.0,Osun,5,1,0,0,1,45000.0,0.2,5,3,1,1,1,42,5,6.0,73000.0,7,0,0.0
290042,2,2,0,2,2,1,2,2,2,1,1,1,2.0,2.0,1.0,1.0,83.0,29.0,2908.0,6.0,2.0,Osun,2,2,0,0,2,55000.0,1.0,2,2,1,1,1,42,5,12.0,18000.0,7,0,0.0
290043,2,1,0,2,2,1,1,1,0,1,1,0,2.0,2.0,1.0,1.0,66.0,29.0,2908.0,6.0,2.0,Osun,4,2,0,0,2,52000.0,0.5,3,3,1,1,1,42,7,20.0,33200.0,7,0,0.0
290045,1,1,1,1,1,1,0,0,1,0,0,1,2.0,2.0,2.0,2.0,62.0,29.0,2908.0,6.0,2.0,Osun,2,1,0,0,1,2000.0,0.5,2,2,0,1,0,42,6,6.0,15300.0,7,0,0.0
290046,2,0,0,2,2,0,1,0,0,1,0,0,3.0,3.0,1.0,1.0,60.0,29.0,2908.0,6.0,2.0,Osun,4,2,0,0,2,16500.0,0.5,3,3,0,1,0,42,6,7.0,67100.0,7,0,0.0
290047,2,1,1,2,2,1,1,1,1,1,1,1,3.0,3.0,7.0,1.0,28.0,29.0,2908.0,6.0,2.0,Osun,3,2,0,0,2,12000.0,0.6666666666666666,3,2,0,1,0,42,9,15.0,85500.0,7,0,0.0
290048,2,1,0,2,2,1,1,0,1,1,0,1,4.0,4.0,1.0,2.0,72.0,29.0,2908.0,6.0,2.0,Osun,4,2,0,0,2,70000.0,0.5,3,2,0,1,0,42,3,9.0,11100.0,7,0,0.0
290049,3,1,1,3,3,1,2,2,3,1,1,1,4.0,4.0,2.0,2.0,70.0,29.0,2908.0,6.0,2.0,Osun,4,1,0,1,3,5500.0,0.25,4,4,2,1,1,42,11,16.0,124650.0,7,0,0.0
290050,1,0,0,1,1,0,0,0,0,0,0,0,1.0,1.0,1.0,2.0,79.0,29.0,2911.0,6.0,2.0,Osun,1,0,0,0,0,0.0,0.0,1,1,0,1,0,42,3,3.0,52000.0,7,2,152000.0
290072,1,0,0,1,1,0,0,0,0,0,0,0,1.0,1.0,1.0,2.0,83.0,29.0,2905.0,6.0,1.0,Osun,1,0,0,0,0,0.0,0.0,1,0,0,0,0,42,1,1.0,700.0,7,0,0.0
290073,5,4,0,5,5,1,5,5,0,1,1,0,8.0,8.0,3.0,1.0,41.0,29.0,2905.0,6.0,1.0,Osun,8,3,0,0,3,55500.0,0.375,7,7,7,1,1,42,15,36.0,1239800.0,7,0,0.0
290075,2,0,0,2,2,0,1,1,1,1,1,1,5.0,5.0,1.0,1.0,42.0,28.0,2806.0,6.0,1.0,Ondo,5,2,0,0,2,48000.0,0.4,3,3,0,1,0,42,8,12.0,105000.0,7,0,0.0
290078,1,0,0,1,1,0,1,0,1,1,0,1,1.0,1.0,1.0,2.0,55.0,29.0,2905.0,6.0,1.0,Osun,1,1,0,0,1,10000.0,1.0,1,1,0,1,0,42,7,14.0,59000.0,7,0,0.0
290080,3,0,1,3,3,1,1,0,2,1,0,1,5.0,5.0,8.0,1.0,45.0,29.0,2905.0,6.0,1.0,Osun,5,1,0,0,2,7500.0,0.2,4,4,1,1,1,42,12,19.0,40500.0,7,0,0.0
290081,1,0,0,1,1,0,0,0,0,0,0,0,3.0,3.0,1.0,2.0,77.0,29.0,2910.0,6.0,1.0,Osun,3,1,0,0,1,15000.0,0.3333333333333333,3,1,0,1,0,42,7,15.0,34500.0,7,0,0.0
290082,2,0,0,2,2,0,2,1,1,1,1,1,2.0,2.0,2.0,2.0,49.0,29.0,2910.0,6.0,1.0,Osun,2,1,0,0,1,5000.0,0.5,2,2,1,1,1,42,11,13.0,116000.0,7,0,0.0
290083,2,0,0,2,2,0,1,0,1,1,0,1,2.0,2.0,1.0,1.0,87.0,29.0,2910.0,6.0,1.0,Osun,2,1,0,0,1,2500.0,0.5,2,1,0,1,0,42,10,18.0,77500.0,7,0,0.0
290084,2,2,0,2,2,1,2,1,0,1,1,0,5.0,5.0,1.0,1.0,50.0,29.0,2910.0,6.0,1.0,Osun,5,2,0,0,2,235000.0,0.4,4,4,4,1,1,42,17,36.0,406000.0,7,0,0.0
290085,1,0,0,1,1,0,0,0,1,0,0,1,1.0,1.0,1.0,2.0,77.0,29.0,2910.0,6.0,1.0,Osun,1,0,0,0,0,0.0,0.0,1,1,0,1,0,42,8,11.0,126500.0,7,0,0.0
290086,3,0,0,3,3,0,1,1,0,1,1,0,2.0,2.0,5101.0,2.0,47.0,29.0,2911.0,6.0,1.0,Osun,3,1,0,0,1,1500.0,0.3333333333333333,3,3,0,1,0,42,5,6.0,354500.0,7,0,0.0
290087,2,0,0,2,2,0,1,0,2,1,0,1,2.0,2.0,1.0,1.0,83.0,29.0,2910.0,6.0,1.0,Osun,2,0,0,0,0,0.0,0.0,2,2,0,1,0,42,11,21.0,97200.0,7,0,0.0
290088,5,4,0,5,5,1,5,2,3,1,1,1,5.0,5.0,1.0,1.0,65.0,29.0,2907.0,6.0,1.0,Osun,5,3,0,0,3,277000.0,0.6,5,5,5,1,1,42,20,59.0,2570000.0,7,1,240000.0
290090,2,1,0,2,2,1,1,0,0,1,0,0,2.0,2.0,3.0,1.0,81.0,29.0,2910.0,6.0,1.0,Osun,2,2,0,0,2,751500.0,1.0,2,2,0,1,0,42,9,15.0,237500.0,7,1,250000.0
290171,1,0,0,1,1,0,1,0,0,1,0,0,1.0,1.0,1.0,2.0,62.0,29.0,2920.0,6.0,2.0,Osun,1,0,0,0,1,40000.0,0.0,1,1,0,1,0,42,5,7.0,15300.0,7,0,0.0
290172,3,0,0,3,3,0,0,0,0,0,0,0,1.0,1.0,1.0,1.0,39.0,29.0,2920.0,6.0,2.0,Osun,4,2,0,0,2,525000.0,0.5,3,2,0,1,0,42,5,10.0,19200.0,7,0,0.0
290173,3,0,2,3,3,1,0,0,3,0,0,1,4.0,4.0,1.0,1.0,78.0,29.0,2920.0,6.0,2.0,Osun,4,2,0,0,2,55000.0,0.5,4,4,0,1,0,42,6,10.0,268000.0,7,0,0.0
290176,1,0,0,1,1,0,0,0,0,0,0,0,1.0,1.0,2.0,2.0,55.0,29.0,2920.0,6.0,2.0,Osun,1,1,0,0,1,45000.0,1.0,1,1,0,1,0,42,3,4.0,4900.0,7,0,0.0
290177,3,2,0,3,3,1,0,0,0,0,0,0,7.0,7.0,1.0,1.0,52.0,29.0,2920.0,6.0,2.0,Osun,6,4,0,0,4,160000.0,0.6666666666666666,5,2,0,1,0,42,5,11.0,32400.0,7,0,0.0
290178,2,1,2,2,2,1,0,0,0,0,0,0,4.0,4.0,1.0,1.0,54.0,29.0,2920.0,6.0,2.0,Osun,3,2,0,0,2,120000.0,0.6666666666666666,2,2,0,1,0,42,4,6.0,10500.0,7,0,0.0
290179,4,2,0,4,4,1,2,0,0,1,0,0,7.0,7.0,1.0,1.0,58.0,29.0,2920.0,6.0,2.0,Osun,5,3,0,0,3,320000.0,0.6,4,4,1,1,1,42,8,13.0,160700.0,7,0,0.0
290180,5,2,0,5,5,1,2,1,2,1,1,1,5.0,5.0,1.0,1.0,64.0,29.0,2920.0,6.0,2.0,Osun,5,2,0,0,2,400000.0,0.4,5,3,1,1,1,42,7,15.0,50900.0,7,0,0.0
299001,4,0,0,4,4,0,1,0,1,1,0,1,8.0,8.0,1.0,1.0,45.0,29.0,2915.0,6.0,1.0,Osun,8,4,0,1,5,125000.0,0.5,6,3,0,1,0,42,4,12.0,27500.0,7,0,0.0
299004,2,0,1,2,2,1,2,2,1,1,1,1,5.0,5.0,2.0,2.0,43.0,29.0,2915.0,6.0,1.0,Osun,5,1,0,0,1,1500.0,0.2,3,3,3,1,1,42,11,15.0,107400.0,7,0,0.0
299005,5,1,1,5,5,1,2,5,2,1,1,1,12.0,12.0,1.0,2.0,76.0,29.0,2915.0,6.0,1.0,Osun,12,1,0,0,1,20000.0,0.08333333333333333,10,10,7,1,1,42,6,9.0,21600.0,7,0,0.0
299006,3,2,0,3,3,1,2,0,0,1,0,0,5.0,5.0,1.0,1.0,82.0,29.0,2915.0,6.0,1.0,Osun,5,0,0,0,0,0.0,0.0,3,3,0,1,0,42,7,13.0,51500.0,7,1,35000.0
299007,3,3,3,3,3,1,3,1,3,1,1,1,5.0,5.0,1.0,1.0,59.0,29.0,2915.0,6.0,1.0,Osun,5,2,0,0,1,35000.0,0.4,4,3,1,1,1,42,15,31.0,1187000.0,7,1,50000.0
299008,3,2,0,3,3,1,2,1,0,1,1,0,3.0,3.0,1.0,1.0,78.0,29.0,2915.0,6.0,1.0,Osun,3,2,0,0,2,44000.0,0.6666666666666666,3,3,1,1,1,42,8,16.0,167000.0,7,0,0.0
299009,3,3,0,3,3,1,3,3,2,1,1,1,6.0,6.0,1.0,1.0,46.0,29.0,2915.0,6.0,1.0,Osun,5,2,0,0,2,165000.0,0.4,4,4,3,1,1,42,11,23.0,120500.0,7,0,0.0
299010,4,4,1,4,4,1,3,4,0,1,1,0,4.0,4.0,1.0,1.0,64.0,29.0,2915.0,6.0,1.0,Osun,4,2,0,0,2,80000.0,0.5,4,4,2,1,1,42,9,13.0,126000.0,7,0,0.0
299011,2,0,2,2,2,1,1,2,1,1,1,1,3.0,3.0,1.0,2.0,83.0,29.0,2915.0,6.0,1.0,Osun,3,1,0,0,1,400000.0,0.3333333333333333,2,2,1,1,1,42,15,27.0,930600.0,7,0,0.0
299012,2,2,0,2,2,1,2,2,0,1,1,0,6.0,6.0,1.0,1.0,38.0,29.0,2915.0,6.0,1.0,Osun,4,2,0,0,1,13000.0,0.5,3,3,2,1,1,42,14,26.0,281000.0,7,1,5000.0
299013,2,1,0,2,2,1,1,0,0,1,0,0,3.0,3.0,1.0,1.0,43.0,29.0,2918.0,6.0,1.0,Osun,2,1,0,0,2,132000.0,0.5,2,2,0,1,0,42,12,18.0,197700.0,7,0,0.0
299014,2,0,1,2,2,1,1,1,1,1,1,1,4.0,4.0,1.0,1.0,56.0,29.0,2918.0,6.0,1.0,Osun,4,1,0,0,1,40000.0,0.25,3,3,1,1,1,42,9,19.0,147000.0,7,0,0.0
299015,2,1,1,2,2,1,2,1,1,1,1,1,4.0,4.0,1.0,1.0,33.0,29.0,2918.0,6.0,1.0,Osun,4,2,0,0,2,32000.0,0.5,3,3,3,1,1,42,16,24.0,250900.0,7,0,0.0
299018,2,0,0,2,2,0,1,0,1,1,0,1,5.0,5.0,1.0,1.0,79.0,29.0,2918.0,6.0,1.0,Osun,5,0,0,0,0,0.0,0.0,4,1,0,1,0,42,7,14.0,33800.0,7,1,25000.0
299020,4,3,0,4,4,1,3,0,0,1,0,0,3.0,3.0,1.0,1.0,31.0,29.0,2918.0,6.0,1.0,Osun,4,4,0,0,4,625000.0,1.0,4,4,2,1,1,42,14,24.0,360200.0,7,0,0.0
299022,2,1,0,2,2,1,1,0,1,1,0,1,3.0,3.0,4.0,2.0,45.0,29.0,2918.0,6.0,1.0,Osun,3,1,0,0,1,5000.0,0.3333333333333333,3,1,1,1,1,42,7,10.0,30200.0,7,0,0.0
299025,5,3,0,5,5,1,3,3,0,1,1,0,5.0,5.0,1.0,2.0,54.0,29.0,2928.0,6.0,1.0,Osun,5,3,0,1,2,15000.0,0.6,5,4,3,1,1,42,8,16.0,157200.0,7,2,20000.0
299027,2,0,0,2,2,0,2,2,0,1,1,0,3.0,3.0,1.0,1.0,58.0,29.0,2928.0,6.0,1.0,Osun,4,2,0,0,2,35000.0,0.5,3,3,0,1,0,42,11,14.0,180000.0,7,0,0.0
299028,3,1,0,3,3,1,2,2,0,1,1,0,5.0,5.0,1.0,1.0,63.0,29.0,2928.0,6.0,1.0,Osun,6,3,0,0,3,42000.0,0.5,4,3,0,1,0,42,8,17.0,71000.0,7,1,30000.0
299029,2,0,0,2,2,0,2,0,1,1,0,1,5.0,5.0,1.0,1.0,26.0,29.0,2928.0,6.0,1.0,Osun,3,2,0,0,2,65000.0,0.6666666666666666,2,2,1,1,1,42,4,5.0,56500.0,7,0,0.0
299030,2,0,0,2,2,0,1,1,0,1,1,0,1.0,1.0,101.0,1.0,25.0,29.0,2928.0,6.0,1.0,Osun,3,2,0,0,2,14000.0,0.6666666666666666,2,2,1,1,1,42,11,13.0,334800.0,7,0,0.0
299032,3,1,1,3,3,1,1,1,1,1,1,1,3.0,3.0,1.0,1.0,101.0,29.0,2928.0,6.0,1.0,Osun,3,3,0,0,3,17000.0,1.0,3,2,1,1,1,42,1,3.0,1500.0,7,0,0.0
299033,3,1,1,3,3,1,1,0,1,1,0,1,6.0,6.0,1.0,1.0,58.0,29.0,2928.0,6.0,1.0,Osun,6,3,0,0,3,55000.0,0.5,5,4,0,1,0,42,8,18.0,37000.0,7,1,25000.0
299034,5,5,0,5,5,1,5,5,0,1,1,0,5.0,5.0,1304.0,1.0,78.0,29.0,2928.0,6.0,1.0,Osun,5,3,0,0,3,135000.0,0.6,5,5,2,1,1,42,8,17.0,103500.0,7,1,60000.0
299035,3,1,0,3,3,1,2,1,1,1,1,1,4.0,4.0,1.0,1.0,64.0,29.0,2928.0,6.0,1.0,Osun,4,3,0,0,3,72000.0,0.75,4,3,2,1,1,42,7,13.0,83500.0,7,2,106000.0
299036,2,2,0,2,2,1,1,2,2,1,1,1,4.0,4.0,1.0,1.0,30.0,29.0,2928.0,6.0,1.0,Osun,2,2,0,0,2,11500.0,1.0,2,2,1,1,1,42,17,23.0,476900.0,7,0,0.0
300011,6,6,0,6,6,1,5,5,6,1,1,1,6.0,6.0,1.0,1.0,41.0,30.0,3007.0,6.0,1.0,Oyo,6,4,0,0,4,12000.0,0.6666666666666666,6,6,5,1,1,42,11,26.0,597000.0,7,0,0.0
300012,1,0,0,1,1,0,0,0,0,0,0,0,1.0,1.0,1.0,2.0,64.0,30.0,3007.0,6.0,1.0,Oyo,1,1,0,0,1,3000.0,1.0,1,1,0,1,0,42,5,5.0,43800.0,7,1,120000.0
300014,1,0,0,1,1,0,0,0,0,0,0,0,2.0,2.0,2.0,2.0,80.0,30.0,3020.0,6.0,1.0,Oyo,2,1,0,0,1,25000.0,0.5,2,1,0,1,0,42,7,12.0,26500.0,7,0,0.0
300016,3,1,1,3,3,1,1,2,0,1,1,0,4.0,4.0,1.0,1.0,55.0,30.0,3007.0,6.0,1.0,Oyo,4,1,1,0,2,43000.0,0.25,4,4,0,1,0,42,10,15.0,19500.0,7,1,12000.0
300017,4,4,0,4,4,1,3,4,0,1,1,0,4.0,4.0,1.0,1.0,67.0,30.0,3007.0,6.0,1.0,Oyo,4,1,0,0,1,15000.0,0.25,4,4,1,1,1,42,6,12.0,198500.0,7,2,29760.0
300018,2,2,0,2,2,1,2,2,0,1,1,0,2.0,2.0,1.0,1.0,66.0,30.0,3007.0,6.0,1.0,Oyo,2,2,0,0,2,35000.0,1.0,2,2,2,1,1,42,8,20.0,354200.0,7,1,12000.0
300019,1,0,0,1,1,0,0,0,0,0,0,0,1.0,1.0,1.0,2.0,80.0,30.0,3025.0,6.0,1.0,Oyo,1,0,0,0,0,0.0,0.0,1,0,0,0,0,42,5,5.0,38000.0,7,0,0.0
300020,2,1,0,2,2,1,2,2,2,1,1,1,3.0,3.0,101.0,1.0,39.0,30.0,3007.0,6.0,1.0,Oyo,2,2,0,0,2,162000.0,1.0,2,2,2,1,1,42,13,24.0,299500.0,7,0,0.0
300036,2,0,0,2,2,0,0,0,0,0,0,0,5.0,5.0,1.0,1.0,49.0,30.0,3012.0,6.0,2.0,Oyo,3,2,0,0,2,650000.0,0.6666666666666666,3,2,0,1,0,42,6,8.0,23500.0,7,0,0.0
300037,3,0,0,3,3,0,2,2,0,1,1,0,9.0,9.0,5101.0,1.0,41.0,30.0,3012.0,6.0,2.0,Oyo,9,2,0,0,2,565000.0,0.2222222222222222,7,3,0,1,0,42,4,8.0,460300.0,7,0,0.0
300038,1,0,1,1,1,1,0,0,0,0,0,0,1.0,1.0,1.0,1.0,49.0,30.0,3012.0,6.0,2.0,Oyo,1,1,0,0,1,170000.0,1.0,1,0,0,0,0,42,2,3.0,2500.0,7,0,0.0
300040,2,0,0,2,2,0,1,1,0,1,1,0,1.0,1.0,1.0,2.0,42.0,30.0,3012.0,6.0,1.0,Oyo,3,1,0,0,1,50000.0,0.3333333333333333,3,1,0,1,0,42,4,5.0,36300.0,7,0,0.0
300091,4,3,0,4,4,1,3,3,1,1,1,1,1.0,1.0,1.0,1.0,66.0,30.0,3005.0,6.0,1.0,Oyo,4,3,0,0,4,246500.0,0.75,4,4,3,1,1,42,29,58.0,3191000.0,7,1,480000.0
300092,2,0,0,2,2,0,2,2,2,1,1,1,2.0,2.0,1.0,1.0,78.0,30.0,3005.0,6.0,1.0,Oyo,2,1,0,0,1,5000.0,0.5,2,1,0,1,0,42,8,16.0,116500.0,7,2,157000.0
300094,3,0,0,3,3,0,1,0,0,1,0,0,4.0,4.0,1.0,1.0,78.0,30.0,3005.0,6.0,1.0,Oyo,4,0,0,0,0,0.0,0.0,4,1,0,1,0,42,9,16.0,41600.0,7,1,72000.0
300095,6,0,0,6,6,0,1,2,0,1,1,0,7.0,7.0,1.0,2.0,52.0,30.0,3005.0,6.0,1.0,Oyo,6,1,2,0,3,24000.0,0.16666666666666666,6,5,4,1,1,42,14,26.0,103600.0,7,0,0.0
300096,3,0,0,3,3,0,3,0,0,1,0,0,3.0,3.0,1.0,1.0,66.0,30.0,3005.0,6.0,1.0,Oyo,3,1,0,0,1,3000.0,0.3333333333333333,3,3,3,1,1,42,19,33.0,1181400.0,7,1,960000.0
300097,3,3,1,3,3,1,3,3,3,1,1,1,1.0,1.0,1.0,1.0,46.0,30.0,3005.0,6.0,1.0,Oyo,5,2,0,0,2,200000.0,0.4,5,3,2,1,1,42,11,21.0,1132500.0,7,0,0.0
300098,6,0,0,6,6,0,6,6,0,1,1,0,6.0,6.0,1.0,1.0,57.0,30.0,3005.0,6.0,1.0,Oyo,6,1,0,0,2,198000.0,0.16666666666666666,6,6,6,1,1,42,18,35.0,636500.0,7,1,840000.0
300099,5,1,0,5,5,1,5,4,0,1,1,0,8.0,8.0,1.0,1.0,59.0,30.0,3005.0,6.0,1.0,Oyo,8,2,0,0,2,95000.0,0.25,7,5,5,1,1,42,10,20.0,473200.0,7,0,0.0
300100,1,0,0,1,1,0,1,0,0,1,0,0,1.0,1.0,2.0,2.0,62.0,30.0,3005.0,6.0,1.0,Oyo,1,1,0,0,1,5000.0,1.0,1,1,0,1,0,42,10,16.0,158000.0,7,1,42000.0
300131,3,1,0,3,3,1,3,2,1,1,1,1,3.0,3.0,1.0,1.0,74.0,30.0,3002.0,6.0,1.0,Oyo,3,0,1,0,1,100000.0,0.0,3,3,1,1,1,42,11,20.0,242000.0,7,1,30000.0
300135,3,0,0,3,3,0,1,3,3,1,1,1,3.0,3.0,2.0,2.0,56.0,30.0,3002.0,6.0,1.0,Oyo,3,3,0,0,3,1500.0,1.0,3,3,2,1,1,42,7,9.0,67000.0,7,0,0.0
300136,2,1,1,2,2,1,1,0,1,1,0,1,6.0,6.0,1.0,1.0,51.0,30.0,3002.0,6.0,2.0,Oyo,5,2,0,0,2,5000.0,0.4,4,2,0,1,0,42,10,13.0,225500.0,7,0,0.0
300137,2,1,1,2,2,1,1,0,0,1,0,0,2.0,2.0,1.0,1.0,65.0,30.0,3002.0,6.0,1.0,Oyo,2,1,0,0,1,4500.0,0.5,2,2,0,1,0,42,9,14.0,61800.0,7,1,24000.0
300138,2,1,2,2,2,1,2,2,0,1,1,0,3.0,3.0,1.0,1.0,35.0,30.0,3002.0,6.0,1.0,Oyo,2,2,0,0,2,83000.0,1.0,2,2,2,1,1,42,20,32.0,4229500.0,7,2,130000.0
300139,2,2,2,2,2,1,2,2,2,1,1,1,4.0,4.0,1.0,1.0,39.0,30.0,3002.0,6.0,1.0,Oyo,4,2,0,0,2,82000.0,0.5,3,2,2,1,1,42,12,16.0,1520500.0,7,0,0.0
300140,2,0,0,2,2,0,0,0,0,0,0,0,2.0,2.0,1.0,1.0,85.0,30.0,3021.0,6.0,1.0,Oyo,2,1,0,0,1,3000.0,0.5,2,1,0,1,0,42,2,3.0,7500.0,7,1,4000.0
300141,2,2,2,2,2,1,2,2,2,1,1,1,1.0,1.0,1.0,2.0,71.0,30.0,3002.0,6.0,1.0,Oyo,3,0,1,0,1,1000.0,0.0,2,2,1,1,1,42,6,7.0,86500.0,7,0,0.0
300142,3,3,0,3,3,1,3,2,1,1,1,1,3.0,3.0,2.0,2.0,61.0,30.0,3002.0,6.0,1.0,Oyo,3,2,0,0,1,20000.0,0.6666666666666666,3,3,2,1,1,42,18,36.0,4700500.0,7,3,550000.0
300143,1,0,0,1,1,0,0,1,0,0,1,0,1.0,1.0,1.0,2.0,67.0,30.0,3002.0,6.0,1.0,Oyo,4,1,0,0,1,3500.0,0.25,3,0,0,0,0,42,4,7.0,28500.0,7,1,18000.0
300145,2,0,0,2,2,0,0,0,0,0,0,0,2.0,2.0,1.0,1.0,67.0,30.0,3002.0,6.0,1.0,Oyo,2,1,0,0,1,10000.0,0.5,2,2,0,1,0,42,5,5.0,22000.0,7,0,0.0
300146,1,0,0,1,1,0,0,0,0,0,0,0,2.0,2.0,2.0,2.0,63.0,30.0,3002.0,6.0,1.0,Oyo,2,1,0,0,1,8000.0,0.5,2,2,0,1,0,42,7,11.0,156000.0,7,1,30000.0
300147,5,2,3,5,5,1,2,1,2,1,1,1,6.0,6.0,1.0,1.0,52.0,30.0,3002.0,6.0,1.0,Oyo,6,3,0,0,3,9500.0,0.5,6,5,2,1,1,42,12,22.0,1570000.0,7,0,0.0
300148,7,4,3,7,7,1,6,5,3,1,1,1,7.0,7.0,1.0,1.0,56.0,30.0,3002.0,6.0,1.0,Oyo,7,2,2,0,4,34800.0,0.2857142857142857,7,6,5,1,1,42,9,22.0,100500.0,7,1,4000.0
300149,2,2,2,2,2,1,2,1,1,1,1,1,5.0,5.0,2.0,1.0,38.0,30.0,3002.0,6.0,1.0,Oyo,4,1,1,0,2,53000.0,0.25,3,2,2,1,1,42,13,21.0,1392200.0,7,0,0.0
300171,1,0,0,1,1,0,0,0,0,0,0,0,1.0,1.0,1.0,1.0,80.0,30.0,3023.0,6.0,2.0,Oyo,1,1,0,0,1,100000.0,1.0,1,0,0,0,0,42,3,3.0,3000.0,7,1,100000.0
300172,4,0,2,4,4,1,1,0,2,1,0,1,7.0,7.0,1505.0,1.0,50.0,30.0,3023.0,6.0,2.0,Oyo,7,1,0,0,3,26500.0,0.14285714285714285,5,2,0,1,0,42,8,12.0,109000.0,7,1,20000.0
300173,1,0,0,1,1,0,0,0,0,0,0,0,1.0,1.0,1.0,2.0,67.0,30.0,3023.0,6.0,2.0,Oyo,1,0,0,0,0,0.0,0.0,1,1,0,1,0,42,2,2.0,25000.0,7,0,0.0
300175,5,0,0,5,5,0,0,3,0,0,1,0,5.0,5.0,1.0,1.0,89.0,30.0,3023.0,6.0,2.0,Oyo,5,5,0,0,2,1500.0,1.0,5,1,0,1,0,42,2,3.0,25000.0,7,0,0.0
300176,3,1,0,3,3,1,1,0,0,1,0,0,6.0,6.0,1.0,2.0,76.0,30.0,3023.0,6.0,2.0,Oyo,7,1,0,1,1,2500.0,0.14285714285714285,4,3,1,1,1,42,3,6.0,154300.0,7,0,0.0
300177,2,1,1,2,2,1,1,0,1,1,0,1,2.0,2.0,1.0,2.0,65.0,30.0,3030.0,6.0,2.0,Oyo,2,1,0,0,1,75000.0,0.5,2,1,0,1,0,42,8,13.0,258700.0,7,0,0.0
300178,3,0,0,3,3,0,0,3,0,0,1,0,3.0,3.0,1.0,1.0,82.0,30.0,3023.0,6.0,2.0,Oyo,3,2,0,0,0,0.0,0.6666666666666666,3,2,0,1,0,42,4,10.0,42000.0,7,0,0.0
300180,4,0,0,4,4,0,1,0,0,1,0,0,7.0,7.0,1.0,2.0,76.0,30.0,3023.0,6.0,2.0,Oyo,5,1,2,0,2,24000.0,0.2,5,3,0,1,0,42,7,11.0,17300.0,7,2,130000.0
309001,2,1,2,2,2,1,2,0,0,1,0,0,2.0,2.0,1.0,1.0,75.0,30.0,3005.0,6.0,1.0,Oyo,2,1,0,0,0,0.0,0.5,2,2,1,1,1,42,14,33.0,227500.0,7,1,40000.0
309002,2,0,0,2,2,0,2,0,0,1,0,0,1.0,1.0,1.0,1.0,46.0,30.0,3005.0,6.0,1.0,Oyo,3,2,0,0,2,87000.0,0.6666666666666666,2,2,2,1,1,42,15,23.0,120700.0,7,0,0.0
309003,1,0,0,1,1,0,0,0,0,0,0,0,1.0,1.0,1.0,2.0,67.0,30.0,3005.0,6.0,1.0,Oyo,1,1,0,0,1,4500.0,1.0,1,1,0,1,0,42,4,4.0,14500.0,7,1,5000.0
309005,2,0,1,2,2,1,1,1,1,1,1,1,4.0,4.0,1.0,1.0,34.0,30.0,3005.0,6.0,1.0,Oyo,4,2,0,0,2,10000.0,0.5,3,2,1,1,1,42,12,13.0,138500.0,7,1,3500.0
309006,3,1,0,3,3,1,3,3,3,1,1,1,5.0,5.0,1.0,1.0,53.0,30.0,3005.0,6.0,1.0,Oyo,5,1,1,0,2,20000.0,0.2,4,3,3,1,1,42,14,21.0,368000.0,7,2,1010000.0
309007,4,2,1,4,4,1,2,2,0,1,1,0,6.0,6.0,1.0,1.0,49.0,30.0,3005.0,6.0,1.0,Oyo,6,1,0,0,1,300000.0,0.16666666666666666,6,4,4,1,1,42,13,27.0,457200.0,7,2,151000.0
309008,3,1,0,3,3,1,2,3,2,1,1,1,7.0,7.0,1.0,1.0,46.0,30.0,3005.0,6.0,1.0,Oyo,7,0,2,0,2,20000.0,0.0,6,3,2,1,1,42,12,18.0,483000.0,7,0,0.0
309009,1,0,0,1,1,0,1,0,0,1,0,0,1.0,1.0,101.0,2.0,65.0,30.0,3005.0,6.0,1.0,Oyo,2,1,0,0,1,5000.0,0.5,1,1,0,1,0,42,10,16.0,230700.0,7,0,0.0
309010,3,1,0,3,3,1,3,1,0,1,1,0,4.0,4.0,1.0,1.0,51.0,30.0,3005.0,6.0,1.0,Oyo,4,2,0,0,2,140000.0,0.5,4,3,1,1,1,42,12,25.0,390500.0,7,1,350000.0
309014,2,0,0,2,2,0,0,1,0,0,1,0,4.0,4.0,2.0,2.0,53.0,30.0,3006.0,6.0,1.0,Oyo,4,2,0,0,2,800.0,0.5,4,2,0,1,0,42,4,4.0,10000.0,7,0,0.0
309016,3,0,0,3,3,0,1,0,0,1,0,0,4.0,4.0,1.0,2.0,51.0,30.0,3006.0,6.0,1.0,Oyo,4,0,2,0,2,6000.0,0.0,3,3,1,1,1,42,10,16.0,49600.0,7,1,30000.0
309017,3,3,0,3,3,1,3,3,3,1,1,1,7.0,7.0,1.0,1.0,44.0,30.0,3006.0,6.0,1.0,Oyo,6,2,0,0,2,4500.0,0.3333333333333333,5,5,2,1,1,42,6,6.0,1527000.0,7,1,100000.0
309018,2,0,0,2,2,0,2,0,2,1,0,1,6.0,6.0,1.0,1.0,49.0,30.0,3006.0,6.0,1.0,Oyo,4,2,0,0,2,70000.0,0.5,2,2,2,1,1,42,14,16.0,1472000.0,7,0,0.0
309019,2,2,0,2,2,1,2,2,2,1,1,1,2.0,2.0,101.0,1.0,31.0,30.0,3006.0,6.0,1.0,Oyo,2,2,0,0,2,50000.0,1.0,2,2,2,1,1,42,10,14.0,177700.0,7,0,0.0
309021,2,0,1,2,2,1,1,2,0,1,1,0,5.0,5.0,1.0,1.0,40.0,30.0,3006.0,6.0,1.0,Oyo,4,1,1,0,2,5000.0,0.25,2,2,2,1,1,42,19,29.0,991800.0,7,0,0.0
309022,3,0,0,3,3,0,2,0,0,1,0,0,3.0,3.0,2.0,2.0,75.0,30.0,3006.0,6.0,1.0,Oyo,3,1,0,0,1,1000.0,0.3333333333333333,3,3,0,1,0,42,6,14.0,82000.0,7,0,0.0
309023,2,0,0,2,2,0,2,2,0,1,1,0,5.0,5.0,1.0,1.0,33.0,30.0,3006.0,6.0,1.0,Oyo,4,2,0,0,2,28000.0,0.5,2,2,2,1,1,42,9,10.0,166200.0,7,0,0.0
309024,1,1,0,1,1,1,1,0,1,1,0,1,1.0,1.0,1.0,1.0,45.0,30.0,3006.0,6.0,1.0,Oyo,1,1,0,0,1,2000.0,1.0,1,1,0,1,0,42,3,3.0,12000.0,7,0,0.0
309025,1,0,0,1,1,0,0,0,0,0,0,0,1.0,1.0,1.0,2.0,84.0,30.0,3011.0,6.0,2.0,Oyo,1,1,0,0,0,0.0,1.0,1,1,0,1,0,42,4,4.0,44500.0,7,0,0.0
309027,3,1,2,3,3,1,0,0,0,0,0,0,3.0,3.0,1.0,1.0,65.0,30.0,3011.0,6.0,2.0,Oyo,3,3,0,0,3,706500.0,1.0,3,3,0,1,0,42,3,7.0,357000.0,7,0,0.0
309028,1,0,1,1,1,1,0,0,0,0,0,0,1.0,1.0,1.0,1.0,54.0,30.0,3011.0,6.0,2.0,Oyo,1,1,0,0,1,20000.0,1.0,1,0,0,0,0,42,1,1.0,1000.0,7,0,0.0
309029,4,0,0,4,4,0,0,0,0,0,0,0,4.0,4.0,1.0,1.0,30.0,30.0,3011.0,6.0,2.0,Oyo,5,3,0,0,2,950000.0,0.6,4,3,0,1,0,42,7,10.0,381950.0,7,0,0.0
309031,5,0,0,5,5,0,0,0,0,0,0,0,4.0,4.0,1.0,1.0,45.0,30.0,3011.0,6.0,2.0,Oyo,7,6,0,0,6,151500.0,0.8571428571428571,6,5,1,1,1,42,4,10.0,178000.0,7,0,0.0
309032,2,0,0,2,2,0,0,0,0,0,0,0,2.0,2.0,1.0,1.0,80.0,30.0,3011.0,6.0,2.0,Oyo,2,0,0,0,0,0.0,0.0,2,2,0,1,0,42,3,6.0,7500.0,7,0,0.0
309033,4,0,0,4,4,0,2,1,0,1,1,0,6.0,6.0,1.0,1.0,59.0,30.0,3011.0,6.0,2.0,Oyo,6,1,0,0,1,500000.0,0.16666666666666666,6,4,1,1,1,42,7,14.0,482300.0,7,0,0.0
309035,2,0,0,2,2,0,0,0,0,0,0,0,5.0,5.0,1.0,1.0,34.0,30.0,3011.0,6.0,2.0,Oyo,4,3,0,0,3,102000.0,0.75,3,2,0,1,0,42,3,6.0,266000.0,7,0,0.0
309036,2,0,0,2,2,0,2,2,0,1,1,0,4.0,4.0,1.0,1.0,34.0,30.0,3011.0,6.0,2.0,Oyo,3,1,0,0,1,480000.0,0.3333333333333333,2,2,1,1,1,42,6,11.0,68200.0,7,0,0.0
309037,5,0,1,5,5,1,1,0,0,1,0,0,7.0,7.0,1.0,1.0,52.0,30.0,3013.0,6.0,1.0,Oyo,7,2,0,0,2,510000.0,0.2857142857142857,6,2,0,1,0,42,9,19.0,333700.0,7,0,0.0
309039,3,1,0,3,3,1,1,1,1,1,1,1,6.0,6.0,1.0,1.0,45.0,30.0,3013.0,6.0,1.0,Oyo,6,4,0,0,4,52000.0,0.6666666666666666,4,2,1,1,1,42,9,26.0,210000.0,7,0,0.0
309040,1,0,0,1,1,0,0,0,0,0,0,0,1.0,1.0,1.0,1.0,47.0,30.0,3013.0,6.0,1.0,Oyo,1,1,0,0,1,150000.0,1.0,1,1,0,1,0,42,3,3.0,5200.0,7,0,0.0
309041,2,0,0,2,2,0,2,1,0,1,1,0,3.0,3.0,1301.0,1.0,26.0,30.0,3013.0,6.0,1.0,Oyo,2,2,0,0,2,40000.0,1.0,2,2,0,1,0,42,8,10.0,574300.0,7,0,0.0
309042,2,0,0,2,2,0,0,0,0,0,0,0,2.0,2.0,1.0,1.0,57.0,30.0,3013.0,6.0,1.0,Oyo,2,1,0,0,1,500000.0,0.5,2,2,0,1,0,42,3,3.0,8000.0,7,0,0.0
309043,3,2,0,3,3,1,2,3,0,1,1,0,2.0,2.0,1.0,1.0,49.0,30.0,3011.0,6.0,1.0,Oyo,5,2,0,0,2,42000.0,0.4,4,3,3,1,1,42,11,28.0,1946800.0,7,0,0.0
309044,4,3,0,4,4,1,3,4,3,1,1,1,8.0,8.0,1.0,1.0,42.0,30.0,3013.0,6.0,1.0,Oyo,8,6,0,0,5,3900.0,0.75,4,4,3,1,1,42,5,6.0,79000.0,7,0,0.0
309046,2,0,0,2,2,0,0,0,0,0,0,0,1.0,1.0,1.0,1.0,39.0,30.0,3013.0,6.0,1.0,Oyo,2,2,0,0,2,650000.0,1.0,2,2,0,1,0,42,8,10.0,326900.0,7,0,0.0
309047,2,0,0,2,2,0,0,0,0,0,0,0,1.0,1.0,1.0,1.0,32.0,30.0,3013.0,6.0,1.0,Oyo,2,1,0,0,1,3000.0,0.5,2,1,0,1,0,42,4,4.0,383000.0,7,0,0.0
309048,2,0,0,2,2,0,2,2,0,1,1,0,3.0,3.0,1.0,1.0,28.0,30.0,3013.0,6.0,1.0,Oyo,3,2,0,0,2,6500.0,0.6666666666666666,2,2,0,1,0,42,11,16.0,448100.0,7,0,0.0
309050,4,0,0,4,4,0,0,0,0,0,0,0,3.0,3.0,103.0,1.0,63.0,30.0,3015.0,6.0,2.0,Oyo,4,2,0,0,2,53700.0,0.5,4,3,0,1,0,42,3,5.0,6500.0,7,0,0.0
309053,4,0,0,4,4,0,0,0,0,0,0,0,5.0,5.0,1.0,1.0,56.0,30.0,3015.0,6.0,2.0,Oyo,5,2,0,0,2,33000.0,0.4,5,1,0,1,0,42,3,9.0,17700.0,7,0,0.0
309055,3,1,2,3,3,1,1,0,3,1,0,1,3.0,3.0,1.0,2.0,69.0,30.0,3015.0,6.0,2.0,Oyo,3,2,0,0,2,14000.0,0.6666666666666666,3,2,1,1,1,42,6,8.0,107500.0,7,0,0.0
309056,8,0,0,8,8,0,0,7,0,0,1,0,7.0,7.0,1.0,1.0,60.0,30.0,3015.0,6.0,2.0,Oyo,10,7,0,0,6,1000.0,0.7,9,8,0,1,0,42,1,4.0,10000.0,7,0,0.0
309058,3,0,0,3,3,0,0,3,0,0,1,0,3.0,3.0,1.0,1.0,54.0,30.0,3015.0,6.0,2.0,Oyo,3,3,0,0,3,150000.0,1.0,3,3,0,1,0,42,3,6.0,179000.0,7,0,0.0
309059,5,0,0,5,5,0,0,0,0,0,0,0,1.0,1.0,1.0,1.0,70.0,30.0,3015.0,6.0,2.0,Oyo,9,7,0,0,6,3600000.0,0.7777777777777778,7,6,0,1,0,42,5,9.0,33800.0,7,0,0.0
309060,2,0,0,2,2,0,0,0,0,0,0,0,2.0,2.0,1.0,1.0,54.0,30.0,3015.0,6.0,2.0,Oyo,2,1,0,0,1,20000.0,0.5,2,1,0,1,0,42,2,4.0,3200.0,7,0,0.0
309061,2,0,0,2,2,0,0,1,0,0,1,0,2.0,2.0,1.0,1.0,66.0,30.0,3016.0,6.0,2.0,Oyo,2,2,0,0,2,80000.0,1.0,2,2,0,1,0,42,3,4.0,12500.0,7,0,0.0
309063,1,0,0,1,1,0,0,1,0,0,1,0,1.0,1.0,1.0,1.0,70.0,30.0,3016.0,6.0,2.0,Oyo,1,1,0,0,0,0.0,1.0,1,1,0,1,0,42,2,2.0,15400.0,7,0,0.0
309064,2,0,0,2,2,0,0,0,0,0,0,0,2.0,2.0,1.0,1.0,49.0,30.0,3016.0,6.0,2.0,Oyo,2,2,0,0,1,250000.0,1.0,2,2,0,1,0,42,2,2.0,1700.0,7,0,0.0
309065,2,0,0,2,2,0,2,0,0,1,0,0,5.0,5.0,1.0,1.0,50.0,30.0,3016.0,6.0,2.0,Oyo,3,2,0,0,2,154500.0,0.6666666666666666,2,2,0,1,0,42,8,14.0,150000.0,7,0,0.0
309067,2,0,0,2,2,0,0,1,0,0,1,0,1.0,1.0,1.0,1.0,45.0,30.0,3016.0,6.0,2.0,Oyo,2,2,0,0,2,4500.0,1.0,2,2,0,1,0,42,4,5.0,43000.0,7,0,0.0
309068,3,0,0,3,3,0,1,0,0,1,0,0,2.0,2.0,1.0,1.0,44.0,30.0,3016.0,6.0,2.0,Oyo,5,3,0,0,3,380000.0,0.6,5,3,0,1,0,42,3,7.0,3300.0,7,0,0.0
309069,1,0,0,1,1,0,0,0,0,0,0,0,1.0,1.0,2.0,2.0,61.0,30.0,3016.0,6.0,2.0,Oyo,1,1,0,0,1,50000.0,1.0,1,1,0,1,0,42,5,6.0,25000.0,7,0,0.0
309070,2,0,0,2,2,0,0,0,0,0,0,0,2.0,2.0,1.0,1.0,77.0,30.0,3016.0,6.0,2.0,Oyo,2,0,0,0,0,0.0,0.0,2,2,0,1,0,42,5,8.0,47000.0,7,0,0.0
309071,2,0,0,2,2,0,0,0,0,0,0,0,3.0,3.0,1.0,1.0,64.0,30.0,3016.0,6.0,2.0,Oyo,3,2,0,0,2,40000.0,0.6666666666666666,3,0,0,0,0,42,3,6.0,3100.0,7,0,0.0
309073,1,0,0,1,1,0,0,0,0,0,0,0,1.0,1.0,1.0,2.0,74.0,30.0,3020.0,6.0,2.0,Oyo,1,1,0,0,0,0.0,1.0,1,1,0,1,0,42,10,11.0,44900.0,7,2,310000.0
309074,7,0,1,7,7,1,7,4,3,1,1,1,8.0,8.0,1.0,1.0,76.0,30.0,3020.0,6.0,2.0,Oyo,8,3,0,0,2,22000.0,0.375,8,7,6,1,1,42,14,30.0,76800.0,7,2,1000000.0
309075,2,1,0,2,2,1,1,1,1,1,1,1,3.0,3.0,1.0,1.0,29.0,30.0,3020.0,6.0,2.0,Oyo,3,2,0,0,2,151500.0,0.6666666666666666,2,2,1,1,1,42,7,9.0,140000.0,7,0,0.0
309076,1,0,0,1,1,0,0,1,0,0,1,0,5.0,5.0,1.0,2.0,62.0,30.0,3020.0,6.0,2.0,Oyo,6,2,0,0,2,5000.0,0.3333333333333333,5,1,0,1,0,42,4,4.0,30000.0,7,0,0.0
309077,1,1,0,1,1,1,1,1,1,1,1,1,2.0,2.0,1.0,2.0,44.0,30.0,3020.0,6.0,2.0,Oyo,2,1,0,0,1,1000.0,0.5,2,1,0,1,0,42,5,5.0,55500.0,7,1,50000.0
309081,3,1,0,3,3,1,2,1,0,1,1,0,3.0,3.0,2.0,2.0,48.0,30.0,3020.0,6.0,2.0,Oyo,3,2,0,0,2,4500.0,0.6666666666666666,3,2,2,1,1,42,11,24.0,106200.0,7,0,0.0
309082,2,0,0,2,2,0,1,0,0,1,0,0,5.0,5.0,1.0,1.0,50.0,30.0,3020.0,6.0,2.0,Oyo,5,2,0,0,2,11500.0,0.4,5,2,1,1,1,42,5,12.0,89500.0,7,1,15000.0
309083,5,0,0,5,5,0,5,5,0,1,1,0,5.0,5.0,1.0,1.0,65.0,30.0,3020.0,6.0,2.0,Oyo,5,0,0,0,0,0.0,0.0,5,5,4,1,1,42,4,8.0,41500.0,7,1,45000.0
309084,1,1,0,1,1,1,1,1,1,1,1,1,3.0,3.0,1.0,1.0,44.0,30.0,3020.0,6.0,2.0,Oyo,3,1,0,0,1,240000.0,0.3333333333333333,2,2,2,1,1,42,8,20.0,304000.0,7,0,0.0
309085,2,2,0,2,2,1,2,0,0,1,0,0,4.0,4.0,1.0,1.0,41.0,30.0,3021.0,6.0,2.0,Oyo,4,2,0,0,2,10500.0,0.5,2,2,2,1,1,42,19,24.0,452500.0,7,0,0.0
309086,2,0,0,2,2,0,0,0,0,0,0,0,2.0,2.0,2.0,2.0,69.0,30.0,3021.0,6.0,2.0,Oyo,2,1,1,0,2,140000.0,0.5,2,1,0,1,0,42,2,3.0,1400.0,7,1,100000.0
309087,2,0,0,2,2,0,0,0,0,0,0,0,4.0,4.0,1.0,1.0,40.0,30.0,3021.0,6.0,2.0,Oyo,4,2,0,0,2,202000.0,0.5,3,2,2,1,1,42,6,9.0,280500.0,7,1,150000.0
309088,3,0,0,3,3,0,1,0,0,1,0,0,5.0,5.0,1.0,1.0,46.0,30.0,3021.0,6.0,2.0,Oyo,4,4,0,0,4,203200.0,1.0,3,2,0,1,0,42,7,9.0,53000.0,7,0,0.0
309091,2,1,0,2,2,1,1,1,2,1,1,1,2.0,2.0,1.0,2.0,63.0,30.0,3007.0,6.0,2.0,Oyo,2,1,0,0,1,10000.0,0.5,2,2,2,1,1,42,6,11.0,71300.0,7,0,0.0
309092,1,0,0,1,1,0,0,1,0,0,1,0,1.0,1.0,1.0,2.0,57.0,30.0,3021.0,6.0,2.0,Oyo,1,1,0,0,1,1500.0,1.0,1,1,0,1,0,42,3,3.0,21000.0,7,0,0.0
309093,1,0,0,1,1,0,0,0,0,0,0,0,1.0,1.0,1.0,1.0,49.0,30.0,3021.0,6.0,2.0,Oyo,1,1,0,0,1,80000.0,1.0,1,1,0,1,0,42,5,7.0,101700.0,7,0,0.0
309094,2,1,0,2,2,1,2,2,2,1,1,1,7.0,7.0,1.0,1.0,41.0,30.0,3021.0,6.0,2.0,Oyo,6,2,0,1,3,60000.0,0.3333333333333333,4,2,2,1,1,42,6,16.0,510000.0,7,0,0.0
309095,3,1,0,3,3,1,1,2,1,1,1,1,5.0,5.0,2.0,2.0,42.0,30.0,3021.0,6.0,2.0,Oyo,4,4,0,0,4,1500.0,1.0,3,3,2,1,1,42,6,12.0,135500.0,7,0,0.0
309096,4,0,0,4,4,0,3,1,0,1,1,0,4.0,4.0,1.0,1.0,54.0,30.0,3021.0,6.0,2.0,Oyo,4,2,0,0,2,11800.0,0.5,4,3,1,1,1,42,6,12.0,237500.0,7,0,0.0
309097,2,0,0,2,2,0,2,0,2,1,0,1,2.0,2.0,1.0,1.0,62.0,30.0,3026.0,6.0,1.0,Oyo,2,1,1,0,2,20000.0,0.5,2,2,0,1,0,42,17,25.0,152800.0,7,1,500000.0
309098,3,0,1,3,3,1,1,1,1,1,1,1,7.0,7.0,1.0,1.0,42.0,30.0,3026.0,6.0,1.0,Oyo,6,2,0,0,2,7500.0,0.3333333333333333,5,3,2,1,1,42,15,18.0,57200.0,7,0,0.0
309099,4,0,0,4,4,0,1,0,0,1,0,0,6.0,6.0,1.0,1.0,43.0,30.0,3026.0,6.0,1.0,Oyo,6,2,0,0,2,10000.0,0.3333333333333333,5,3,0,1,0,42,16,24.0,772100.0,7,1,24000.0
309101,3,0,0,3,3,0,1,1,0,1,1,0,2.0,2.0,1.0,1.0,50.0,30.0,3013.0,6.0,1.0,Oyo,4,2,0,0,2,73000.0,0.5,3,2,0,1,0,42,8,15.0,98300.0,7,0,0.0
309103,4,0,0,4,4,0,3,0,0,1,0,0,5.0,5.0,1.0,1.0,72.0,30.0,3026.0,6.0,1.0,Oyo,5,2,0,0,1,10000.0,0.4,5,2,1,1,1,42,3,6.0,40500.0,7,0,0.0
309104,3,2,0,3,3,1,2,3,2,1,1,1,4.0,4.0,1.0,1.0,40.0,30.0,3026.0,6.0,1.0,Oyo,4,2,0,0,2,8000.0,0.5,4,2,0,1,0,42,8,13.0,2609000.0,7,0,0.0
309105,1,0,0,1,1,0,1,0,0,1,0,0,1.0,1.0,101.0,1.0,38.0,30.0,3026.0,6.0,1.0,Oyo,1,1,0,0,1,4000.0,1.0,1,1,0,1,0,42,7,10.0,129000.0,7,0,0.0
309108,2,2,0,2,2,1,2,2,2,1,1,1,1.0,1.0,1.0,1.0,37.0,30.0,3026.0,6.0,1.0,Oyo,3,2,0,0,2,23000.0,0.6666666666666666,2,2,0,1,0,42,9,13.0,173036.0,7,0,0.0
309109,3,0,0,3,3,0,0,3,0,0,1,0,4.0,4.0,1.0,1.0,54.0,30.0,3028.0,6.0,2.0,Oyo,5,2,0,0,2,50000.0,0.4,4,2,0,1,0,42,4,6.0,1543000.0,7,0,0.0
309112,4,1,2,4,4,1,0,0,0,0,0,0,6.0,6.0,1.0,1.0,41.0,30.0,3028.0,6.0,2.0,Oyo,7,6,0,0,6,270000.0,0.8571428571428571,6,3,0,1,0,42,4,10.0,11900.0,7,1,1200000.0
309113,6,0,0,6,6,0,0,0,0,0,0,0,9.0,9.0,1.0,1.0,52.0,30.0,3028.0,6.0,2.0,Oyo,9,5,0,0,5,192000.0,0.5555555555555556,7,6,0,1,0,42,4,12.0,536200.0,7,0,0.0
309114,3,0,2,3,3,1,0,0,0,0,0,0,4.0,4.0,1.0,1.0,32.0,30.0,3028.0,6.0,2.0,Oyo,4,3,0,0,3,304500.0,0.75,3,1,0,1,0,42,5,6.0,268000.0,7,0,0.0
309115,4,0,0,4,4,0,0,3,0,0,1,0,6.0,6.0,1.0,1.0,49.0,30.0,3028.0,6.0,2.0,Oyo,6,6,0,0,6,370000.0,1.0,5,5,0,1,0,42,6,11.0,312000.0,7,0,0.0
309116,1,0,0,1,1,0,0,0,0,0,0,0,1.0,1.0,1.0,1.0,36.0,30.0,3028.0,6.0,2.0,Oyo,1,1,0,0,1,3000.0,1.0,1,1,0,1,0,42,4,7.0,573000.0,7,0,0.0
309117,2,0,0,2,2,0,0,0,0,0,0,0,4.0,4.0,1.0,1.0,34.0,30.0,3028.0,6.0,2.0,Oyo,4,2,0,0,2,600000.0,0.5,2,1,0,1,0,42,5,6.0,13700.0,7,0,0.0
309119,3,1,0,3,3,1,1,3,1,1,1,1,2.0,2.0,1.0,1.0,54.0,30.0,3028.0,6.0,2.0,Oyo,3,3,0,0,3,153000.0,1.0,3,3,1,1,1,42,4,7.0,76000.0,7,0,0.0
309120,2,0,0,2,2,0,0,0,0,0,0,0,1.0,1.0,1.0,1.0,85.0,30.0,3028.0,6.0,2.0,Oyo,2,1,0,0,1,115000.0,0.5,2,1,0,1,0,42,2,3.0,10000.0,7,1,15000.0
309121,1,1,0,1,1,1,1,1,1,1,1,1,1.0,1.0,1.0,1.0,41.0,30.0,3005.0,6.0,1.0,Oyo,1,1,0,0,1,2000.0,1.0,1,1,1,1,1,42,8,10.0,114000.0,7,0,0.0
309126,8,1,0,8,8,1,1,1,1,1,1,1,4.0,4.0,1.0,1.0,47.0,30.0,3011.0,6.0,2.0,Oyo,9,5,0,0,5,104000.0,0.5555555555555556,8,7,7,1,1,42,4,11.0,5262000.0,7,0,0.0
309138,2,0,0,2,2,0,0,0,0,0,0,0,2.0,2.0,1.0,2.0,97.0,30.0,3026.0,6.0,1.0,Oyo,2,1,0,0,1,0.0,0.5,2,1,1,1,1,42,4,17.0,57000.0,7,1,48000.0
310071,6,0,0,6,6,0,0,0,0,0,0,0,10.0,10.0,2.0,2.0,37.0,31.0,3109.0,1.0,2.0,Plateau,11,11,0,0,6,91000.0,1.0,9,0,0,0,0,42,1,4.0,4000.0,7,0,0.0
310072,3,0,0,3,3,0,0,1,0,0,1,0,7.0,7.0,1.0,1.0,66.0,31.0,3109.0,1.0,2.0,Plateau,7,0,3,0,0,0.0,0.0,5,2,0,1,0,42,3,4.0,13000.0,7,0,0.0
310073,8,1,0,8,8,1,1,0,0,1,0,0,15.0,15.0,1.0,1.0,56.0,31.0,3109.0,1.0,2.0,Plateau,15,14,0,0,5,67000.0,0.9333333333333333,11,1,0,1,0,42,1,2.0,2000.0,7,1,50000.0
310074,9,0,0,9,9,0,0,0,0,0,0,0,9.0,9.0,4.0,1.0,26.0,31.0,3109.0,1.0,2.0,Plateau,12,3,2,0,5,5500.0,0.25,10,0,0,0,0,42,4,6.0,82000.0,7,0,0.0
310075,6,0,0,6,6,0,0,0,0,0,0,0,8.0,8.0,1.0,1.0,60.0,31.0,3109.0,1.0,2.0,Plateau,8,4,0,0,0,0.0,0.5,8,0,0,0,0,42,2,4.0,51500.0,7,0,0.0
310076,10,0,1,10,10,1,0,0,0,0,0,0,12.0,12.0,1.0,1.0,56.0,31.0,3109.0,1.0,2.0,Plateau,12,11,0,0,6,85000.0,0.9166666666666666,11,0,0,0,0,42,2,2.0,12000.0,7,0,0.0
310077,4,0,0,4,4,0,1,1,1,1,1,1,6.0,6.0,1.0,1.0,51.0,31.0,3109.0,1.0,2.0,Plateau,7,3,3,0,2,2700.0,0.42857142857142855,5,2,1,1,1,42,3,3.0,52500.0,7,0,0.0
310078,3,1,0,3,3,1,1,0,0,1,0,0,3.0,3.0,1.0,1.0,56.0,31.0,3109.0,1.0,2.0,Plateau,3,2,0,0,0,0.0,0.6666666666666666,3,2,1,1,1,42,2,2.0,30000.0,7,0,0.0
310079,1,0,0,1,1,0,0,0,0,0,0,0,2.0,2.0,5.0,2.0,12.0,31.0,3109.0,1.0,2.0,Plateau,2,2,0,0,2,20000.0,1.0,2,0,0,0,0,42,0,0.0,0.0,7,0,0.0
310080,4,0,0,4,4,0,0,0,0,0,0,0,5.0,5.0,1.0,1.0,68.0,31.0,3109.0,1.0,2.0,Plateau,6,1,0,1,0,0.0,0.16666666666666666,5,1,0,1,0,42,4,6.0,56000.0,7,0,0.0
310081,7,1,0,7,7,1,2,2,2,1,1,1,11.0,11.0,1.0,1.0,48.0,31.0,3112.0,1.0,2.0,Plateau,13,3,1,0,0,0.0,0.23076923076923078,10,2,2,1,1,42,3,10.0,224000.0,7,0,0.0
310082,4,0,0,4,4,0,0,0,0,0,0,0,10.0,10.0,1.0,1.0,43.0,31.0,3112.0,1.0,2.0,Plateau,9,9,0,0,8,135000.0,1.0,7,1,0,1,0,42,1,1.0,500000.0,7,0,0.0
310083,2,0,0,2,2,0,0,0,0,0,0,0,3.0,3.0,1.0,1.0,85.0,31.0,3112.0,1.0,2.0,Plateau,3,0,0,0,0,0.0,0.0,3,0,0,0,0,42,0,0.0,0.0,7,0,0.0
310084,2,0,0,2,2,0,0,0,0,0,0,0,6.0,6.0,1.0,1.0,57.0,31.0,3112.0,1.0,2.0,Plateau,6,3,0,0,0,0.0,0.5,4,2,0,1,0,42,3,8.0,23700.0,7,0,0.0
310085,6,0,0,6,6,0,0,0,0,0,0,0,10.0,10.0,1.0,1.0,50.0,31.0,3112.0,1.0,2.0,Plateau,7,7,0,0,6,79000.0,1.0,6,1,0,1,0,42,1,1.0,5000.0,7,0,0.0
310086,6,0,0,6,6,0,1,0,0,1,0,0,6.0,6.0,1.0,1.0,83.0,31.0,3112.0,1.0,2.0,Plateau,6,5,0,0,0,0.0,0.8333333333333334,6,2,0,1,0,42,6,13.0,32500.0,7,0,0.0
310087,4,0,0,4,4,0,1,0,0,1,0,0,8.0,8.0,1.0,1.0,40.0,31.0,3112.0,1.0,2.0,Plateau,8,5,0,0,0,0.0,0.625,6,4,1,1,1,42,3,11.0,43000.0,7,0,0.0
310088,3,0,0,3,3,0,0,0,0,0,0,0,8.0,8.0,1.0,1.0,43.0,31.0,3112.0,1.0,2.0,Plateau,7,2,0,0,0,0.0,0.2857142857142857,5,1,0,1,0,42,1,1.0,1500.0,7,0,0.0
310089,7,0,0,7,7,0,0,0,0,0,0,0,13.0,13.0,1.0,1.0,44.0,31.0,3112.0,1.0,2.0,Plateau,12,10,0,0,9,213000.0,0.8333333333333334,8,1,0,1,0,42,1,3.0,3000.0,7,0,0.0
310090,5,0,0,5,5,0,0,0,0,0,0,0,13.0,13.0,1.0,1.0,42.0,31.0,3112.0,1.0,2.0,Plateau,10,10,0,0,10,141000.0,1.0,7,0,0,0,0,42,1,5.0,2500.0,7,0,0.0
310091,6,0,0,6,6,0,1,0,0,1,0,0,5.0,5.0,1.0,1.0,67.0,31.0,3116.0,1.0,2.0,Plateau,6,6,0,0,6,78000.0,1.0,6,3,0,1,0,42,5,14.0,542000.0,7,0,0.0
310092,4,0,0,4,4,0,0,0,0,0,0,0,4.0,4.0,1.0,1.0,87.0,31.0,3116.0,1.0,2.0,Plateau,4,0,1,0,0,0.0,0.0,4,1,0,1,0,42,1,1.0,30000.0,7,0,0.0
310093,4,0,0,4,4,0,1,0,0,1,0,0,5.0,5.0,1.0,1.0,52.0,31.0,3116.0,1.0,2.0,Plateau,5,5,0,0,5,67000.0,1.0,5,3,1,1,1,42,8,21.0,758500.0,7,0,0.0
310094,8,1,6,8,8,1,1,0,1,1,0,1,8.0,8.0,2.0,1.0,57.0,31.0,3116.0,1.0,2.0,Plateau,8,8,0,0,3,403000.0,1.0,8,3,0,1,0,42,7,20.0,59500.0,7,0,0.0
310095,6,0,0,6,6,0,2,0,0,1,0,0,12.0,12.0,3.0,1.0,43.0,31.0,3116.0,1.0,2.0,Plateau,10,10,0,0,10,136000.0,1.0,9,2,0,1,0,42,6,16.0,567000.0,7,0,0.0
310096,5,0,0,5,5,0,0,0,0,0,0,0,5.0,5.0,1.0,1.0,55.0,31.0,3116.0,1.0,2.0,Plateau,7,6,0,0,0,0.0,0.8571428571428571,7,1,0,1,0,42,3,5.0,42500.0,7,1,10000.0
310097,3,3,2,3,3,1,3,1,0,1,1,0,3.0,3.0,2.0,2.0,41.0,31.0,3116.0,1.0,2.0,Plateau,4,3,0,0,1,5000.0,0.75,4,3,1,1,1,42,4,8.0,57000.0,7,0,0.0
310098,1,0,1,1,1,1,0,0,1,0,0,1,1.0,1.0,1.0,2.0,66.0,31.0,3116.0,1.0,2.0,Plateau,1,1,0,0,0,0.0,1.0,1,0,0,0,0,42,4,5.0,16000.0,7,0,0.0
310099,5,1,1,5,5,1,1,1,1,1,1,1,7.0,7.0,1.0,1.0,52.0,31.0,3116.0,1.0,2.0,Plateau,7,5,1,0,0,0.0,0.7142857142857143,6,3,3,1,1,42,3,10.0,72500.0,7,0,0.0
310100,4,0,0,4,4,0,0,0,0,0,0,0,7.0,7.0,1.0,1.0,73.0,31.0,3116.0,1.0,2.0,Plateau,7,4,0,0,0,0.0,0.5714285714285714,5,0,0,0,0,42,1,1.0,1500.0,7,0,0.0
319001,5,0,0,5,5,0,0,0,0,0,0,0,5.0,5.0,2.0,2.0,64.0,31.0,3102.0,1.0,2.0,Plateau,6,6,0,0,4,70000.0,1.0,6,1,0,1,0,42,0,0.0,0.0,7,0,0.0
319002,7,2,3,7,7,1,2,3,2,1,1,1,11.0,11.0,1.0,1.0,60.0,31.0,3102.0,1.0,2.0,Plateau,10,7,0,0,2,10000.0,0.7,8,3,1,1,1,42,6,21.0,57500.0,7,0,0.0
319004,7,1,1,7,7,1,1,1,1,1,1,1,7.0,7.0,1.0,1.0,44.0,31.0,3102.0,1.0,2.0,Plateau,7,5,0,0,2,12000.0,0.7142857142857143,7,4,2,1,1,42,3,8.0,53000.0,7,1,20000.0
319005,3,0,0,3,3,0,0,0,0,0,0,0,5.0,5.0,1.0,1.0,39.0,31.0,3102.0,1.0,2.0,Plateau,5,3,0,0,2,9500.0,0.6,4,0,0,0,0,42,6,9.0,91000.0,7,0,0.0
319006,8,0,0,8,8,0,0,0,0,0,0,0,10.0,10.0,1.0,1.0,46.0,31.0,3102.0,1.0,2.0,Plateau,10,9,0,0,8,41000.0,0.9,8,7,1,1,1,42,6,9.0,30000.0,7,0,0.0
319007,5,3,2,5,5,1,3,3,0,1,1,0,4.0,4.0,1.0,1.0,64.0,31.0,3102.0,1.0,2.0,Plateau,5,3,0,0,1,5000.0,0.6,5,4,2,1,1,42,4,11.0,27500.0,7,0,0.0
319008,3,1,1,3,3,1,1,1,0,1,1,0,5.0,5.0,1.0,1.0,55.0,31.0,3102.0,1.0,2.0,Plateau,4,3,0,0,3,270000.0,0.75,4,1,1,1,1,42,6,10.0,32500.0,7,0,0.0
319009,6,1,1,6,6,1,1,0,0,1,0,0,9.0,9.0,1.0,1.0,38.0,31.0,3102.0,1.0,2.0,Plateau,9,3,0,0,0,0.0,0.3333333333333333,7,2,0,1,0,42,7,19.0,282500.0,7,0,0.0
319010,6,0,0,6,6,0,0,0,0,0,0,0,8.0,8.0,1.0,1.0,56.0,31.0,3102.0,1.0,2.0,Plateau,9,8,0,0,5,62500.0,0.8888888888888888,8,5,1,1,1,42,6,9.0,34700.0,7,0,0.0
319012,3,0,0,3,3,0,1,1,1,1,1,1,7.0,7.0,1.0,1.0,41.0,31.0,3102.0,1.0,2.0,Plateau,5,2,0,0,1,20000.0,0.4,3,2,1,1,1,42,4,6.0,56500.0,7,0,0.0
319025,3,0,0,3,3,0,0,0,0,0,0,0,5.0,5.0,1.0,1.0,51.0,31.0,3110.0,1.0,2.0,Plateau,6,0,2,0,0,0.0,0.0,5,0,0,0,0,42,2,4.0,32500.0,7,0,0.0
319026,6,0,0,6,6,0,0,0,0,0,0,0,7.0,7.0,1.0,1.0,52.0,31.0,3110.0,1.0,2.0,Plateau,7,4,1,0,0,0.0,0.5714285714285714,6,0,0,0,0,42,3,4.0,73000.0,7,0,0.0
319027,3,0,0,3,3,0,0,0,0,0,0,0,5.0,5.0,2.0,2.0,44.0,31.0,3110.0,1.0,2.0,Plateau,6,0,3,0,0,0.0,0.0,4,0,0,0,0,42,1,2.0,20000.0,7,0,0.0
319029,2,0,0,2,2,0,1,1,0,1,1,0,6.0,6.0,1.0,1.0,31.0,31.0,3110.0,1.0,2.0,Plateau,4,3,0,0,0,0.0,0.75,3,2,2,1,1,42,4,6.0,37000.0,7,0,0.0
319030,5,0,0,5,5,0,1,1,1,1,1,1,11.0,11.0,1.0,1.0,32.0,31.0,3110.0,1.0,2.0,Plateau,9,4,0,0,0,0.0,0.4444444444444444,7,2,2,1,1,42,3,6.0,26000.0,7,0,0.0
319031,3,0,0,3,3,0,0,0,0,0,0,0,4.0,4.0,1.0,1.0,36.0,31.0,3110.0,1.0,2.0,Plateau,5,2,0,0,2,3000.0,0.4,5,3,1,1,1,42,2,7.0,21500.0,7,0,0.0
319032,4,0,0,4,4,0,0,0,0,0,0,0,6.0,6.0,1.0,1.0,24.0,31.0,3110.0,1.0,2.0,Plateau,5,5,0,0,4,65000.0,1.0,5,1,0,1,0,42,2,5.0,506000.0,7,0,0.0
319033,3,1,1,3,3,1,1,1,0,1,1,0,7.0,7.0,1.0,1.0,30.0,31.0,3110.0,1.0,2.0,Plateau,6,5,0,0,4,65000.0,0.8333333333333334,6,1,1,1,1,42,1,1.0,500000.0,7,0,0.0
319034,3,0,0,3,3,0,0,0,0,0,0,0,6.0,6.0,1.0,1.0,39.0,31.0,3110.0,1.0,2.0,Plateau,5,3,0,0,0,0.0,0.6,3,1,1,1,1,42,2,4.0,18000.0,7,0,0.0
319036,3,0,0,3,3,0,0,0,0,0,0,0,5.0,5.0,1.0,1.0,62.0,31.0,3110.0,1.0,2.0,Plateau,5,5,0,0,4,55000.0,1.0,4,1,0,1,0,42,1,1.0,4000.0,7,0,0.0
319037,8,7,7,8,8,1,8,7,7,1,1,1,9.0,9.0,1.0,1.0,59.0,31.0,3111.0,1.0,2.0,Plateau,9,8,1,0,5,64200.0,0.8888888888888888,9,6,3,1,1,42,12,24.0,5182000.0,7,1,240000.0
319038,3,2,2,3,3,1,2,3,2,1,1,1,6.0,6.0,1.0,2.0,40.0,31.0,3111.0,1.0,2.0,Plateau,5,4,0,0,1,6000.0,0.8,4,2,2,1,1,42,8,8.0,105500.0,7,0,0.0
319039,2,0,1,2,2,1,2,0,0,1,0,0,2.0,2.0,1.0,1.0,54.0,31.0,3111.0,1.0,2.0,Plateau,2,1,0,0,1,100000.0,0.5,2,2,2,1,1,42,7,8.0,482500.0,7,0,0.0
319040,2,0,0,2,2,0,1,0,0,1,0,0,4.0,4.0,1.0,1.0,49.0,31.0,3111.0,1.0,2.0,Plateau,4,2,0,0,1,100000.0,0.5,3,2,1,1,1,42,5,6.0,180500.0,7,0,0.0
319041,6,4,2,6,6,1,4,2,0,1,1,0,9.0,9.0,1.0,1.0,50.0,31.0,3105.0,1.0,2.0,Plateau,9,3,0,0,3,216000.0,0.3333333333333333,8,7,4,1,1,42,12,21.0,147000.0,7,1,20000.0
319042,4,3,3,4,4,1,3,3,3,1,1,1,7.0,7.0,1.0,1.0,34.0,31.0,3111.0,1.0,2.0,Plateau,5,2,0,0,1,20000.0,0.4,5,3,3,1,1,42,7,8.0,90500.0,7,1,250000.0
319043,3,0,0,3,3,0,2,0,0,1,0,0,2.0,2.0,1.0,2.0,28.0,31.0,3111.0,1.0,2.0,Plateau,3,1,0,0,1,20000.0,0.3333333333333333,3,1,0,1,0,42,2,2.0,12000.0,7,0,0.0
319044,3,3,3,3,3,1,3,3,2,1,1,1,5.0,5.0,1.0,2.0,59.0,31.0,3111.0,1.0,2.0,Plateau,3,2,0,0,2,60000.0,0.6666666666666666,3,3,2,1,1,42,8,11.0,308000.0,7,1,300000.0
319048,5,1,0,5,5,1,3,2,1,1,1,1,7.0,7.0,1.0,1.0,62.0,31.0,3111.0,1.0,2.0,Plateau,7,3,0,0,2,110000.0,0.42857142857142855,7,4,0,1,0,42,4,8.0,160000.0,7,0,0.0
319049,4,1,0,4,4,1,2,1,2,1,1,1,6.0,6.0,1.0,1.0,34.0,31.0,3113.0,1.0,2.0,Plateau,6,5,0,0,3,55000.0,0.8333333333333334,5,0,0,0,0,42,3,4.0,504500.0,7,1,80000.0
319050,2,0,0,2,2,0,0,0,0,0,0,0,,,,,,,,,,,3,2,0,0,1,800.0,0.6666666666666666,2,1,0,1,0,42,3,3.0,26500.0,7,0,0.0
319051,2,1,1,2,2,1,1,1,1,1,1,1,4.0,4.0,1.0,1.0,34.0,31.0,3113.0,1.0,2.0,Plateau,4,2,0,0,2,50700.0,0.5,2,1,0,1,0,42,7,9.0,70500.0,7,1,13000.0
319052,3,0,0,3,3,0,0,0,0,0,0,0,3.0,3.0,1.0,1.0,86.0,31.0,3113.0,1.0,2.0,Plateau,3,3,0,0,1,1500.0,1.0,3,0,0,0,0,42,2,3.0,5500.0,7,0,0.0
319054,4,0,0,4,4,0,0,0,0,0,0,0,2.0,2.0,1.0,1.0,82.0,31.0,3113.0,1.0,2.0,Plateau,4,3,0,0,1,2000.0,0.75,4,0,0,0,0,42,1,1.0,15000.0,7,0,0.0
319056,2,1,0,2,2,1,1,1,0,1,1,0,2.0,2.0,1.0,1.0,34.0,31.0,3105.0,1.0,2.0,Plateau,2,2,0,0,2,90000.0,1.0,2,0,1,0,1,42,4,5.0,70000.0,7,1,20000.0
319057,1,0,0,1,1,0,0,0,0,0,0,0,1.0,1.0,2.0,2.0,84.0,31.0,3113.0,1.0,2.0,Plateau,1,0,0,0,0,0.0,0.0,1,0,0,0,0,42,0,0.0,0.0,7,0,0.0
319058,2,1,2,2,2,1,1,0,0,1,0,0,2.0,2.0,1.0,1.0,68.0,31.0,3113.0,1.0,2.0,Plateau,2,2,0,0,2,60000.0,1.0,2,2,0,1,0,42,4,5.0,36000.0,7,2,33500.0
319059,3,0,0,3,3,0,0,0,0,0,0,0,5.0,5.0,1.0,1.0,36.0,31.0,3113.0,1.0,2.0,Plateau,4,3,0,0,2,22000.0,0.75,3,1,0,1,0,42,6,14.0,286000.0,7,0,0.0
319060,3,0,0,3,3,0,0,0,0,0,0,0,5.0,5.0,1.0,1.0,37.0,31.0,3113.0,1.0,2.0,Plateau,4,4,0,0,3,43000.0,1.0,3,2,0,1,0,42,6,14.0,533600.0,7,0,0.0
319061,2,1,1,2,2,1,1,1,1,1,1,1,5.0,5.0,1.0,1.0,43.0,31.0,3117.0,1.0,2.0,Plateau,4,3,0,0,0,0.0,0.75,3,1,1,1,1,42,4,4.0,28500.0,7,0,0.0
319062,4,0,0,4,4,0,0,0,0,0,0,0,7.0,7.0,2.0,2.0,47.0,31.0,3117.0,1.0,2.0,Plateau,6,6,0,0,3,30000.0,1.0,5,0,0,0,0,42,1,2.0,10000.0,7,0,0.0
319063,3,0,1,3,3,1,1,0,0,1,0,0,8.0,8.0,1.0,1.0,45.0,31.0,3117.0,1.0,2.0,Plateau,7,3,0,0,3,600000.0,0.42857142857142855,4,1,1,1,1,42,7,12.0,165000.0,7,0,0.0
319064,2,0,0,2,2,0,0,0,0,0,0,0,6.0,6.0,1.0,1.0,52.0,31.0,3117.0,1.0,2.0,Plateau,5,3,0,0,1,1500.0,0.6,4,0,0,0,0,42,0,0.0,0.0,7,0,0.0
319065,4,0,2,4,4,1,1,1,1,1,1,1,8.0,8.0,1.0,1.0,46.0,31.0,3117.0,1.0,2.0,Plateau,7,3,0,0,0,0.0,0.42857142857142855,6,2,1,1,1,42,2,4.0,40000.0,7,0,0.0
319069,7,2,0,7,7,1,2,2,2,1,1,1,12.0,12.0,1.0,1.0,46.0,31.0,3117.0,1.0,2.0,Plateau,10,10,0,0,7,100000.0,1.0,9,3,2,1,1,42,6,19.0,649000.0,7,0,0.0
319070,4,0,0,4,4,0,2,2,1,1,1,1,7.0,7.0,1.0,1.0,51.0,31.0,3117.0,1.0,2.0,Plateau,7,5,0,0,5,85000.0,0.7142857142857143,6,3,3,1,1,42,5,11.0,130500.0,7,0,0.0
319071,2,0,0,2,2,0,1,1,0,1,1,0,1.0,1.0,2.0,2.0,74.0,31.0,3117.0,1.0,2.0,Plateau,2,2,0,0,0,0.0,1.0,2,1,1,1,1,42,3,5.0,26500.0,7,0,0.0
319072,6,0,1,6,6,1,1,0,0,1,0,0,10.0,10.0,1.0,1.0,44.0,31.0,3117.0,1.0,2.0,Plateau,8,4,0,0,0,0.0,0.5,7,5,2,1,1,42,6,21.0,133000.0,7,0,0.0
319079,2,0,0,2,2,0,2,2,1,1,1,1,4.0,4.0,1.0,1.0,39.0,31.0,3111.0,1.0,2.0,Plateau,4,0,0,0,0,0.0,0.0,2,2,1,1,1,42,4,6.0,80000.0,7,0,0.0
319083,2,0,0,2,2,0,0,0,0,0,0,0,8.0,8.0,3.0,2.0,34.0,31.0,3117.0,1.0,2.0,Plateau,7,7,0,0,0,0.0,1.0,3,0,0,0,0,42,1,4.0,5000.0,7,0,0.0
320001,8,0,0,8,8,0,8,3,0,1,1,0,8.0,8.0,1.0,1.0,60.0,32.0,3215.0,5.0,1.0,Rivers,8,1,0,0,1,500000.0,0.125,8,8,8,1,1,42,17,34.0,1481300.0,7,0,0.0
320002,5,5,5,5,5,1,5,5,2,1,1,1,8.0,8.0,1.0,1.0,48.0,32.0,3222.0,5.0,1.0,Rivers,8,4,0,0,4,635000.0,0.5,8,8,8,1,1,42,26,46.0,5051000.0,7,0,0.0
320007,4,3,3,4,4,1,3,0,1,1,0,1,5.0,5.0,1.0,1.0,46.0,32.0,3215.0,5.0,1.0,Rivers,6,3,0,0,3,170000.0,0.5,5,3,4,1,1,42,16,24.0,496200.0,7,0,0.0
320008,1,1,0,1,1,1,1,0,0,1,0,0,1.0,1.0,1.0,2.0,48.0,32.0,3213.0,5.0,1.0,Rivers,1,1,0,0,1,60000.0,1.0,1,1,1,1,1,42,10,12.0,214000.0,7,0,0.0
320009,1,1,0,1,1,1,1,0,0,1,0,0,1.0,1.0,1.0,1.0,70.0,6.0,608.0,5.0,1.0,Bayelsa,1,1,0,0,1,400000.0,1.0,1,1,1,1,1,42,18,21.0,1580000.0,7,1,200000.0
320010,4,0,0,4,4,0,4,3,4,1,1,1,5.0,5.0,1.0,1.0,46.0,16.0,1626.0,4.0,1.0,Imo,5,2,0,0,2,100000.0,0.4,5,5,5,1,1,42,13,25.0,598000.0,7,0,0.0
320051,3,1,1,3,3,1,1,1,2,1,1,1,3.0,3.0,2.0,2.0,58.0,32.0,3213.0,5.0,2.0,Rivers,3,3,0,0,2,6000.0,1.0,3,2,2,1,1,42,7,9.0,162600.0,7,0,0.0
320052,5,0,1,5,5,1,3,1,2,1,1,1,6.0,6.0,1.0,1.0,76.0,32.0,3213.0,5.0,2.0,Rivers,7,2,0,0,2,100000.0,0.2857142857142857,5,5,2,1,1,42,22,44.0,2204100.0,7,1,600000.0
320054,2,2,0,2,2,1,2,1,1,1,1,1,2.0,2.0,1.0,1.0,40.0,32.0,3222.0,5.0,1.0,Rivers,2,1,0,0,1,10000.0,0.5,2,2,1,1,1,42,11,12.0,83505.0,7,0,0.0
320055,6,0,1,6,6,1,1,2,5,1,1,1,7.0,7.0,1.0,1.0,61.0,32.0,3215.0,5.0,1.0,Rivers,9,2,0,0,2,4000.0,0.2222222222222222,9,5,2,1,1,42,16,44.0,137500.0,7,1,240000.0
320056,1,1,0,1,1,1,1,0,0,1,0,0,1.0,1.0,1.0,2.0,72.0,32.0,3215.0,5.0,2.0,Rivers,1,0,1,0,1,50000.0,0.0,1,1,1,1,1,42,19,25.0,1756000.0,7,0,0.0
320057,4,3,0,4,4,1,3,0,0,1,0,0,4.0,4.0,1.0,2.0,53.0,32.0,3222.0,5.0,1.0,Rivers,4,1,0,0,1,180000.0,0.25,4,4,4,1,1,42,12,20.0,897000.0,7,0,0.0
320061,2,2,0,2,2,1,2,1,0,1,1,0,5.0,5.0,1.0,1.0,36.0,6.0,608.0,5.0,1.0,Bayelsa,3,2,0,0,2,180000.0,0.6666666666666666,2,2,2,1,1,42,17,22.0,650000.0,7,0,0.0
320063,1,1,1,1,1,1,1,1,1,1,1,1,3.0,3.0,1.0,2.0,56.0,10.0,1019.0,5.0,1.0,Delta,3,1,0,0,1,5000.0,0.3333333333333333,3,3,3,1,1,42,12,19.0,340000.0,7,0,0.0
320074,2,2,0,2,2,1,2,2,0,1,1,0,2.0,2.0,2.0,2.0,62.0,32.0,3206.0,5.0,2.0,Rivers,2,2,0,0,1,50000.0,1.0,2,2,1,1,1,42,9,22.0,459500.0,7,0,0.0
320075,3,2,0,3,3,1,3,0,0,1,0,0,2.0,2.0,1.0,1.0,60.0,32.0,3215.0,5.0,1.0,Rivers,3,2,0,0,2,121000.0,0.6666666666666666,3,3,2,1,1,42,13,18.0,685500.0,7,1,150000.0
320076,5,5,0,5,5,1,5,4,2,1,1,1,5.0,5.0,1.0,2.0,55.0,32.0,3206.0,5.0,2.0,Rivers,5,5,0,0,4,295000.0,1.0,5,4,4,1,1,42,5,9.0,336500.0,7,0,0.0
320077,2,2,0,2,2,1,2,2,1,1,1,1,4.0,4.0,6.0,1.0,49.0,32.0,3206.0,5.0,2.0,Rivers,4,2,0,0,2,105000.0,0.5,3,2,2,1,1,42,15,23.0,722000.0,7,1,120000.0
320078,4,3,1,4,4,1,3,2,3,1,1,1,1.0,1.0,1.0,1.0,53.0,32.0,3206.0,5.0,2.0,Rivers,4,2,0,0,2,11000.0,0.5,4,3,2,1,1,42,14,21.0,122500.0,7,0,0.0
320080,1,0,0,1,1,0,1,0,1,1,0,1,1.0,1.0,2.0,2.0,70.0,32.0,3206.0,5.0,2.0,Rivers,1,0,0,0,0,0.0,0.0,1,1,0,1,0,42,2,2.0,23000.0,7,0,0.0
320081,1,0,1,1,1,1,1,0,1,1,0,1,1.0,1.0,2.0,2.0,67.0,32.0,3206.0,5.0,2.0,Rivers,1,1,0,0,1,10000.0,1.0,1,1,0,1,0,42,4,7.0,49500.0,7,2,20000.0
320082,2,0,0,2,2,0,2,0,0,1,0,0,3.0,3.0,1.0,2.0,53.0,32.0,3206.0,5.0,2.0,Rivers,3,1,0,0,1,1500.0,0.3333333333333333,3,2,1,1,1,42,8,8.0,172000.0,7,0,0.0
320083,2,1,0,2,2,1,1,0,2,1,0,1,1.0,1.0,1.0,1.0,42.0,32.0,3215.0,5.0,2.0,Rivers,4,1,0,0,1,80000.0,0.25,4,2,1,1,1,42,10,15.0,60000.0,7,0,0.0
320181,7,0,0,7,7,0,6,0,0,1,0,0,7.0,7.0,1.0,1.0,58.0,32.0,3215.0,5.0,2.0,Rivers,8,2,0,0,2,240000.0,0.25,8,7,7,1,1,42,20,47.0,3305000.0,7,0,0.0
320182,4,4,2,4,4,1,4,4,0,1,1,0,4.0,4.0,1.0,1.0,68.0,32.0,3213.0,5.0,2.0,Rivers,4,2,0,0,2,100000.0,0.5,4,4,2,1,1,42,15,22.0,1066000.0,7,1,50000.0
320183,5,1,1,5,5,1,3,1,2,1,1,1,5.0,5.0,1.0,1.0,67.0,32.0,3213.0,5.0,2.0,Rivers,5,3,0,0,3,97000.0,0.6,5,4,1,1,1,42,11,32.0,291000.0,7,0,0.0
320184,4,2,2,4,4,1,2,0,1,1,0,1,5.0,5.0,1.0,2.0,43.0,32.0,3213.0,5.0,2.0,Rivers,5,2,0,0,1,80000.0,0.4,5,3,0,1,0,42,13,17.0,402650.0,7,0,0.0
320185,3,0,0,3,3,0,2,0,1,1,0,1,5.0,5.0,1.0,1.0,54.0,32.0,3215.0,5.0,1.0,Rivers,5,1,0,0,1,35000.0,0.2,4,2,1,1,1,42,11,17.0,329000.0,7,0,0.0
320186,5,0,0,5,5,0,3,3,3,1,1,1,6.0,6.0,1.0,1.0,67.0,32.0,3213.0,5.0,2.0,Rivers,6,5,0,0,1,2000.0,0.8333333333333334,6,5,2,1,1,42,9,15.0,381000.0,7,0,0.0
320191,8,1,0,8,8,1,4,0,0,1,0,0,9.0,9.0,1.0,2.0,72.0,32.0,3213.0,5.0,2.0,Rivers,9,2,0,0,1,80000.0,0.2222222222222222,8,6,3,1,1,42,15,25.0,512500.0,7,0,0.0
329001,2,0,0,2,2,0,1,0,0,1,0,0,5.0,5.0,2.0,2.0,42.0,32.0,3203.0,5.0,2.0,Rivers,5,2,0,0,2,25000.0,0.4,4,1,1,1,1,42,3,3.0,76500.0,7,0,0.0
329002,5,1,1,5,5,1,5,2,3,1,1,1,8.0,8.0,1.0,1.0,62.0,32.0,3203.0,5.0,2.0,Rivers,7,2,0,0,1,10000.0,0.2857142857142857,6,4,3,1,1,42,7,14.0,88500.0,7,0,0.0
329003,4,4,4,4,4,1,2,2,0,1,1,0,7.0,7.0,1.0,1.0,43.0,32.0,3203.0,5.0,2.0,Rivers,6,6,0,0,6,278000.0,1.0,5,5,3,1,1,42,11,23.0,627000.0,7,0,0.0
329005,3,1,1,3,3,1,1,1,3,1,1,1,4.0,4.0,1.0,1.0,39.0,32.0,3203.0,5.0,2.0,Rivers,4,2,0,0,1,5000.0,0.5,4,2,1,1,1,42,4,4.0,72000.0,7,0,0.0
329006,1,0,0,1,1,0,0,0,0,0,0,0,1.0,1.0,6.0,2.0,66.0,32.0,3203.0,5.0,2.0,Rivers,1,1,0,0,1,15000.0,1.0,1,0,0,0,0,42,3,3.0,19000.0,7,0,0.0
329007,2,1,0,2,2,1,2,1,1,1,1,1,4.0,4.0,1.0,2.0,41.0,32.0,3203.0,5.0,2.0,Rivers,4,1,0,0,1,10000.0,0.25,3,2,1,1,1,42,7,8.0,85500.0,7,0,0.0
329009,1,0,0,1,1,0,0,0,0,0,0,0,1.0,1.0,5.0,2.0,75.0,32.0,3203.0,5.0,2.0,Rivers,1,0,0,0,0,0.0,0.0,1,0,0,0,0,42,7,8.0,149000.0,7,2,50000.0
329010,2,2,2,2,2,1,2,2,0,1,1,0,2.0,2.0,1.0,1.0,39.0,32.0,3203.0,5.0,2.0,Rivers,2,2,0,0,2,75000.0,1.0,2,2,2,1,1,42,5,10.0,185500.0,7,0,0.0
329011,4,2,2,4,4,1,4,1,0,1,1,0,7.0,7.0,1.0,1.0,44.0,32.0,3203.0,5.0,2.0,Rivers,7,2,0,0,1,20000.0,0.2857142857142857,5,5,5,1,1,42,13,27.0,726000.0,7,0,0.0
329012,2,2,2,2,2,1,2,2,2,1,1,1,3.0,3.0,1.0,1.0,37.0,32.0,3203.0,5.0,2.0,Rivers,2,2,0,0,2,96700.0,1.0,2,2,0,1,0,42,7,18.0,205000.0,7,0,0.0
329013,2,1,1,2,2,1,1,0,0,1,0,0,5.0,5.0,1.0,1.0,42.0,32.0,3205.0,5.0,2.0,Rivers,4,3,0,0,3,230000.0,0.75,3,3,0,1,0,42,8,16.0,412500.0,7,0,0.0
329014,4,2,0,4,4,1,2,1,0,1,1,0,8.0,8.0,1.0,1.0,44.0,32.0,3205.0,5.0,2.0,Rivers,6,2,0,0,2,90000.0,0.3333333333333333,5,2,0,1,0,42,7,13.0,83000.0,7,0,0.0
329015,5,3,0,5,5,1,3,1,0,1,1,0,6.0,6.0,1.0,1.0,67.0,24.0,2417.0,6.0,2.0,Lagos,6,1,0,0,1,200000.0,0.16666666666666666,6,3,1,1,1,42,16,20.0,763000.0,7,0,0.0
329016,2,0,0,2,2,0,1,0,0,1,0,0,3.0,3.0,1.0,2.0,54.0,32.0,3205.0,5.0,2.0,Rivers,3,1,0,0,1,5000.0,0.3333333333333333,2,1,1,1,1,42,5,6.0,115200.0,7,0,0.0
329017,1,0,0,1,1,0,0,0,0,0,0,0,1.0,1.0,2.0,2.0,84.0,32.0,3205.0,5.0,2.0,Rivers,1,0,0,0,0,0.0,0.0,1,1,0,1,0,42,3,9.0,157500.0,7,0,0.0
329019,3,1,1,3,3,1,2,0,0,1,0,0,2.0,2.0,3.0,1.0,48.0,32.0,3207.0,5.0,2.0,Rivers,3,2,0,0,2,105000.0,0.6666666666666666,3,3,0,1,0,42,9,18.0,142000.0,7,0,0.0
329021,4,0,1,4,4,1,2,2,2,1,1,1,4.0,4.0,1.0,2.0,50.0,32.0,3205.0,5.0,2.0,Rivers,5,1,0,0,1,2000.0,0.2,5,3,2,1,1,42,7,9.0,17000.0,7,0,0.0
329023,2,0,0,2,2,0,2,0,0,1,0,0,8.0,8.0,1.0,1.0,42.0,32.0,3205.0,5.0,2.0,Rivers,7,1,0,0,1,85000.0,0.14285714285714285,5,2,2,1,1,42,11,14.0,353000.0,7,0,0.0
329025,3,1,0,3,3,1,3,1,1,1,1,1,4.0,4.0,1.0,2.0,64.0,32.0,3206.0,5.0,1.0,Rivers,4,1,0,0,1,1000.0,0.25,4,2,2,1,1,42,7,10.0,373500.0,7,0,0.0
329026,5,4,1,5,5,1,5,2,3,1,1,1,6.0,6.0,1.0,1.0,56.0,32.0,3206.0,5.0,1.0,Rivers,6,3,0,0,3,148000.0,0.5,6,4,1,1,1,42,7,11.0,28000.0,7,0,0.0
329028,4,0,0,4,4,0,1,2,3,1,1,1,3.0,3.0,1.0,2.0,77.0,32.0,3218.0,5.0,1.0,Rivers,4,1,0,0,1,20000.0,0.25,4,3,0,1,0,42,15,37.0,157000.0,7,0,0.0
329029,2,1,1,2,2,1,2,0,0,1,0,0,1.0,1.0,1.0,1.0,51.0,32.0,3206.0,5.0,1.0,Rivers,5,2,0,0,2,140000.0,0.4,4,2,1,1,1,42,16,29.0,560200.0,7,0,0.0
329030,4,4,4,4,4,1,4,3,1,1,1,1,5.0,5.0,1.0,1.0,57.0,32.0,3206.0,5.0,1.0,Rivers,5,4,0,0,4,232000.0,0.8,5,5,5,1,1,42,15,32.0,1675500.0,7,0,0.0
329031,3,2,1,3,3,1,2,1,2,1,1,1,5.0,5.0,1.0,1.0,42.0,32.0,3206.0,5.0,1.0,Rivers,5,2,0,0,2,8000.0,0.4,3,2,1,1,1,42,11,12.0,52700.0,7,0,0.0
329033,1,1,0,1,1,1,1,1,0,1,1,0,1.0,1.0,1.0,1.0,40.0,32.0,3222.0,5.0,1.0,Rivers,1,1,0,0,1,50000.0,1.0,1,1,1,1,1,42,9,11.0,214200.0,7,0,0.0
329034,4,0,0,4,4,0,2,1,0,1,1,0,3.0,3.0,1.0,1.0,42.0,32.0,3206.0,5.0,1.0,Rivers,4,1,0,0,1,40000.0,0.25,4,2,1,1,1,42,13,17.0,646000.0,7,0,0.0
329035,2,2,0,2,2,1,2,0,0,1,0,0,3.0,3.0,1.0,2.0,42.0,32.0,3206.0,5.0,1.0,Rivers,3,2,0,0,2,30000.0,0.6666666666666666,2,2,1,1,1,42,10,16.0,353000.0,7,0,0.0
329036,3,3,1,3,3,1,2,0,0,1,0,0,6.0,6.0,1.0,1.0,62.0,32.0,3206.0,5.0,1.0,Rivers,6,2,0,1,3,117000.0,0.3333333333333333,5,5,0,1,0,42,9,18.0,329700.0,7,0,0.0
329037,2,1,1,2,2,1,2,0,0,1,0,0,4.0,4.0,1.0,1.0,46.0,32.0,3206.0,5.0,1.0,Rivers,4,1,0,0,1,15000.0,0.25,3,1,0,1,0,42,7,9.0,182500.0,7,0,0.0
329038,1,1,0,1,1,1,1,0,0,1,0,0,1.0,1.0,1.0,2.0,39.0,32.0,3206.0,5.0,1.0,Rivers,1,1,0,0,1,9000.0,1.0,1,1,0,1,0,42,9,17.0,170500.0,7,0,0.0
329039,2,0,0,2,2,0,1,0,0,1,0,0,3.0,3.0,1.0,1.0,31.0,32.0,3206.0,5.0,1.0,Rivers,3,2,0,0,2,13000.0,0.6666666666666666,2,1,0,1,0,42,7,8.0,31000.0,7,2,40000.0
329040,1,0,0,1,1,0,1,0,0,1,0,0,,,,,,,,,,,1,1,0,0,1,10000.0,1.0,1,1,1,1,1,42,5,6.0,60500.0,7,0,0.0
329041,3,0,0,3,3,0,1,0,2,1,0,1,4.0,4.0,1.0,2.0,39.0,32.0,3206.0,5.0,1.0,Rivers,4,2,0,0,2,65000.0,0.5,3,2,0,1,0,42,6,8.0,101500.0,7,0,0.0
329042,2,0,0,2,2,0,1,1,2,1,1,1,3.0,3.0,1801.0,2.0,56.0,32.0,3206.0,5.0,1.0,Rivers,4,1,0,0,1,5000.0,0.25,2,2,1,1,1,42,5,8.0,29000.0,7,0,0.0
329046,1,1,1,1,1,1,1,0,1,1,0,1,1.0,1.0,1.0,1.0,46.0,32.0,3206.0,5.0,1.0,Rivers,1,1,0,0,1,6000.0,1.0,1,1,0,1,0,42,14,14.0,336000.0,7,0,0.0
329047,4,3,2,4,4,1,4,3,2,1,1,1,5.0,5.0,1.0,2.0,45.0,32.0,3206.0,5.0,1.0,Rivers,5,2,0,0,2,125000.0,0.4,4,4,3,1,1,42,12,20.0,383150.0,7,0,0.0
329048,3,3,0,3,3,1,3,3,0,1,1,0,2.0,2.0,1.0,1.0,51.0,32.0,3206.0,5.0,1.0,Rivers,3,3,0,0,3,115000.0,1.0,3,3,3,1,1,42,11,18.0,597500.0,7,0,0.0
329049,5,0,0,5,5,0,3,0,2,1,0,1,9.0,9.0,1.0,1.0,55.0,32.0,3212.0,5.0,2.0,Rivers,9,5,0,0,0,0.0,0.5555555555555556,6,2,1,1,1,42,11,22.0,303020.0,7,0,0.0
329050,5,1,2,5,5,1,2,3,2,1,1,1,6.0,6.0,1.0,1.0,40.0,32.0,3212.0,5.0,2.0,Rivers,6,3,0,0,2,20000.0,0.5,5,4,3,1,1,42,10,17.0,69000.0,7,0,0.0
329053,3,1,0,3,3,1,1,0,1,1,0,1,1.0,1.0,2.0,1.0,24.0,32.0,3215.0,5.0,2.0,Rivers,3,3,0,0,3,70000.0,1.0,3,3,0,1,0,42,6,7.0,57000.0,7,0,0.0
329054,4,0,1,4,4,1,1,1,3,1,1,1,2.0,2.0,1.0,1.0,68.0,32.0,3212.0,5.0,2.0,Rivers,4,3,0,0,1,2500.0,0.75,4,3,2,1,1,42,7,13.0,22500.0,7,1,120000.0
329055,2,2,2,2,2,1,1,0,0,1,0,0,2.0,2.0,1.0,2.0,49.0,32.0,3212.0,5.0,2.0,Rivers,2,2,0,0,2,190000.0,1.0,2,2,0,1,0,42,6,13.0,343000.0,7,0,0.0
329056,4,4,0,4,4,1,4,4,0,1,1,0,2.0,2.0,1.0,1.0,29.0,32.0,3215.0,5.0,2.0,Rivers,4,2,0,0,2,32000.0,0.5,4,4,4,1,1,42,5,10.0,197000.0,7,0,0.0
329057,4,1,3,4,4,1,2,0,0,1,0,0,6.0,6.0,1.0,1.0,47.0,32.0,3212.0,5.0,2.0,Rivers,6,3,0,0,3,223000.0,0.5,6,6,4,1,1,42,11,20.0,706500.0,7,0,0.0
329058,7,4,2,7,7,1,4,3,5,1,1,1,8.0,8.0,1.0,1.0,46.0,32.0,3212.0,5.0,2.0,Rivers,8,2,0,1,3,8500.0,0.25,8,5,5,1,1,42,11,16.0,56500.0,7,0,0.0
329059,3,0,0,3,3,0,1,1,0,1,1,0,5.0,5.0,1.0,1.0,39.0,32.0,3212.0,5.0,2.0,Rivers,5,3,0,0,3,226000.0,0.6,3,3,0,1,0,42,13,25.0,1130500.0,7,0,0.0
329060,1,1,1,1,1,1,1,0,0,1,0,0,,,,,,,,,,,1,1,0,0,1,6000.0,1.0,1,1,1,1,1,42,7,7.0,81500.0,7,0,0.0
329061,2,1,0,2,2,1,2,0,1,1,0,1,2.0,2.0,1.0,1.0,62.0,32.0,3213.0,5.0,2.0,Rivers,2,2,0,0,2,200000.0,1.0,2,2,0,1,0,42,16,51.0,1468700.0,7,2,33000.0
329062,7,3,0,7,7,1,3,2,3,1,1,1,6.0,6.0,1.0,1.0,80.0,32.0,3213.0,5.0,2.0,Rivers,7,3,0,0,1,55000.0,0.42857142857142855,7,6,4,1,1,42,9,18.0,26000.0,7,0,0.0
329063,4,2,2,4,4,1,2,0,1,1,0,1,5.0,5.0,1.0,1.0,45.0,32.0,3213.0,5.0,2.0,Rivers,5,2,0,0,2,80000.0,0.4,5,4,2,1,1,42,16,25.0,365450.0,7,1,120000.0
329065,1,0,0,1,1,0,0,0,0,0,0,0,1.0,1.0,1.0,1.0,102.0,32.0,3213.0,5.0,2.0,Rivers,1,1,0,0,1,10000.0,1.0,1,0,0,0,0,42,7,15.0,385000.0,7,0,0.0
329066,4,1,2,4,4,1,2,1,1,1,1,1,4.0,4.0,1.0,1.0,65.0,32.0,3213.0,5.0,2.0,Rivers,4,4,0,0,4,133000.0,1.0,4,4,2,1,1,42,14,24.0,1146000.0,7,1,15000.0
329067,1,1,1,1,1,1,1,0,0,1,0,0,1.0,1.0,1.0,1.0,40.0,32.0,3213.0,5.0,2.0,Rivers,1,1,0,0,1,60500.0,1.0,1,1,1,1,1,42,4,8.0,58500.0,7,1,35000.0
329070,2,2,0,2,2,1,2,1,0,1,1,0,6.0,6.0,1.0,1.0,50.0,32.0,3213.0,5.0,2.0,Rivers,6,2,0,0,2,100000.0,0.3333333333333333,6,2,2,1,1,42,11,16.0,583000.0,7,0,0.0
329071,2,0,0,2,2,0,1,0,1,1,0,1,4.0,4.0,1.0,1.0,32.0,32.0,3213.0,5.0,2.0,Rivers,4,2,0,0,1,5000.0,0.5,2,2,1,1,1,42,5,6.0,184000.0,7,0,0.0
329073,2,0,1,2,2,1,0,2,2,0,1,1,3.0,3.0,1.0,1.0,28.0,32.0,3213.0,5.0,2.0,Rivers,2,2,0,0,1,15000.0,1.0,2,2,1,1,1,42,14,21.0,109500.0,7,0,0.0
329074,3,0,0,3,3,0,1,0,2,1,0,1,5.0,5.0,1.0,1.0,46.0,32.0,3213.0,5.0,2.0,Rivers,5,1,1,0,1,3000.0,0.2,5,2,2,1,1,42,11,13.0,264500.0,7,0,0.0
329075,5,1,1,5,5,1,4,3,1,1,1,1,8.0,8.0,1.0,1.0,48.0,32.0,3213.0,5.0,2.0,Rivers,7,2,0,0,2,20000.0,0.2857142857142857,6,6,3,1,1,42,17,25.0,611000.0,7,0,0.0
329076,3,2,2,3,3,1,2,0,1,1,0,1,7.0,7.0,1.0,1.0,50.0,32.0,3213.0,5.0,2.0,Rivers,7,3,0,0,2,235000.0,0.42857142857142855,5,5,1,1,1,42,18,27.0,1239000.0,7,0,0.0
329077,2,2,0,2,2,1,2,1,0,1,1,0,6.0,6.0,1.0,1.0,42.0,32.0,3213.0,5.0,2.0,Rivers,5,2,0,0,2,55000.0,0.4,4,2,2,1,1,42,11,15.0,115500.0,7,0,0.0
329079,1,1,0,1,1,1,1,0,0,1,0,0,1.0,1.0,1.0,2.0,58.0,32.0,3213.0,5.0,2.0,Rivers,2,2,0,0,1,130000.0,1.0,2,2,1,1,1,42,16,26.0,3161500.0,7,1,30000.0
329080,6,1,0,6,6,1,4,0,1,1,0,1,7.0,7.0,1.0,1.0,65.0,32.0,3213.0,5.0,2.0,Rivers,7,1,0,0,1,35000.0,0.14285714285714285,7,6,4,1,1,42,21,35.0,1701504.0,7,0,0.0
329081,1,0,0,1,1,0,1,0,0,1,0,0,1.0,1.0,1.0,1.0,35.0,32.0,3213.0,5.0,2.0,Rivers,1,1,0,0,1,15000.0,1.0,1,1,1,1,1,42,11,11.0,769700.0,7,0,0.0
329082,2,2,1,2,2,1,2,1,2,1,1,1,5.0,5.0,1.0,1.0,47.0,32.0,3213.0,5.0,2.0,Rivers,5,2,0,0,2,100000.0,0.4,4,2,2,1,1,42,16,34.0,3027000.0,7,1,65000.0
329085,1,0,1,1,1,1,1,0,1,1,0,1,3.0,3.0,1301.0,2.0,40.0,32.0,3223.0,5.0,2.0,Rivers,2,1,0,0,1,5000.0,0.5,1,1,0,1,0,42,6,7.0,37500.0,7,0,0.0
329087,2,0,0,2,2,0,0,0,0,0,0,0,1.0,1.0,1.0,1.0,43.0,32.0,3223.0,5.0,2.0,Rivers,2,1,0,0,1,4000.0,0.5,2,0,0,0,0,42,8,8.0,134000.0,7,0,0.0
329088,4,0,0,4,4,0,2,0,2,1,0,1,6.0,6.0,1.0,2.0,50.0,32.0,3223.0,5.0,2.0,Rivers,5,4,0,0,4,70000.0,0.8,4,2,0,1,0,42,7,11.0,203500.0,7,0,0.0
329089,3,0,0,3,3,0,0,0,0,0,0,0,3.0,3.0,2.0,2.0,36.0,32.0,3223.0,5.0,2.0,Rivers,3,1,0,0,1,25000.0,0.3333333333333333,3,0,0,0,0,42,4,7.0,28000.0,7,0,0.0
329090,5,3,4,5,5,1,3,1,0,1,1,0,6.0,6.0,1.0,1.0,50.0,32.0,3223.0,5.0,2.0,Rivers,6,5,0,0,5,290000.0,0.8333333333333334,5,5,0,1,0,42,7,18.0,789000.0,7,0,0.0
329091,2,0,0,2,2,0,0,0,0,0,0,0,3.0,3.0,2.0,2.0,44.0,32.0,3223.0,5.0,2.0,Rivers,3,2,0,0,1,10000.0,0.6666666666666666,2,2,1,1,1,42,6,10.0,18000.0,7,0,0.0
329092,2,0,0,2,2,0,1,0,1,1,0,1,5.0,5.0,1.0,1.0,29.0,32.0,3223.0,5.0,2.0,Rivers,4,2,0,0,2,30000.0,0.5,2,1,0,1,0,42,4,4.0,48000.0,7,0,0.0
329093,2,2,2,2,2,1,2,1,1,1,1,1,2.0,2.0,1.0,1.0,30.0,32.0,3223.0,5.0,2.0,Rivers,2,2,0,0,2,330000.0,1.0,2,2,2,1,1,42,10,23.0,490500.0,7,0,0.0
329095,3,3,1,3,3,1,3,2,2,1,1,1,1.0,1.0,1.0,2.0,68.0,32.0,3223.0,5.0,2.0,Rivers,3,3,0,0,3,181000.0,1.0,3,3,2,1,1,42,8,11.0,111000.0,7,0,0.0
329096,2,0,0,2,2,0,0,0,0,0,0,0,3.0,3.0,1.0,1.0,32.0,32.0,3223.0,5.0,2.0,Rivers,2,2,0,0,2,20000.0,1.0,2,1,0,1,0,42,3,5.0,38500.0,7,0,0.0
329108,5,0,0,5,5,0,5,4,0,1,1,0,4.0,4.0,1.0,2.0,52.0,32.0,3213.0,5.0,2.0,Rivers,5,4,0,0,4,65000.0,0.8,5,5,5,1,1,42,13,20.0,378000.0,7,0,0.0
330031,5,0,0,5,5,0,0,0,0,0,0,0,7.0,7.0,1.0,1.0,55.0,33.0,3323.0,3.0,2.0,Sokoto,7,5,0,0,4,9000.0,0.7142857142857143,6,2,0,1,0,42,4,12.0,26000.0,7,0,0.0
330032,3,0,0,3,3,0,0,0,0,0,0,0,6.0,6.0,1.0,1.0,59.0,33.0,3323.0,3.0,2.0,Sokoto,6,4,0,0,5,5000.0,0.6666666666666666,6,1,0,1,0,42,1,8.0,3000.0,7,0,0.0
330033,9,0,0,9,9,0,0,1,0,0,1,0,10.0,10.0,1.0,1.0,54.0,33.0,3323.0,3.0,2.0,Sokoto,9,7,1,0,8,52500.0,0.7777777777777778,9,4,0,1,0,42,3,18.0,38000.0,7,0,0.0
330034,4,1,0,4,4,1,1,4,1,1,1,1,6.0,6.0,1.0,1.0,57.0,33.0,3323.0,3.0,2.0,Sokoto,5,2,0,0,1,300000.0,0.4,5,5,1,1,1,42,8,17.0,93000.0,7,0,0.0
330035,8,4,3,8,8,1,0,0,0,0,0,0,9.0,9.0,2.0,2.0,43.0,33.0,3323.0,3.0,2.0,Sokoto,9,9,0,0,9,41500.0,1.0,9,3,0,1,0,42,5,18.0,128000.0,7,0,0.0
330036,6,0,2,6,6,1,0,6,1,0,1,1,14.0,14.0,1.0,1.0,50.0,33.0,3323.0,3.0,2.0,Sokoto,11,7,0,0,3,2400.0,0.6363636363636364,8,8,0,1,0,42,6,12.0,93000.0,7,0,0.0
330037,5,0,4,5,5,1,1,5,4,1,1,1,9.0,9.0,1.0,1.0,43.0,33.0,3323.0,3.0,2.0,Sokoto,9,5,0,0,4,253300.0,0.5555555555555556,9,9,0,1,0,42,4,17.0,43800.0,7,0,0.0
330038,1,0,0,1,1,0,0,1,0,0,1,0,2.0,2.0,4.0,2.0,57.0,33.0,3323.0,3.0,2.0,Sokoto,3,1,0,0,1,1000.0,0.3333333333333333,2,2,0,1,0,42,1,2.0,500.0,7,0,0.0
330039,5,0,0,5,5,0,1,0,0,1,0,0,10.0,10.0,1.0,1.0,45.0,33.0,3323.0,3.0,2.0,Sokoto,10,7,0,0,8,60000.0,0.7,7,0,0,0,0,42,1,5.0,3000.0,7,0,0.0
330040,3,0,2,3,3,1,0,3,0,0,1,0,2.0,2.0,1.0,1.0,65.0,33.0,3323.0,3.0,2.0,Sokoto,3,3,0,0,1,5000.0,1.0,3,3,0,1,0,42,6,10.0,33200.0,7,0,0.0
330051,6,1,1,6,6,1,1,0,0,1,0,0,15.0,15.0,1.0,1.0,44.0,33.0,3313.0,3.0,2.0,Sokoto,13,8,1,0,5,15500.0,0.6153846153846154,9,3,0,1,0,42,3,20.0,41000.0,7,0,0.0
330052,4,0,0,4,4,0,0,4,0,0,1,0,4.0,4.0,1.0,1.0,52.0,33.0,3313.0,3.0,2.0,Sokoto,10,5,0,0,5,16000.0,0.5,8,8,0,1,0,42,4,16.0,69500.0,7,0,0.0
330054,1,0,0,1,1,0,0,1,0,0,1,0,1.0,1.0,2.0,2.0,71.0,33.0,3313.0,3.0,2.0,Sokoto,1,0,0,0,0,0.0,0.0,1,1,0,1,0,42,3,3.0,3300.0,7,0,0.0
330055,4,1,1,4,4,1,1,1,4,1,1,1,6.0,6.0,4.0,1.0,31.0,33.0,3313.0,3.0,2.0,Sokoto,5,1,1,0,2,5500.0,0.2,4,2,1,1,1,42,1,5.0,3000.0,7,0,0.0
330056,7,1,1,7,7,1,1,2,4,1,1,1,10.0,10.0,1.0,1.0,64.0,33.0,3313.0,3.0,2.0,Sokoto,12,9,1,0,8,40500.0,0.75,9,2,2,1,1,42,2,13.0,28000.0,7,0,0.0
330057,9,1,4,9,9,1,1,9,9,1,1,1,15.0,15.0,1.0,1.0,62.0,33.0,3313.0,3.0,2.0,Sokoto,15,9,0,0,4,375000.0,0.6,12,12,3,1,1,42,9,31.0,87100.0,7,0,0.0
330058,7,0,3,7,7,1,0,7,0,0,1,0,8.0,8.0,1.0,1.0,50.0,33.0,3313.0,3.0,2.0,Sokoto,10,7,0,0,3,35000.0,0.7,8,8,0,1,0,42,6,11.0,69000.0,7,1,8500.0
330059,5,1,1,5,5,1,0,1,2,0,1,1,10.0,10.0,2.0,2.0,40.0,33.0,3313.0,3.0,2.0,Sokoto,10,3,0,0,2,5000.0,0.3,8,3,1,1,1,42,2,6.0,23000.0,7,0,0.0
330060,5,0,0,5,5,0,0,0,0,0,0,0,9.0,9.0,1.0,1.0,51.0,33.0,3313.0,3.0,2.0,Sokoto,7,7,0,0,6,34000.0,1.0,6,2,0,1,0,42,1,6.0,3000.0,7,0,0.0
330061,2,0,1,2,2,1,0,2,0,0,1,0,3.0,3.0,2.0,1.0,40.0,33.0,3304.0,3.0,2.0,Sokoto,5,3,0,0,0,0.0,0.6,3,3,0,1,0,42,5,10.0,33000.0,7,1,11000.0
330062,4,0,2,4,4,1,0,0,1,0,0,1,11.0,11.0,2.0,2.0,38.0,33.0,3304.0,3.0,2.0,Sokoto,11,8,0,0,7,50000.0,0.7272727272727273,8,2,0,1,0,42,1,5.0,2000.0,7,0,0.0
330063,3,1,2,3,3,1,0,0,1,0,0,1,8.0,8.0,1.0,1.0,61.0,33.0,3304.0,3.0,2.0,Sokoto,8,6,0,0,6,41000.0,0.75,5,1,0,1,0,42,5,13.0,47300.0,7,0,0.0
330064,4,0,0,4,4,0,0,4,0,0,1,0,7.0,7.0,1.0,1.0,71.0,33.0,3304.0,3.0,2.0,Sokoto,7,5,0,0,2,300000.0,0.7142857142857143,5,5,0,1,0,42,5,15.0,103000.0,7,0,0.0
330065,1,0,0,1,1,0,0,1,0,0,1,0,2.0,2.0,2.0,2.0,44.0,33.0,3304.0,3.0,2.0,Sokoto,2,2,0,0,0,0.0,1.0,2,1,0,1,0,42,1,2.0,500.0,7,0,0.0
330066,3,0,2,3,3,1,1,0,1,1,0,1,3.0,3.0,1.0,1.0,75.0,33.0,3304.0,3.0,2.0,Sokoto,3,3,0,0,1,30000.0,1.0,3,1,0,1,0,42,1,5.0,2000.0,7,0,0.0
330067,4,0,0,4,4,0,0,0,0,0,0,0,10.0,10.0,1.0,1.0,51.0,33.0,3304.0,3.0,2.0,Sokoto,8,4,0,0,2,28000.0,0.5,7,1,0,1,0,42,0,0.0,0.0,7,0,0.0
330068,5,0,1,5,5,1,0,5,0,0,1,0,5.0,5.0,1.0,1.0,78.0,33.0,3304.0,3.0,2.0,Sokoto,5,5,0,0,3,30000.0,1.0,5,5,0,1,0,42,5,16.0,210300.0,7,0,0.0
330069,5,0,0,5,5,0,0,5,0,0,1,0,5.0,5.0,2.0,2.0,55.0,33.0,3304.0,3.0,2.0,Sokoto,6,3,0,0,2,31500.0,0.5,5,5,0,1,0,42,3,9.0,51000.0,7,0,0.0
330070,6,0,0,6,6,0,0,0,0,0,0,0,7.0,7.0,1.0,1.0,50.0,33.0,3304.0,3.0,2.0,Sokoto,8,7,0,0,6,54000.0,0.875,8,2,0,1,0,42,4,11.0,45000.0,7,0,0.0
339001,4,0,3,4,4,1,1,4,4,1,1,1,7.0,7.0,1.0,1.0,43.0,33.0,3302.0,3.0,2.0,Sokoto,6,3,0,0,2,207000.0,0.5,5,5,0,1,0,42,5,13.0,36800.0,7,1,25000.0
339002,2,0,0,2,2,0,1,0,1,1,0,1,7.0,7.0,1.0,1.0,46.0,33.0,3302.0,3.0,2.0,Sokoto,5,4,0,0,3,2000.0,0.8,3,0,0,0,0,42,1,8.0,800.0,7,0,0.0
339003,8,3,2,8,8,1,3,3,1,1,1,1,13.0,13.0,1.0,1.0,49.0,33.0,3302.0,3.0,2.0,Sokoto,12,10,0,0,9,191000.0,0.8333333333333334,11,3,0,1,0,42,4,20.0,242000.0,7,0,0.0
339004,5,1,1,5,5,1,1,5,0,1,1,0,7.0,7.0,101.0,1.0,52.0,33.0,3302.0,3.0,2.0,Sokoto,9,3,0,0,2,50500.0,0.3333333333333333,7,7,0,1,0,42,6,12.0,117000.0,7,1,20000.0
339005,4,0,0,4,4,0,0,0,0,0,0,0,14.0,14.0,1.0,1.0,43.0,33.0,3302.0,3.0,2.0,Sokoto,8,7,0,0,6,77400.0,0.875,6,2,0,1,0,42,3,15.0,34000.0,7,0,0.0
339006,4,1,2,4,4,1,1,3,1,1,1,1,7.0,7.0,1.0,1.0,36.0,33.0,3302.0,3.0,2.0,Sokoto,6,4,0,0,2,103500.0,0.6666666666666666,5,5,0,1,0,42,6,12.0,83500.0,7,0,0.0
339009,2,1,2,2,2,1,1,1,2,1,1,1,6.0,6.0,1.0,1.0,32.0,33.0,3302.0,3.0,2.0,Sokoto,6,2,0,0,1,1500.0,0.3333333333333333,3,3,0,1,0,42,6,8.0,101200.0,7,0,0.0
339010,9,0,1,9,9,1,0,0,1,0,0,1,17.0,17.0,1.0,1.0,74.0,33.0,3302.0,3.0,2.0,Sokoto,17,3,0,0,3,78000.0,0.17647058823529413,13,13,0,1,0,42,6,30.0,86000.0,7,2,300000.0
339011,2,0,0,2,2,0,1,0,0,1,0,0,6.0,6.0,1.0,1.0,51.0,33.0,3302.0,3.0,2.0,Sokoto,5,4,0,1,5,45000.0,0.8,3,2,0,1,0,42,2,8.0,11500.0,7,0,0.0
339012,2,0,0,2,2,0,0,0,1,0,0,1,4.0,4.0,1.0,1.0,34.0,33.0,3302.0,3.0,2.0,Sokoto,3,3,0,0,3,6000.0,1.0,2,2,0,1,0,42,3,8.0,65700.0,7,0,0.0
339026,3,0,0,3,3,0,0,0,1,0,0,1,3.0,3.0,1.0,1.0,64.0,33.0,3318.0,3.0,2.0,Sokoto,3,3,0,0,3,6000.0,1.0,3,0,0,0,0,42,2,6.0,17000.0,7,0,0.0
339027,5,0,2,5,5,1,0,5,0,0,1,0,8.0,8.0,3.0,1.0,39.0,33.0,3318.0,3.0,2.0,Sokoto,8,4,0,0,2,5500.0,0.5,7,7,0,1,0,42,3,11.0,26000.0,7,0,0.0
339028,4,0,1,4,4,1,0,0,0,0,0,0,5.0,5.0,601.0,1.0,60.0,33.0,3318.0,3.0,2.0,Sokoto,6,6,0,0,4,8000.0,1.0,6,0,0,0,0,42,0,0.0,0.0,7,0,0.0
339029,3,0,0,3,3,0,0,0,0,0,0,0,9.0,9.0,1.0,1.0,36.0,33.0,3318.0,3.0,2.0,Sokoto,8,6,0,0,5,41000.0,0.75,4,2,0,1,0,42,1,5.0,3000.0,7,0,0.0
339030,2,0,0,2,2,0,0,1,0,0,1,0,2.0,2.0,1.0,1.0,75.0,33.0,3318.0,3.0,2.0,Sokoto,2,1,0,0,1,600000.0,0.5,2,2,0,1,0,42,4,7.0,13700.0,7,0,0.0
339031,5,0,2,5,5,1,0,5,0,0,1,0,6.0,6.0,1.0,1.0,50.0,33.0,3318.0,3.0,2.0,Sokoto,7,6,0,0,4,344000.0,0.8571428571428571,6,6,0,1,0,42,5,11.0,96000.0,7,0,0.0
339032,2,0,0,2,2,0,0,0,0,0,0,0,2.0,2.0,1.0,1.0,76.0,33.0,3318.0,3.0,2.0,Sokoto,2,1,0,0,0,0.0,0.5,2,0,0,0,0,42,1,4.0,3000.0,7,0,0.0
339033,3,0,1,3,3,1,0,0,0,0,0,0,6.0,6.0,1.0,1.0,36.0,33.0,3318.0,3.0,2.0,Sokoto,7,6,0,0,6,68000.0,0.8571428571428571,5,0,0,0,0,42,1,7.0,3000.0,7,0,0.0
339034,4,0,3,4,4,1,0,4,0,0,1,0,7.0,7.0,1.0,1.0,54.0,33.0,3318.0,3.0,2.0,Sokoto,7,5,0,0,4,766000.0,0.7142857142857143,5,5,0,1,0,42,5,16.0,218000.0,7,0,0.0
339036,1,0,0,1,1,0,0,1,0,0,1,0,1.0,1.0,1.0,2.0,84.0,33.0,3318.0,3.0,2.0,Sokoto,1,1,0,0,0,0.0,1.0,1,1,0,1,0,42,2,4.0,12000.0,7,0,0.0
339037,5,2,1,5,5,1,1,5,2,1,1,1,8.0,8.0,1.0,1.0,46.0,33.0,3321.0,3.0,2.0,Sokoto,8,2,0,0,1,14000.0,0.25,6,6,0,1,0,42,10,19.0,234500.0,7,0,0.0
339038,5,2,1,5,5,1,2,2,2,1,1,1,12.0,12.0,1.0,1.0,61.0,33.0,3321.0,3.0,2.0,Sokoto,9,7,0,1,6,85000.0,0.7777777777777778,6,3,0,1,0,42,3,10.0,47000.0,7,0,0.0
339040,4,1,2,4,4,1,1,3,0,1,1,0,8.0,8.0,1.0,1.0,47.0,33.0,3321.0,3.0,2.0,Sokoto,7,4,0,0,4,75500.0,0.5714285714285714,6,4,0,1,0,42,4,6.0,17800.0,7,1,30000.0
339042,8,1,2,8,8,1,3,3,1,1,1,1,10.0,10.0,1.0,1.0,81.0,33.0,3321.0,3.0,2.0,Sokoto,10,9,0,0,8,336000.0,0.9,10,3,0,1,0,42,3,20.0,12500.0,7,0,0.0
339043,2,1,1,2,2,1,0,0,1,0,0,1,5.0,5.0,1.0,1.0,39.0,33.0,3321.0,3.0,2.0,Sokoto,4,3,0,0,3,30500.0,0.75,2,1,0,1,0,42,3,9.0,62000.0,7,0,0.0
339044,5,1,1,5,5,1,1,5,4,1,1,1,4.0,4.0,5109.0,1.0,40.0,33.0,3321.0,3.0,2.0,Sokoto,10,2,0,0,2,12000.0,0.2,6,6,2,1,1,42,10,20.0,198500.0,7,0,0.0
339045,2,0,0,2,2,0,1,2,0,1,1,0,7.0,7.0,1.0,1.0,44.0,33.0,3321.0,3.0,2.0,Sokoto,5,4,0,0,2,20600.0,0.8,3,2,0,1,0,42,5,10.0,49000.0,7,0,0.0
339046,2,2,2,2,2,1,1,0,1,1,0,1,7.0,7.0,1.0,1.0,45.0,33.0,3321.0,3.0,2.0,Sokoto,7,2,0,1,3,40000.0,0.2857142857142857,5,5,0,1,0,42,11,15.0,534000.0,7,0,0.0
339047,3,0,2,3,3,1,1,0,2,1,0,1,6.0,6.0,1.0,1.0,44.0,33.0,3321.0,3.0,2.0,Sokoto,6,3,0,0,3,45000.0,0.5,5,5,0,1,0,42,7,10.0,131500.0,7,0,0.0
339048,3,2,2,3,3,1,2,2,0,1,1,0,5.0,5.0,1.0,1.0,54.0,33.0,3321.0,3.0,2.0,Sokoto,5,5,0,0,3,35000.0,1.0,4,3,1,1,1,42,4,11.0,547000.0,7,0,0.0
340032,6,0,1,6,6,1,0,0,0,0,0,0,6.0,6.0,1.0,1.0,71.0,34.0,3405.0,2.0,2.0,Taraba,6,5,0,0,1,250000.0,0.8333333333333334,6,1,0,1,0,42,6,13.0,26200.0,7,0,0.0
340033,4,2,0,4,4,1,2,0,2,1,0,1,6.0,6.0,1.0,1.0,42.0,34.0,3405.0,2.0,2.0,Taraba,6,6,0,0,1,250000.0,1.0,6,2,0,1,0,42,3,5.0,21500.0,7,0,0.0
340034,4,0,0,4,4,0,0,0,0,0,0,0,5.0,5.0,1.0,1.0,37.0,34.0,3405.0,2.0,2.0,Taraba,5,3,0,0,3,36900.0,0.6,5,5,0,1,0,42,3,5.0,8200.0,7,0,0.0
340035,7,0,0,7,7,0,0,4,0,0,1,0,13.0,13.0,2.0,2.0,71.0,34.0,3405.0,2.0,2.0,Taraba,11,1,0,0,0,0.0,0.09090909090909091,9,9,0,1,0,42,6,33.0,183700.0,7,0,0.0
340036,10,1,1,10,10,1,4,0,2,1,0,1,24.0,24.0,1.0,1.0,69.0,34.0,3405.0,2.0,2.0,Taraba,20,14,0,0,1,500000.0,0.7,15,7,0,1,0,42,5,21.0,263300.0,7,0,0.0
340037,4,2,2,4,4,1,1,2,2,1,1,1,6.0,6.0,1.0,1.0,42.0,34.0,3405.0,2.0,2.0,Taraba,8,0,1,0,1,30000.0,0.0,6,4,0,1,0,42,5,16.0,79000.0,7,0,0.0
340038,7,0,0,7,7,0,0,0,0,0,0,0,8.0,8.0,1.0,1.0,69.0,34.0,3405.0,2.0,2.0,Taraba,8,8,0,0,0,0.0,1.0,8,8,0,1,0,42,4,7.0,8200.0,7,0,0.0
340039,5,0,0,5,5,0,0,0,0,0,0,0,6.0,6.0,1.0,1.0,74.0,34.0,3405.0,2.0,2.0,Taraba,7,6,0,0,1,300000.0,0.8571428571428571,6,1,0,1,0,42,5,16.0,24700.0,7,0,0.0
340040,7,0,2,7,7,1,0,0,0,0,0,0,11.0,11.0,1.0,1.0,57.0,34.0,3405.0,2.0,2.0,Taraba,10,7,0,0,1,300000.0,0.7,8,1,0,1,0,42,4,20.0,45500.0,7,0,0.0
340051,2,0,0,2,2,0,0,0,0,0,0,0,2.0,2.0,2.0,2.0,57.0,34.0,3412.0,2.0,2.0,Taraba,2,0,0,0,0,0.0,0.0,2,2,0,1,0,42,2,5.0,20800.0,7,0,0.0
340052,5,1,2,5,5,1,1,1,0,1,1,0,8.0,8.0,1.0,1.0,50.0,34.0,3412.0,2.0,2.0,Taraba,8,8,0,0,0,0.0,1.0,7,3,0,1,0,42,3,7.0,12200.0,7,0,0.0
340053,5,2,1,5,5,1,3,2,0,1,1,0,8.0,8.0,1.0,1.0,59.0,34.0,3412.0,2.0,2.0,Taraba,8,6,0,0,1,100000.0,0.75,7,4,3,1,1,42,5,13.0,123200.0,7,0,0.0
340054,8,2,0,8,8,1,4,1,4,1,1,1,12.0,12.0,1.0,1.0,46.0,34.0,3412.0,2.0,2.0,Taraba,11,3,0,0,3,10000.0,0.2727272727272727,10,6,2,1,1,42,9,18.0,437200.0,7,1,5000.0
340056,2,0,0,2,2,0,0,0,0,0,0,0,6.0,6.0,1.0,1.0,44.0,34.0,3412.0,2.0,2.0,Taraba,6,1,0,0,0,0.0,0.16666666666666666,3,2,0,1,0,42,3,5.0,34000.0,7,0,0.0
340057,4,1,1,4,4,1,1,1,1,1,1,1,4.0,4.0,101.0,1.0,37.0,34.0,3412.0,2.0,2.0,Taraba,4,3,0,0,1,50000.0,0.75,4,0,0,0,0,42,6,12.0,27800.0,7,0,0.0
340058,2,1,2,2,2,1,1,0,1,1,0,1,3.0,3.0,1.0,1.0,40.0,34.0,3412.0,2.0,2.0,Taraba,2,1,0,0,0,0.0,0.5,2,2,0,1,0,42,13,16.0,627000.0,7,0,0.0
340059,3,1,2,3,3,1,2,1,1,1,1,1,5.0,5.0,1.0,1.0,42.0,34.0,3412.0,2.0,2.0,Taraba,5,3,0,0,0,0.0,0.6,4,2,0,1,0,42,5,10.0,121200.0,7,0,0.0
340060,5,4,0,5,5,1,4,3,3,1,1,1,6.0,6.0,1.0,1.0,55.0,34.0,3412.0,2.0,2.0,Taraba,6,3,0,0,3,160000.0,0.5,6,5,0,1,0,42,3,11.0,25500.0,7,0,0.0
340081,5,1,1,5,5,1,1,1,1,1,1,1,8.0,8.0,1.0,1.0,65.0,34.0,3408.0,2.0,2.0,Taraba,6,3,0,0,0,0.0,0.5,6,6,1,1,1,42,10,33.0,277000.0,7,1,35000.0
340082,6,1,3,6,6,1,1,1,1,1,1,1,11.0,11.0,1.0,1.0,71.0,34.0,3408.0,2.0,2.0,Taraba,10,2,0,0,2,13500.0,0.2,6,6,1,1,1,42,8,26.0,94000.0,7,1,213600.0
340083,7,7,1,7,7,1,7,3,7,1,1,1,8.0,8.0,1.0,1.0,63.0,34.0,3408.0,2.0,2.0,Taraba,8,4,0,0,4,1139000.0,0.5,8,7,4,1,1,42,12,33.0,237500.0,7,1,78000.0
340085,14,0,1,14,14,1,0,1,1,0,1,1,18.0,18.0,1.0,1.0,46.0,34.0,3407.0,2.0,2.0,Taraba,17,2,0,0,1,15000.0,0.11764705882352941,14,12,0,1,0,42,11,37.0,99300.0,7,0,0.0
340086,8,0,0,8,8,0,0,0,0,0,0,0,14.0,14.0,1.0,1.0,54.0,34.0,3408.0,2.0,2.0,Taraba,11,3,0,0,1,15000.0,0.2727272727272727,8,6,0,1,0,42,8,26.0,129300.0,7,0,0.0
340087,3,3,0,3,3,1,3,0,0,1,0,0,3.0,3.0,1.0,1.0,78.0,34.0,3408.0,2.0,2.0,Taraba,3,2,0,0,2,420000.0,0.6666666666666666,3,3,0,1,0,42,6,12.0,31500.0,7,1,11000.0
340088,6,0,2,6,6,1,6,6,0,1,1,0,8.0,8.0,1.0,1.0,58.0,34.0,3408.0,2.0,2.0,Taraba,7,3,0,0,3,100000.0,0.42857142857142855,7,6,3,1,1,42,9,17.0,128600.0,7,0,0.0
340089,11,4,0,11,11,1,5,3,5,1,1,1,5.0,5.0,1.0,1.0,58.0,34.0,3408.0,2.0,2.0,Taraba,13,10,0,0,9,883000.0,0.7692307692307693,12,9,2,1,1,42,10,23.0,245800.0,7,0,0.0
340090,2,1,2,2,2,1,1,1,1,1,1,1,1.0,1.0,13.0,1.0,38.0,34.0,3408.0,2.0,2.0,Taraba,2,1,0,0,1,6000.0,0.5,2,2,2,1,1,42,13,18.0,392800.0,7,0,0.0
349002,3,0,0,3,3,0,1,2,0,1,1,0,6.0,6.0,1.0,1.0,60.0,34.0,3401.0,2.0,2.0,Taraba,6,3,0,0,3,120000.0,0.5,6,2,0,1,0,42,5,17.0,92000.0,7,0,0.0
349003,2,1,1,2,2,1,1,1,0,1,1,0,6.0,6.0,1.0,1.0,29.0,34.0,3401.0,2.0,2.0,Taraba,3,2,0,0,2,157000.0,0.6666666666666666,2,2,0,1,0,42,8,15.0,299500.0,7,0,0.0
349004,8,2,2,8,8,1,2,0,1,1,0,1,18.0,18.0,1.0,1.0,55.0,34.0,3401.0,2.0,2.0,Taraba,18,8,0,0,8,222300.0,0.4444444444444444,12,12,0,1,0,42,18,61.0,276000.0,7,1,30000.0
349005,3,1,0,3,3,1,0,1,1,0,1,1,8.0,8.0,1.0,1.0,40.0,34.0,3401.0,2.0,2.0,Taraba,8,3,0,0,3,325000.0,0.375,4,0,0,0,0,42,10,16.0,150700.0,7,0,0.0
349007,3,0,1,3,3,1,0,0,0,0,0,0,2.0,2.0,5101.0,1.0,45.0,34.0,3401.0,2.0,2.0,Taraba,3,1,0,0,1,120000.0,0.3333333333333333,3,1,0,1,0,42,6,20.0,13000.0,7,1,50000.0
349008,3,1,0,3,3,1,1,1,1,1,1,1,9.0,9.0,1.0,1.0,36.0,34.0,3401.0,2.0,2.0,Taraba,9,4,0,0,4,32500.0,0.4444444444444444,5,3,0,1,0,42,10,28.0,494200.0,7,2,60000.0
349009,2,0,0,2,2,0,0,0,1,0,0,1,5.0,5.0,1.0,1.0,36.0,34.0,3401.0,2.0,2.0,Taraba,5,2,0,0,2,4000.0,0.4,3,2,0,1,0,42,5,9.0,88700.0,7,2,5000.0
349010,5,1,0,5,5,1,1,0,1,1,0,1,9.0,9.0,1.0,1.0,53.0,34.0,3401.0,2.0,2.0,Taraba,10,8,0,0,8,652000.0,0.8,8,3,0,1,0,42,6,17.0,389000.0,7,0,0.0
349011,9,0,0,9,9,0,0,0,0,0,0,0,12.0,12.0,1.0,1.0,60.0,34.0,3401.0,2.0,2.0,Taraba,12,7,0,0,7,350000.0,0.5833333333333334,9,2,1,1,1,42,6,31.0,15200.0,7,0,0.0
349012,2,0,0,2,2,0,0,0,0,0,0,0,3.0,3.0,2.0,2.0,28.0,34.0,3401.0,2.0,2.0,Taraba,3,1,0,0,1,1000.0,0.3333333333333333,2,1,0,1,0,42,3,3.0,17800.0,7,2,10000.0
349014,3,0,0,3,3,0,0,0,0,0,0,0,3.0,3.0,1.0,1.0,32.0,34.0,3402.0,2.0,2.0,Taraba,3,2,0,0,1,70000.0,0.6666666666666666,3,0,0,0,0,42,1,2.0,2000.0,7,0,0.0
349015,2,0,0,2,2,0,0,0,0,0,0,0,4.0,4.0,1.0,1.0,27.0,34.0,3402.0,2.0,2.0,Taraba,4,1,0,0,1,40000.0,0.25,3,1,0,1,0,42,7,14.0,113000.0,7,0,0.0
349017,2,0,2,2,2,1,0,0,0,0,0,0,2.0,2.0,1.0,1.0,36.0,34.0,3402.0,2.0,2.0,Taraba,2,2,0,0,1,27000.0,1.0,2,1,0,1,0,42,3,3.0,230800.0,7,0,0.0
349018,5,0,0,5,5,0,0,0,0,0,0,0,5.0,5.0,1.0,1.0,30.0,34.0,3402.0,2.0,2.0,Taraba,5,0,0,0,0,0.0,0.0,5,5,0,1,0,42,4,8.0,32000.0,7,0,0.0
349019,5,0,0,5,5,0,1,0,0,1,0,0,6.0,6.0,1.0,1.0,51.0,34.0,3402.0,2.0,2.0,Taraba,7,5,0,0,1,10000.0,0.7142857142857143,6,3,0,1,0,42,6,20.0,182500.0,7,0,0.0
349020,3,0,2,3,3,1,1,1,0,1,1,0,1.0,1.0,5.0,1.0,10.0,34.0,3402.0,2.0,2.0,Taraba,4,2,0,0,2,52000.0,0.5,4,3,1,1,1,42,4,5.0,32100.0,7,0,0.0
349021,6,0,4,6,6,1,0,0,0,0,0,0,8.0,8.0,1.0,1.0,45.0,34.0,3402.0,2.0,2.0,Taraba,8,8,0,0,0,0.0,1.0,6,1,0,1,0,42,3,11.0,51000.0,7,0,0.0
349022,5,0,0,5,5,0,0,0,0,0,0,0,9.0,9.0,1.0,1.0,42.0,34.0,3402.0,2.0,2.0,Taraba,9,0,0,0,0,0.0,0.0,7,1,0,1,0,42,7,19.0,137200.0,7,0,0.0
349024,2,0,0,2,2,0,0,0,0,0,0,0,3.0,3.0,1.0,1.0,42.0,34.0,3402.0,2.0,2.0,Taraba,3,2,0,0,1,140000.0,0.6666666666666666,2,0,0,0,0,42,2,2.0,6500.0,7,0,0.0
349025,2,0,0,2,2,0,0,0,0,0,0,0,1.0,1.0,1.0,1.0,53.0,34.0,3402.0,2.0,2.0,Taraba,2,0,0,0,0,0.0,0.0,2,0,0,0,0,42,1,1.0,2000.0,7,0,0.0
349026,2,0,2,2,2,1,0,0,0,0,0,0,1.0,1.0,1.0,1.0,30.0,34.0,3402.0,2.0,2.0,Taraba,2,2,0,0,0,0.0,1.0,2,2,0,1,0,42,2,3.0,2500.0,7,0,0.0
349027,4,0,0,4,4,0,0,0,0,0,0,0,4.0,4.0,1.0,1.0,57.0,34.0,3402.0,2.0,2.0,Taraba,4,3,0,0,0,0.0,0.75,4,0,0,0,0,42,2,4.0,1300.0,7,0,0.0
349028,12,0,0,12,12,0,0,0,0,0,0,0,10.0,10.0,1.0,1.0,51.0,34.0,3402.0,2.0,2.0,Taraba,15,2,0,0,0,0.0,0.13333333333333333,14,5,0,1,0,42,5,21.0,149700.0,7,0,0.0
349029,2,0,1,2,2,1,0,1,0,0,1,0,1.0,1.0,1.0,1.0,41.0,34.0,3402.0,2.0,2.0,Taraba,3,2,0,0,1,100000.0,0.6666666666666666,2,0,0,0,0,42,5,11.0,414000.0,7,0,0.0
349030,3,0,2,3,3,1,0,2,0,0,1,0,7.0,7.0,1.0,1.0,43.0,34.0,3402.0,2.0,2.0,Taraba,7,3,0,0,1,300000.0,0.42857142857142855,4,2,0,1,0,42,4,13.0,57200.0,7,0,0.0
349031,1,0,0,1,1,0,0,0,0,0,0,0,1.0,1.0,2.0,2.0,78.0,34.0,3402.0,2.0,2.0,Taraba,1,0,0,0,0,0.0,0.0,1,0,0,0,0,42,1,1.0,500.0,7,0,0.0
349032,6,1,1,6,6,1,1,0,0,1,0,0,10.0,10.0,1.0,1.0,55.0,34.0,3402.0,2.0,2.0,Taraba,10,8,0,0,1,280000.0,0.8,9,1,0,1,0,42,5,7.0,166200.0,7,1,15000.0
349034,7,4,0,7,7,1,1,1,1,1,1,1,8.0,8.0,1.0,1.0,49.0,34.0,3402.0,2.0,2.0,Taraba,7,7,0,0,1,200000.0,1.0,7,7,1,1,1,42,5,20.0,173500.0,7,0,0.0
349036,5,0,0,5,5,0,0,0,0,0,0,0,5.0,5.0,1.0,1.0,83.0,34.0,3402.0,2.0,2.0,Taraba,7,5,0,0,2,133000.0,0.7142857142857143,5,0,0,0,0,42,2,7.0,1300.0,7,0,0.0
349037,5,2,0,5,5,1,2,1,0,1,1,0,12.0,12.0,1.0,1.0,41.0,34.0,3406.0,2.0,2.0,Taraba,8,3,0,0,3,95000.0,0.375,5,5,0,1,0,42,8,13.0,209500.0,7,1,22000.0
349038,2,1,0,2,2,1,2,2,0,1,1,0,7.0,7.0,1.0,1.0,38.0,34.0,3406.0,2.0,2.0,Taraba,2,1,0,0,0,0.0,0.5,2,2,0,1,0,42,4,4.0,83200.0,7,0,0.0
349039,3,3,0,3,3,1,3,3,3,1,1,1,10.0,10.0,1.0,1.0,39.0,34.0,3406.0,2.0,2.0,Taraba,9,2,0,0,2,270000.0,0.2222222222222222,4,4,4,1,1,42,16,36.0,722000.0,7,1,200000.0
349040,3,2,1,3,3,1,1,0,2,1,0,1,7.0,7.0,1.0,1.0,56.0,34.0,3406.0,2.0,2.0,Taraba,7,0,0,0,1,18500.0,0.0,6,6,0,1,0,42,7,15.0,268500.0,7,0,0.0
349041,2,2,1,2,2,1,1,1,1,1,1,1,6.0,6.0,1.0,1.0,39.0,34.0,3406.0,2.0,2.0,Taraba,5,1,1,0,2,2800.0,0.2,3,3,0,1,0,42,7,11.0,118000.0,7,0,0.0
349044,1,0,0,1,1,0,1,1,0,1,1,0,1.0,1.0,1.0,1.0,27.0,34.0,3406.0,2.0,2.0,Taraba,1,1,0,0,1,65000.0,1.0,1,1,0,1,0,42,8,11.0,149500.0,7,0,0.0
349045,4,3,0,4,4,1,4,0,1,1,0,1,7.0,7.0,2.0,2.0,51.0,34.0,3406.0,2.0,2.0,Taraba,6,4,0,0,4,90000.0,0.6666666666666666,4,3,0,1,0,42,6,14.0,362700.0,7,0,0.0
349046,6,5,1,6,6,1,6,4,1,1,1,1,13.0,13.0,702.0,1.0,38.0,34.0,3406.0,2.0,2.0,Taraba,11,4,0,0,4,455000.0,0.36363636363636365,7,6,2,1,1,42,13,39.0,343000.0,7,0,0.0
349047,2,1,2,2,2,1,1,1,1,1,1,1,5.0,5.0,1.0,1.0,45.0,34.0,3406.0,2.0,2.0,Taraba,4,2,0,0,2,49000.0,0.5,3,2,0,1,0,42,14,22.0,452500.0,7,0,0.0
349050,6,0,0,6,6,0,0,0,1,0,0,1,12.0,12.0,1.0,1.0,45.0,34.0,3407.0,2.0,1.0,Taraba,11,6,0,0,6,43000.0,0.5454545454545454,8,1,0,1,0,42,3,9.0,20500.0,7,0,0.0
349051,5,2,2,5,5,1,0,0,0,0,0,0,3.0,3.0,2.0,2.0,75.0,34.0,3407.0,2.0,1.0,Taraba,9,7,0,0,4,131000.0,0.7777777777777778,8,2,0,1,0,42,4,18.0,11500.0,7,0,0.0
349052,2,0,0,2,2,0,0,0,0,0,0,0,1.0,1.0,1.0,1.0,29.0,34.0,3407.0,2.0,1.0,Taraba,2,2,0,0,1,5000.0,1.0,2,1,0,1,0,42,3,9.0,7300.0,7,0,0.0
349053,2,0,0,2,2,0,0,0,0,0,0,0,6.0,6.0,1.0,2.0,83.0,34.0,3407.0,2.0,1.0,Taraba,6,4,0,0,1,1000.0,0.6666666666666666,4,1,0,1,0,42,3,4.0,10000.0,7,0,0.0
349054,2,0,1,2,2,1,0,0,0,0,0,0,,,,,,,,,,,3,3,0,0,2,270000.0,1.0,3,0,0,0,0,42,2,5.0,1500.0,7,0,0.0
349055,4,0,0,4,4,0,0,2,0,0,1,0,9.0,9.0,1.0,1.0,54.0,34.0,3407.0,2.0,1.0,Taraba,9,0,0,0,0,0.0,0.0,7,1,0,1,0,42,2,3.0,10700.0,7,0,0.0
349056,6,0,0,6,6,0,0,0,0,0,0,0,9.0,9.0,1.0,1.0,59.0,34.0,3407.0,2.0,1.0,Taraba,12,7,0,0,2,60000.0,0.5833333333333334,11,2,0,1,0,42,2,4.0,13000.0,7,0,0.0
349057,2,1,1,2,2,1,1,1,1,1,1,1,5.0,5.0,1.0,1.0,49.0,34.0,3407.0,2.0,1.0,Taraba,5,4,0,0,2,2000.0,0.8,5,1,0,1,0,42,5,11.0,208000.0,7,2,20000.0
349059,2,0,0,2,2,0,0,0,0,0,0,0,4.0,4.0,1.0,1.0,39.0,34.0,3407.0,2.0,1.0,Taraba,4,1,0,0,0,0.0,0.25,3,2,0,1,0,42,1,3.0,2000.0,7,0,0.0
349060,5,0,0,5,5,0,0,1,0,0,1,0,6.0,6.0,1.0,1.0,35.0,34.0,3407.0,2.0,1.0,Taraba,8,4,0,0,0,0.0,0.5,6,1,0,1,0,42,4,6.0,26000.0,7,0,0.0
349061,6,3,3,6,6,1,3,3,3,1,1,1,6.0,6.0,1.0,1.0,52.0,34.0,3409.0,2.0,2.0,Taraba,6,6,0,0,1,5000.0,1.0,6,4,1,1,1,42,5,12.0,84500.0,7,0,0.0
349062,3,0,0,3,3,0,0,0,0,0,0,0,3.0,3.0,1.0,2.0,52.0,34.0,3409.0,2.0,2.0,Taraba,3,3,0,0,0,0.0,1.0,3,3,0,1,0,42,1,2.0,200.0,7,0,0.0
349063,3,0,0,3,3,0,0,0,0,0,0,0,3.0,3.0,1.0,1.0,55.0,34.0,3409.0,2.0,2.0,Taraba,3,3,0,0,1,1500.0,1.0,3,0,0,0,0,42,1,2.0,800.0,7,1,3000.0
349064,3,1,2,3,3,1,1,0,1,1,0,1,3.0,3.0,1.0,1.0,35.0,34.0,3409.0,2.0,2.0,Taraba,3,1,0,0,0,0.0,0.3333333333333333,3,3,0,1,0,42,4,4.0,30500.0,7,0,0.0
349066,2,0,0,2,2,0,0,0,0,0,0,0,4.0,4.0,1.0,1.0,31.0,34.0,3409.0,2.0,2.0,Taraba,4,2,0,0,0,0.0,0.5,3,3,0,1,0,42,2,3.0,4500.0,7,0,0.0
349067,4,1,1,4,4,1,0,1,0,0,1,0,7.0,7.0,1.0,1.0,40.0,34.0,3409.0,2.0,2.0,Taraba,7,5,0,0,0,0.0,0.7142857142857143,5,1,0,1,0,42,4,11.0,42000.0,7,0,0.0
349068,4,0,0,4,4,0,0,0,0,0,0,0,6.0,6.0,1.0,1.0,29.0,34.0,3409.0,2.0,2.0,Taraba,6,3,0,0,0,0.0,0.5,5,5,0,1,0,42,5,12.0,63000.0,7,0,0.0
349069,1,0,0,1,1,0,1,0,0,1,0,0,1.0,1.0,1.0,2.0,25.0,34.0,3409.0,2.0,2.0,Taraba,1,1,0,0,1,120000.0,1.0,1,0,0,0,0,42,3,3.0,21500.0,7,1,12000.0
349071,4,0,2,4,4,1,1,1,1,1,1,1,8.0,8.0,1.0,1.0,38.0,34.0,3409.0,2.0,2.0,Taraba,8,6,0,0,0,0.0,0.75,6,1,0,1,0,42,4,7.0,48000.0,7,0,0.0
349072,3,1,0,3,3,1,1,0,1,1,0,1,3.0,3.0,1.0,1.0,29.0,34.0,3409.0,2.0,2.0,Taraba,3,3,0,0,1,200000.0,1.0,3,1,0,1,0,42,2,5.0,3600.0,7,0,0.0
349073,4,0,2,4,4,1,0,0,0,0,0,0,8.0,8.0,1.0,1.0,62.0,34.0,3411.0,2.0,2.0,Taraba,8,8,0,0,0,0.0,1.0,8,8,0,1,0,42,4,7.0,33700.0,7,0,0.0
349075,7,3,0,7,7,1,3,3,3,1,1,1,10.0,10.0,1.0,1.0,50.0,34.0,3411.0,2.0,2.0,Taraba,11,9,0,0,1,45200.0,0.8181818181818182,9,9,1,1,1,42,16,46.0,282300.0,7,0,0.0
349076,4,0,0,4,4,0,1,0,0,1,0,0,13.0,13.0,2.0,2.0,39.0,34.0,3411.0,2.0,2.0,Taraba,10,4,0,0,4,17500.0,0.4,8,6,0,1,0,42,5,16.0,32300.0,7,0,0.0
349077,7,1,0,7,7,1,5,0,4,1,0,1,12.0,12.0,1.0,1.0,57.0,34.0,3411.0,2.0,2.0,Taraba,12,4,0,0,1,35000.0,0.3333333333333333,9,4,0,1,0,42,2,14.0,7500.0,7,0,0.0
349078,1,0,0,1,1,0,0,0,0,0,0,0,6.0,6.0,1.0,1.0,52.0,34.0,3411.0,2.0,2.0,Taraba,5,0,1,0,1,37000.0,0.0,4,2,0,1,0,42,4,8.0,26000.0,7,0,0.0
349080,2,1,1,2,2,1,2,0,1,1,0,1,5.0,5.0,1.0,1.0,38.0,34.0,3411.0,2.0,2.0,Taraba,3,2,0,0,2,20000.0,0.6666666666666666,2,2,0,1,0,42,7,16.0,201800.0,7,0,0.0
349081,2,0,0,2,2,0,1,1,1,1,1,1,5.0,5.0,1.0,1.0,37.0,34.0,3411.0,2.0,2.0,Taraba,5,1,0,0,2,65000.0,0.2,4,2,0,1,0,42,8,16.0,132700.0,7,0,0.0
349083,4,3,3,4,4,1,3,3,3,1,1,1,7.0,7.0,1.0,1.0,53.0,34.0,3411.0,2.0,2.0,Taraba,7,0,1,0,1,90000.0,0.0,5,3,1,1,1,42,13,25.0,205000.0,7,0,0.0
349084,2,0,0,2,2,0,1,0,0,1,0,0,4.0,4.0,1.0,1.0,30.0,34.0,3411.0,2.0,2.0,Taraba,3,1,0,0,1,6000.0,0.3333333333333333,2,2,0,1,0,42,5,8.0,119500.0,7,0,0.0
349085,5,1,1,5,5,1,1,0,0,1,0,0,7.0,7.0,1.0,1.0,77.0,34.0,3416.0,2.0,2.0,Taraba,7,7,0,0,2,200000.0,1.0,6,0,0,0,0,42,3,5.0,5000.0,7,1,3000.0
349086,3,0,0,3,3,0,0,0,0,0,0,0,,,,,,,,,,,6,2,1,0,2,7000.0,0.3333333333333333,4,0,0,0,0,42,1,1.0,2000.0,7,0,0.0
349087,8,1,0,8,8,1,0,0,0,0,0,0,7.0,7.0,1.0,1.0,38.0,34.0,3416.0,2.0,2.0,Taraba,9,4,0,0,3,150000.0,0.4444444444444444,8,1,0,1,0,42,4,9.0,39000.0,7,1,4500.0
349088,6,0,1,6,6,1,1,0,0,1,0,0,6.0,6.0,1.0,1.0,47.0,34.0,3416.0,2.0,2.0,Taraba,6,6,0,0,2,61000.0,1.0,6,2,0,1,0,42,4,6.0,204500.0,7,0,0.0
349089,2,0,0,2,2,0,0,2,0,0,1,0,4.0,4.0,1.0,1.0,44.0,34.0,3416.0,2.0,2.0,Taraba,4,1,1,0,1,25000.0,0.25,2,2,0,1,0,42,3,3.0,6500.0,7,0,0.0
349090,5,0,1,5,5,1,0,0,0,0,0,0,5.0,5.0,1.0,1.0,58.0,34.0,3416.0,2.0,2.0,Taraba,5,4,0,0,5,180000.0,0.8,5,0,0,0,0,42,5,11.0,409700.0,7,0,0.0
349091,6,0,2,6,6,1,0,4,0,0,1,0,,,,,,,,,,,7,5,0,0,2,55000.0,0.7142857142857143,7,2,0,1,0,42,5,10.0,29500.0,7,0,0.0
349092,2,0,0,2,2,0,0,0,0,0,0,0,3.0,3.0,1.0,1.0,45.0,34.0,3416.0,2.0,2.0,Taraba,3,2,0,0,0,0.0,0.6666666666666666,3,2,0,1,0,42,2,4.0,2000.0,7,0,0.0
349093,3,1,0,3,3,1,1,0,1,1,0,1,2.0,2.0,1.0,1.0,62.0,34.0,3416.0,2.0,2.0,Taraba,3,3,0,0,1,150000.0,1.0,3,1,0,1,0,42,4,8.0,10000.0,7,1,2000.0
349095,1,0,1,1,1,1,0,0,0,0,0,0,1.0,1.0,1.0,2.0,64.0,34.0,3416.0,2.0,2.0,Taraba,1,0,0,0,0,0.0,0.0,1,1,0,1,0,42,1,1.0,15000.0,7,0,0.0
349109,5,0,5,5,5,1,0,0,0,0,0,0,11.0,11.0,2.0,2.0,45.0,34.0,3411.0,2.0,2.0,Taraba,10,3,0,0,1,5000.0,0.3,7,4,0,1,0,42,9,23.0,112000.0,7,0,0.0
350061,6,0,0,6,6,0,0,0,0,0,0,0,8.0,8.0,1.0,1.0,45.0,35.0,3513.0,2.0,2.0,Yobe,8,5,0,0,0,0.0,0.625,8,5,0,1,0,42,3,10.0,41500.0,7,0,0.0
350062,5,0,0,5,5,0,0,0,5,0,0,1,6.0,6.0,1.0,1.0,57.0,35.0,3513.0,2.0,2.0,Yobe,6,4,0,0,0,0.0,0.6666666666666666,5,5,0,1,0,42,3,11.0,49700.0,7,0,0.0
350063,3,0,0,3,3,0,0,0,0,0,0,0,3.0,3.0,2.0,2.0,80.0,35.0,3513.0,2.0,2.0,Yobe,4,3,0,0,2,9000.0,0.75,4,0,0,0,0,42,3,7.0,47500.0,7,0,0.0
350064,10,1,1,10,10,1,2,2,1,1,1,1,12.0,12.0,1.0,1.0,58.0,35.0,3513.0,2.0,2.0,Yobe,12,11,0,0,2,52000.0,0.9166666666666666,12,10,1,1,1,42,5,22.0,80200.0,7,1,15000.0
350065,4,0,0,4,4,0,0,0,0,0,0,0,8.0,8.0,1.0,1.0,59.0,35.0,3513.0,2.0,2.0,Yobe,8,1,0,0,0,0.0,0.125,7,0,0,0,0,42,3,7.0,41000.0,7,0,0.0
350066,6,0,0,6,6,0,0,0,6,0,0,1,7.0,7.0,1.0,1.0,66.0,35.0,3513.0,2.0,2.0,Yobe,7,4,0,0,4,35000.0,0.5714285714285714,6,6,0,1,0,42,3,8.0,39500.0,7,0,0.0
350067,8,1,1,8,8,1,1,1,8,1,1,1,12.0,12.0,1.0,1.0,55.0,35.0,3513.0,2.0,2.0,Yobe,12,6,0,0,0,0.0,0.5,9,9,2,1,1,42,6,20.0,89600.0,7,0,0.0
350068,6,0,0,6,6,0,0,3,0,0,1,0,10.0,10.0,1.0,1.0,41.0,35.0,3513.0,2.0,2.0,Yobe,10,7,0,0,0,0.0,0.7,8,5,0,1,0,42,3,12.0,118600.0,7,0,0.0
350069,7,0,0,7,7,0,0,1,0,0,1,0,9.0,9.0,1.0,1.0,62.0,35.0,3513.0,2.0,2.0,Yobe,9,7,0,0,0,0.0,0.7777777777777778,8,0,0,0,0,42,3,11.0,34200.0,7,0,0.0
350070,6,0,0,6,6,0,1,1,6,1,1,1,11.0,11.0,1.0,1.0,50.0,35.0,3513.0,2.0,2.0,Yobe,11,8,0,0,0,0.0,0.7272727272727273,9,9,3,1,1,42,7,20.0,142700.0,7,0,0.0
359002,2,0,0,2,2,0,0,0,2,0,0,1,5.0,5.0,1.0,1.0,39.0,35.0,3505.0,2.0,2.0,Yobe,5,1,0,0,1,18000.0,0.2,5,1,0,1,0,42,3,5.0,33600.0,7,0,0.0
359003,8,0,0,8,8,0,0,0,0,0,0,0,11.0,11.0,3.0,1.0,25.0,35.0,3505.0,2.0,2.0,Yobe,11,8,0,0,2,12000.0,0.7272727272727273,10,5,0,1,0,42,6,15.0,242500.0,7,0,0.0
359004,7,0,0,7,7,0,0,0,0,0,0,0,12.0,12.0,1.0,1.0,46.0,35.0,3505.0,2.0,2.0,Yobe,12,9,0,0,5,40000.0,0.75,11,7,0,1,0,42,4,14.0,51200.0,7,0,0.0
359005,2,0,0,2,2,0,0,0,0,0,0,0,3.0,3.0,1.0,1.0,38.0,35.0,3505.0,2.0,2.0,Yobe,4,2,0,0,1,3000.0,0.5,2,2,0,1,0,42,4,7.0,76000.0,7,0,0.0
359006,2,0,0,2,2,0,0,1,2,0,1,1,2.0,2.0,1.0,1.0,46.0,35.0,3505.0,2.0,2.0,Yobe,2,1,0,0,0,0.0,0.5,2,1,0,1,0,42,3,5.0,26200.0,7,0,0.0
359007,2,0,0,2,2,0,1,1,2,1,1,1,2.0,2.0,1.0,1.0,32.0,35.0,3505.0,2.0,2.0,Yobe,2,1,0,0,0,0.0,0.5,2,1,1,1,1,42,4,8.0,44500.0,7,0,0.0
359008,2,0,0,2,2,0,0,0,0,0,0,0,1.0,1.0,1.0,1.0,30.0,35.0,3505.0,2.0,2.0,Yobe,2,1,0,0,0,0.0,0.5,2,2,0,1,0,42,3,4.0,83500.0,7,0,0.0
359009,9,0,0,9,9,0,0,0,9,0,0,1,9.0,9.0,1.0,1.0,64.0,35.0,3505.0,2.0,2.0,Yobe,9,8,0,0,1,20000.0,0.8888888888888888,9,9,0,1,0,42,3,12.0,56400.0,7,0,0.0
359010,7,0,0,7,7,0,0,0,0,0,0,0,9.0,9.0,1.0,1.0,40.0,35.0,3505.0,2.0,2.0,Yobe,9,5,0,0,3,21000.0,0.5555555555555556,8,6,0,1,0,42,5,22.0,48500.0,7,0,0.0
359011,3,0,0,3,3,0,1,1,3,1,1,1,9.0,9.0,1.0,1.0,41.0,35.0,3505.0,2.0,2.0,Yobe,9,2,0,0,1,25000.0,0.2222222222222222,6,6,1,1,1,42,4,8.0,123500.0,7,0,0.0
359013,3,0,0,3,3,0,0,0,0,0,0,0,4.0,4.0,1.0,1.0,68.0,35.0,3506.0,2.0,2.0,Yobe,4,2,0,0,1,2500.0,0.5,4,2,0,1,0,42,1,4.0,1800.0,7,0,0.0
359014,2,0,0,2,2,0,0,0,0,0,0,0,7.0,7.0,1.0,1.0,61.0,35.0,3506.0,2.0,2.0,Yobe,4,2,0,0,2,91000.0,0.5,3,2,0,1,0,42,4,6.0,31000.0,7,0,0.0
359015,4,0,0,4,4,0,0,0,4,0,0,1,4.0,4.0,1.0,1.0,73.0,35.0,3506.0,2.0,2.0,Yobe,4,1,0,0,1,4000.0,0.25,4,3,0,1,0,42,1,6.0,1500.0,7,0,0.0
359016,4,1,1,4,4,1,0,0,4,0,0,1,7.0,7.0,1.0,1.0,51.0,35.0,3506.0,2.0,2.0,Yobe,7,1,0,0,1,25000.0,0.14285714285714285,6,2,0,1,0,42,2,5.0,24000.0,7,0,0.0
359017,1,0,0,1,1,0,0,0,0,0,0,0,1.0,1.0,1.0,1.0,70.0,35.0,3506.0,2.0,2.0,Yobe,1,0,0,0,0,0.0,0.0,1,0,0,0,0,42,1,1.0,500.0,7,0,0.0
359018,4,0,0,4,4,0,1,1,0,1,1,0,6.0,6.0,1.0,1.0,32.0,35.0,3506.0,2.0,2.0,Yobe,6,1,0,0,1,15000.0,0.16666666666666666,5,1,0,1,0,42,4,7.0,42200.0,7,0,0.0
359019,2,0,0,2,2,0,0,0,0,0,0,0,4.0,4.0,1.0,1.0,38.0,35.0,3506.0,2.0,2.0,Yobe,4,2,0,0,2,3500.0,0.5,3,0,0,0,0,42,2,4.0,11200.0,7,0,0.0
359020,7,0,0,7,7,0,0,0,7,0,0,1,7.0,7.0,1.0,1.0,54.0,35.0,3506.0,2.0,2.0,Yobe,7,5,0,0,0,0.0,0.7142857142857143,7,3,0,1,0,42,1,5.0,1600.0,7,0,0.0
359021,8,0,0,8,8,0,0,0,8,0,0,1,14.0,14.0,1.0,1.0,70.0,35.0,3506.0,2.0,2.0,Yobe,14,6,0,0,0,0.0,0.42857142857142855,12,12,0,1,0,42,4,15.0,54300.0,7,0,0.0
359023,4,1,1,4,4,1,0,0,4,0,0,1,4.0,4.0,1.0,1.0,79.0,35.0,3506.0,2.0,2.0,Yobe,4,4,0,0,0,0.0,1.0,4,4,0,1,0,42,3,8.0,26200.0,7,0,0.0
359025,6,0,0,6,6,0,3,3,2,1,1,1,13.0,13.0,2.0,2.0,55.0,35.0,3507.0,2.0,2.0,Yobe,13,2,0,0,2,78000.0,0.15384615384615385,10,10,1,1,1,42,11,42.0,353500.0,7,1,95000.0
359027,4,2,2,4,4,1,2,2,4,1,1,1,8.0,8.0,1.0,1.0,52.0,35.0,3507.0,2.0,2.0,Yobe,8,1,0,0,0,0.0,0.125,6,6,3,1,1,42,6,17.0,102000.0,7,0,0.0
359028,6,0,0,6,6,0,0,3,6,0,1,1,13.0,13.0,1.0,1.0,54.0,35.0,3507.0,2.0,2.0,Yobe,13,1,0,0,1,5000.0,0.07692307692307693,7,0,1,0,1,42,3,9.0,23700.0,7,0,0.0
359029,4,1,0,4,4,1,1,2,1,1,1,1,9.0,9.0,1.0,1.0,41.0,35.0,3507.0,2.0,2.0,Yobe,9,1,0,0,1,10000.0,0.1111111111111111,6,6,3,1,1,42,10,18.0,236500.0,7,0,0.0
359030,9,0,0,9,9,0,2,3,1,1,1,1,10.0,10.0,1.0,2.0,56.0,35.0,3507.0,2.0,2.0,Yobe,10,5,1,0,4,23500.0,0.5,10,8,0,1,0,42,6,23.0,86600.0,7,1,10000.0
359031,6,1,0,6,6,1,3,3,2,1,1,1,13.0,13.0,1.0,1.0,74.0,35.0,3507.0,2.0,2.0,Yobe,12,6,1,0,7,337000.0,0.5,9,7,2,1,1,42,6,23.0,91000.0,7,0,0.0
359032,8,0,0,8,8,0,0,0,0,0,0,0,11.0,11.0,1.0,2.0,68.0,35.0,3507.0,2.0,2.0,Yobe,11,0,0,0,0,0.0,0.0,9,3,2,1,1,42,3,6.0,52000.0,7,0,0.0
359033,5,0,0,5,5,0,1,0,0,1,0,0,13.0,13.0,1.0,1.0,50.0,35.0,3507.0,2.0,2.0,Yobe,10,4,0,0,3,10000.0,0.4,7,7,0,1,0,42,5,15.0,110500.0,7,0,0.0
359034,8,0,0,8,8,0,0,7,8,0,1,1,8.0,8.0,1.0,1.0,73.0,35.0,3507.0,2.0,2.0,Yobe,8,3,0,0,0,0.0,0.375,8,7,2,1,1,42,6,14.0,139600.0,7,0,0.0
359035,5,2,2,5,5,1,3,4,3,1,1,1,8.0,8.0,1.0,1.0,37.0,35.0,3507.0,2.0,2.0,Yobe,9,2,0,0,2,18000.0,0.2222222222222222,6,6,1,1,1,42,6,13.0,117500.0,7,0,0.0
359037,4,0,0,4,4,0,0,0,0,0,0,0,3.0,3.0,6.0,1.0,20.0,35.0,3510.0,2.0,2.0,Yobe,4,2,0,0,2,205000.0,0.5,4,2,0,1,0,42,3,7.0,36000.0,7,0,0.0
359038,5,0,0,5,5,0,0,0,0,0,0,0,5.0,5.0,1.0,1.0,48.0,35.0,3510.0,2.0,2.0,Yobe,5,3,0,0,2,105000.0,0.6,5,2,0,1,0,42,3,7.0,22500.0,7,0,0.0
359039,6,0,0,6,6,0,0,0,0,0,0,0,9.0,9.0,1.0,1.0,58.0,35.0,3510.0,2.0,2.0,Yobe,9,6,0,0,2,182000.0,0.6666666666666666,9,0,0,0,0,42,3,13.0,41800.0,7,0,0.0
359041,5,0,0,5,5,0,0,0,1,0,0,1,7.0,7.0,1.0,1.0,56.0,35.0,3510.0,2.0,2.0,Yobe,7,3,0,0,3,21000.0,0.42857142857142855,7,0,0,0,0,42,3,7.0,36500.0,7,0,0.0
359043,5,0,0,5,5,0,0,0,0,0,0,0,6.0,6.0,1.0,1.0,48.0,35.0,3510.0,2.0,2.0,Yobe,6,4,0,0,2,90000.0,0.6666666666666666,6,4,0,1,0,42,3,10.0,20600.0,7,0,0.0
359044,2,0,0,2,2,0,0,0,0,0,0,0,2.0,2.0,2.0,2.0,69.0,35.0,3510.0,2.0,2.0,Yobe,2,2,0,0,2,17000.0,1.0,2,0,0,0,0,42,2,5.0,23300.0,7,0,0.0
359045,4,0,0,4,4,0,0,0,0,0,0,0,4.0,4.0,1.0,1.0,69.0,35.0,3510.0,2.0,2.0,Yobe,4,3,0,0,3,15000.0,0.75,4,0,0,0,0,42,3,7.0,35300.0,7,0,0.0
359046,2,0,0,2,2,0,0,0,1,0,0,1,4.0,4.0,1.0,1.0,39.0,35.0,3510.0,2.0,2.0,Yobe,4,2,0,0,2,15000.0,0.5,3,0,0,0,0,42,3,6.0,26000.0,7,0,0.0
359047,6,0,0,6,6,0,0,0,0,0,0,0,10.0,10.0,1.0,1.0,53.0,35.0,3501.0,2.0,2.0,Yobe,10,6,0,0,6,33000.0,0.6,10,0,0,0,0,42,3,13.0,48100.0,7,0,0.0
359048,6,0,0,6,6,0,0,0,0,0,0,0,7.0,7.0,5.0,1.0,22.0,35.0,3510.0,2.0,2.0,Yobe,7,6,0,0,6,35000.0,0.8571428571428571,7,0,0,0,0,42,3,7.0,13000.0,7,0,0.0
359049,4,0,0,4,4,0,0,0,0,0,0,0,5.0,5.0,1.0,1.0,68.0,35.0,3512.0,2.0,2.0,Yobe,5,3,0,0,3,12000.0,0.6,5,4,0,1,0,42,4,6.0,74100.0,7,0,0.0
359051,8,0,0,8,8,0,2,0,1,1,0,1,16.0,16.0,1.0,1.0,50.0,35.0,3512.0,2.0,2.0,Yobe,15,6,0,0,6,90300.0,0.4,11,10,2,1,1,42,8,21.0,89700.0,7,0,0.0
359053,4,0,0,4,4,0,0,0,4,0,0,1,10.0,10.0,1.0,1.0,44.0,35.0,3512.0,2.0,2.0,Yobe,10,1,0,0,1,5000.0,0.1,7,7,0,1,0,42,5,11.0,101500.0,7,1,80000.0
359054,3,0,0,3,3,0,0,0,0,0,0,0,4.0,4.0,1.0,1.0,38.0,35.0,3512.0,2.0,2.0,Yobe,5,2,0,0,2,62800.0,0.4,4,3,0,1,0,42,6,10.0,146500.0,7,0,0.0
359055,3,0,0,3,3,0,0,0,2,0,0,1,6.0,6.0,1.0,1.0,44.0,35.0,3512.0,2.0,2.0,Yobe,6,1,0,0,0,0.0,0.16666666666666666,6,0,0,0,0,42,3,5.0,24000.0,7,0,0.0
359056,2,0,0,2,2,0,1,0,0,1,0,0,5.0,5.0,1.0,1.0,35.0,35.0,3512.0,2.0,2.0,Yobe,4,1,0,0,0,0.0,0.25,3,3,0,1,0,42,4,5.0,47000.0,7,0,0.0
359057,2,0,0,2,2,0,0,0,2,0,0,1,3.0,3.0,1.0,1.0,36.0,35.0,3512.0,2.0,2.0,Yobe,3,1,0,0,1,10000.0,0.3333333333333333,2,0,1,0,1,42,3,6.0,43200.0,7,0,0.0
359059,3,0,0,3,3,0,0,0,0,0,0,0,3.0,3.0,1.0,1.0,33.0,35.0,3512.0,2.0,2.0,Yobe,4,1,0,0,1,15000.0,0.25,3,3,0,1,0,42,7,11.0,90700.0,7,0,0.0
359060,3,0,0,3,3,0,0,0,3,0,0,1,6.0,6.0,1.0,1.0,42.0,35.0,3512.0,2.0,2.0,Yobe,6,2,0,0,2,15000.0,0.3333333333333333,5,4,0,1,0,42,5,14.0,53000.0,7,1,200000.0
359062,5,0,0,5,5,0,3,1,2,1,1,1,10.0,10.0,1.0,1.0,41.0,35.0,3514.0,2.0,1.0,Yobe,10,2,0,0,2,50000.0,0.2,6,6,3,1,1,42,8,15.0,200000.0,7,0,0.0
359063,2,1,1,2,2,1,0,0,0,0,0,0,6.0,6.0,1.0,1.0,41.0,35.0,3514.0,2.0,1.0,Yobe,5,2,0,0,2,22000.0,0.4,3,3,1,1,1,42,5,7.0,94400.0,7,0,0.0
359064,6,0,0,6,6,0,1,1,6,1,1,1,9.0,9.0,1.0,1.0,54.0,35.0,3514.0,2.0,1.0,Yobe,9,0,1,0,1,2000.0,0.0,9,9,2,1,1,42,5,10.0,62200.0,7,0,0.0
359065,2,2,2,2,2,1,2,2,2,1,1,1,6.0,6.0,1.0,2.0,42.0,35.0,3514.0,2.0,1.0,Yobe,5,1,0,0,1,12000.0,0.2,4,4,0,1,0,42,4,12.0,66000.0,7,0,0.0
359066,8,1,1,8,8,1,2,2,3,1,1,1,9.0,9.0,4.0,1.0,35.0,35.0,3514.0,2.0,1.0,Yobe,10,4,0,0,4,77500.0,0.4,10,10,6,1,1,42,7,17.0,324200.0,7,0,0.0
359067,14,2,2,14,14,1,3,1,2,1,1,1,22.0,22.0,1.0,1.0,73.0,35.0,3514.0,2.0,1.0,Yobe,22,5,0,0,5,86000.0,0.22727272727272727,19,15,7,1,1,42,13,34.0,218004.0,7,1,100000.0
359068,5,1,1,5,5,1,1,1,5,1,1,1,11.0,11.0,1.0,1.0,46.0,35.0,3514.0,2.0,1.0,Yobe,11,1,0,0,1,35000.0,0.09090909090909091,8,8,3,1,1,42,15,33.0,314000.0,7,0,0.0
359070,5,0,0,5,5,0,0,0,1,0,0,1,10.0,10.0,1.0,1.0,40.0,35.0,3514.0,2.0,1.0,Yobe,10,1,0,0,1,27000.0,0.1,9,2,1,1,1,42,2,6.0,21000.0,7,0,0.0
359071,4,1,0,4,4,1,1,1,4,1,1,1,10.0,10.0,1.0,1.0,52.0,35.0,3514.0,2.0,1.0,Yobe,10,1,0,0,1,120000.0,0.1,7,7,0,1,0,42,5,10.0,91700.0,7,0,0.0
359072,4,0,0,4,4,0,0,0,0,0,0,0,6.0,6.0,1.0,1.0,53.0,35.0,3514.0,2.0,1.0,Yobe,6,2,0,0,2,33500.0,0.3333333333333333,6,5,0,1,0,42,5,6.0,38600.0,7,0,0.0
360031,3,0,0,3,3,0,1,0,1,1,0,1,5.0,5.0,1.0,1.0,71.0,36.0,3608.0,3.0,2.0,Zamfara,5,1,1,0,3,7000.0,0.2,5,1,0,1,0,42,7,15.0,83500.0,7,0,0.0
360032,2,0,0,2,2,0,0,0,0,0,0,0,1.0,1.0,2.0,2.0,73.0,36.0,3608.0,3.0,2.0,Zamfara,2,2,0,0,2,70000.0,1.0,2,2,0,1,0,42,6,9.0,91400.0,7,1,15000.0
360033,4,0,2,4,4,1,0,0,0,0,0,0,13.0,13.0,1.0,1.0,58.0,36.0,3608.0,3.0,2.0,Zamfara,8,3,0,1,4,304500.0,0.375,6,3,0,1,0,42,6,19.0,135000.0,7,0,0.0
360034,6,0,0,6,6,0,0,1,0,0,1,0,7.0,7.0,1.0,1.0,49.0,36.0,3608.0,3.0,2.0,Zamfara,7,3,0,0,2,65000.0,0.42857142857142855,7,5,0,1,0,42,10,24.0,756700.0,7,2,25000.0
360035,4,2,3,4,4,1,0,0,2,0,0,1,6.0,6.0,1.0,1.0,62.0,36.0,3608.0,3.0,2.0,Zamfara,6,6,0,0,4,5800.0,1.0,6,4,0,1,0,42,9,25.0,70500.0,7,0,0.0
360036,5,0,0,5,5,0,1,0,0,1,0,0,8.0,8.0,1.0,1.0,58.0,36.0,3608.0,3.0,2.0,Zamfara,8,2,1,0,2,36500.0,0.25,6,6,0,1,0,42,10,20.0,674300.0,7,0,0.0
360037,3,0,0,3,3,0,0,0,1,0,0,1,7.0,7.0,1.0,1.0,47.0,36.0,3608.0,3.0,2.0,Zamfara,5,2,1,0,2,3500.0,0.4,3,3,0,1,0,42,8,25.0,75000.0,7,1,68000.0
360038,3,1,3,3,3,1,0,0,1,0,0,1,2.0,2.0,1.0,1.0,66.0,36.0,3608.0,3.0,2.0,Zamfara,4,4,0,0,1,800.0,1.0,4,4,0,1,0,42,9,18.0,91800.0,7,2,16500.0
360039,9,6,7,9,9,1,1,0,4,1,0,1,10.0,10.0,4.0,1.0,35.0,36.0,3608.0,3.0,2.0,Zamfara,11,9,0,0,7,12900.0,0.8181818181818182,9,9,1,1,1,42,13,46.0,471000.0,7,0,0.0
360040,5,1,1,5,5,1,1,1,0,1,1,0,5.0,5.0,1.0,1.0,85.0,36.0,3608.0,3.0,2.0,Zamfara,5,3,0,0,0,0.0,0.6,5,5,0,1,0,42,8,14.0,131000.0,7,1,40000.0
360041,4,0,0,4,4,0,0,0,0,0,0,0,9.0,9.0,1.0,1.0,46.0,20.0,2014.0,3.0,2.0,Katsina,8,3,0,0,3,25000.0,0.375,5,3,0,1,0,42,10,24.0,281000.0,7,0,0.0
360043,4,0,0,4,4,0,0,0,0,0,0,0,11.0,11.0,1.0,1.0,45.0,20.0,2014.0,3.0,2.0,Katsina,11,3,0,0,3,132500.0,0.2727272727272727,5,3,0,1,0,42,7,12.0,398500.0,7,0,0.0
360045,7,0,0,7,7,0,5,0,0,1,0,0,12.0,12.0,1.0,1.0,53.0,20.0,2014.0,3.0,2.0,Katsina,15,6,0,0,6,50500.0,0.4,9,2,0,1,0,42,10,27.0,247100.0,7,0,0.0
360046,5,1,4,5,5,1,0,0,1,0,0,1,5.0,5.0,1.0,1.0,64.0,36.0,3613.0,3.0,2.0,Zamfara,5,5,0,0,1,0.0,1.0,5,5,0,1,0,42,9,24.0,47800.0,7,0,0.0
360048,5,0,4,5,5,1,1,0,1,1,0,1,8.0,8.0,1.0,1.0,70.0,36.0,3613.0,3.0,2.0,Zamfara,8,3,0,1,2,1500.0,0.375,8,6,0,1,0,42,8,21.0,122000.0,7,0,0.0
360050,6,0,6,6,6,1,1,0,5,1,0,1,8.0,8.0,1.0,1.0,51.0,36.0,3613.0,3.0,2.0,Zamfara,8,5,0,0,1,1000.0,0.625,7,5,0,1,0,42,10,25.0,98500.0,7,0,0.0
360081,8,0,0,8,8,0,2,2,0,1,1,0,15.0,15.0,1.0,1.0,58.0,36.0,3606.0,3.0,2.0,Zamfara,15,6,0,0,4,55000.0,0.4,13,8,0,1,0,42,9,27.0,425500.0,7,2,50000.0
360082,3,0,2,3,3,1,0,0,0,0,0,0,3.0,3.0,1.0,1.0,62.0,36.0,3606.0,3.0,2.0,Zamfara,3,2,0,0,2,0.0,0.6666666666666666,3,1,0,1,0,42,6,11.0,18700.0,7,0,0.0
360083,4,2,4,4,4,1,0,0,1,0,0,1,6.0,6.0,2.0,1.0,52.0,36.0,3606.0,3.0,2.0,Zamfara,5,5,0,0,5,500.0,1.0,5,5,0,1,0,42,9,30.0,46600.0,7,0,0.0
360084,3,1,3,3,3,1,1,0,1,1,0,1,4.0,4.0,1.0,1.0,50.0,36.0,3606.0,3.0,2.0,Zamfara,4,3,0,0,3,700.0,0.75,3,3,0,1,0,42,10,22.0,39000.0,7,0,0.0
360085,2,0,2,2,2,1,0,0,0,0,0,0,2.0,2.0,1.0,1.0,70.0,36.0,3606.0,3.0,2.0,Zamfara,2,1,0,0,0,0.0,0.5,2,1,0,1,0,42,5,9.0,88000.0,7,0,0.0
360086,3,0,0,3,3,0,1,2,0,1,1,0,2.0,2.0,2.0,1.0,69.0,36.0,3606.0,3.0,2.0,Zamfara,3,3,0,0,1,45000.0,1.0,3,3,0,1,0,42,8,13.0,482500.0,7,1,12000.0
360087,4,0,0,4,4,0,0,1,0,0,1,0,5.0,5.0,2.0,2.0,67.0,36.0,3606.0,3.0,2.0,Zamfara,5,4,0,0,3,28000.0,0.8,5,5,0,1,0,42,9,15.0,196500.0,7,0,0.0
360088,3,0,3,3,3,1,0,0,3,0,0,1,3.0,3.0,1.0,1.0,57.0,36.0,3606.0,3.0,2.0,Zamfara,3,3,0,0,3,302000.0,1.0,3,3,0,1,0,42,7,15.0,62500.0,7,0,0.0
360089,3,0,2,3,3,1,0,0,1,0,0,1,3.0,3.0,1.0,1.0,60.0,36.0,3606.0,3.0,2.0,Zamfara,4,3,0,0,1,2000.0,0.75,4,2,0,1,0,42,7,17.0,54000.0,7,0,0.0
360090,3,0,2,3,3,1,0,0,0,0,0,0,4.0,4.0,1.0,1.0,58.0,36.0,3606.0,3.0,2.0,Zamfara,4,2,0,0,0,0.0,0.5,4,3,0,1,0,42,6,11.0,56200.0,7,0,0.0
369001,5,1,5,5,5,1,0,0,0,0,0,0,11.0,11.0,1.0,1.0,65.0,36.0,3608.0,3.0,2.0,Zamfara,11,10,0,0,2,413000.0,0.9090909090909091,7,5,2,1,1,42,10,42.0,206100.0,7,0,0.0
369002,2,1,1,2,2,1,1,1,1,1,1,1,2.0,2.0,1.0,1.0,46.0,36.0,3608.0,3.0,2.0,Zamfara,2,2,0,0,1,25000.0,1.0,2,2,2,1,1,42,9,13.0,510500.0,7,0,0.0
369003,4,0,1,4,4,1,0,0,0,0,0,0,6.0,6.0,1.0,1.0,53.0,36.0,3608.0,3.0,2.0,Zamfara,6,1,0,0,1,58000.0,0.16666666666666666,5,3,1,1,1,42,6,12.0,353500.0,7,0,0.0
369004,4,2,4,4,4,1,0,0,0,0,0,0,11.0,11.0,1.0,1.0,42.0,36.0,3608.0,3.0,2.0,Zamfara,11,7,0,0,3,0.0,0.6363636363636364,6,3,0,1,0,42,7,28.0,30300.0,7,0,0.0
369005,2,1,1,2,2,1,1,1,1,1,1,1,7.0,7.0,1.0,1.0,37.0,36.0,3608.0,3.0,2.0,Zamfara,6,2,0,0,1,45000.0,0.3333333333333333,3,3,1,1,1,42,8,13.0,186500.0,7,0,0.0
369006,9,2,3,9,9,1,2,1,0,1,1,0,12.0,12.0,1.0,1.0,57.0,36.0,3608.0,3.0,2.0,Zamfara,12,5,2,0,5,143000.0,0.4166666666666667,10,7,2,1,1,42,8,21.0,212200.0,7,0,0.0
369007,6,4,5,6,6,1,0,4,1,0,1,1,5.0,5.0,1.0,1.0,50.0,36.0,3608.0,3.0,2.0,Zamfara,6,6,0,0,0,0.0,1.0,6,2,0,1,0,42,6,18.0,109000.0,7,1,5000.0
369008,3,0,3,3,3,1,0,0,0,0,0,0,3.0,3.0,3.0,1.0,30.0,36.0,3608.0,3.0,2.0,Zamfara,5,2,2,0,3,91000.0,0.4,3,2,0,1,0,42,7,15.0,190000.0,7,0,0.0
369025,6,2,0,6,6,1,2,0,1,1,0,1,7.0,7.0,1.0,1.0,63.0,36.0,3611.0,3.0,1.0,Zamfara,7,3,0,0,1,45000.0,0.42857142857142855,7,5,0,1,0,42,8,16.0,298500.0,7,1,15000.0
369026,3,0,0,3,3,0,0,0,0,0,0,0,4.0,4.0,1.0,1.0,46.0,36.0,3611.0,3.0,1.0,Zamfara,4,3,0,0,2,50000.0,0.75,4,4,0,1,0,42,7,12.0,148500.0,7,0,0.0
369027,11,2,6,11,11,1,7,0,7,1,0,1,18.0,18.0,1.0,1.0,57.0,36.0,3611.0,3.0,1.0,Zamfara,16,2,2,0,3,79000.0,0.125,12,11,3,1,1,42,13,46.0,288000.0,7,0,0.0
369028,5,3,5,5,5,1,1,0,2,1,0,1,8.0,8.0,4.0,1.0,30.0,36.0,3611.0,3.0,1.0,Zamfara,8,3,0,0,3,2300.0,0.375,6,6,0,1,0,42,10,30.0,78500.0,7,1,28000.0
369030,3,2,3,3,3,1,1,0,1,1,0,1,6.0,6.0,1.0,1.0,43.0,36.0,3611.0,3.0,1.0,Zamfara,6,1,0,0,1,27000.0,0.16666666666666666,5,4,0,1,0,42,8,19.0,198500.0,7,0,0.0
369031,6,0,3,6,6,1,2,0,0,1,0,0,7.0,7.0,1.0,1.0,44.0,36.0,3611.0,3.0,1.0,Zamfara,7,4,0,0,3,17300.0,0.5714285714285714,6,5,3,1,1,42,8,22.0,106500.0,7,0,0.0
369032,5,1,1,5,5,1,3,0,1,1,0,1,7.0,7.0,1.0,1.0,45.0,36.0,3611.0,3.0,1.0,Zamfara,8,3,0,0,3,110000.0,0.375,7,7,0,1,0,42,11,24.0,679000.0,7,1,10000.0
369033,7,3,3,7,7,1,4,4,4,1,1,1,7.0,7.0,1.0,1.0,58.0,36.0,3611.0,3.0,1.0,Zamfara,7,1,0,0,1,120000.0,0.14285714285714285,7,7,6,1,1,42,18,43.0,2550500.0,7,1,250000.0
369035,6,3,6,6,6,1,3,0,5,1,0,1,8.0,8.0,1.0,2.0,47.0,36.0,3611.0,3.0,1.0,Zamfara,8,3,0,0,3,9500.0,0.375,7,7,3,1,1,42,15,43.0,451750.0,7,1,120000.0
369036,12,0,8,12,12,1,4,0,5,1,0,1,14.0,14.0,1.0,1.0,51.0,36.0,3611.0,3.0,1.0,Zamfara,16,0,3,0,3,51000.0,0.0,16,10,4,1,1,42,16,53.0,320500.0,7,0,0.0
369038,6,2,6,6,6,1,0,0,2,0,0,1,10.0,10.0,1.0,1.0,48.0,36.0,3613.0,3.0,2.0,Zamfara,11,9,0,0,8,3700.0,0.8181818181818182,8,8,0,1,0,42,11,50.0,223600.0,7,1,34000.0
369039,6,1,5,6,6,1,1,0,3,1,0,1,9.0,9.0,1.0,1.0,55.0,36.0,3613.0,3.0,2.0,Zamfara,9,8,0,0,7,3200.0,0.8888888888888888,8,5,0,1,0,42,11,39.0,121900.0,7,0,0.0
369040,2,0,2,2,2,1,1,0,2,1,0,1,8.0,8.0,1.0,1.0,42.0,36.0,3613.0,3.0,2.0,Zamfara,5,2,0,0,2,21500.0,0.4,3,3,0,1,0,42,10,20.0,122000.0,7,1,10000.0
369041,5,0,5,5,5,1,4,0,4,1,0,1,6.0,6.0,1.0,1.0,47.0,36.0,3613.0,3.0,2.0,Zamfara,7,5,0,0,5,106000.0,0.7142857142857143,7,5,1,1,1,42,12,20.0,216000.0,7,2,260000.0
369042,3,0,2,3,3,1,1,0,2,1,0,1,6.0,6.0,1.0,1.0,55.0,36.0,3613.0,3.0,2.0,Zamfara,5,3,0,1,4,47000.0,0.6,4,2,0,1,0,42,13,24.0,382500.0,7,0,0.0
369043,4,0,1,4,4,1,0,0,0,0,0,0,12.0,12.0,1.0,1.0,43.0,36.0,3613.0,3.0,2.0,Zamfara,11,1,0,0,1,68000.0,0.09090909090909091,5,5,0,1,0,42,8,16.0,374500.0,7,1,19000.0
369044,5,2,1,5,5,1,1,1,0,1,1,0,7.0,7.0,1.0,1.0,63.0,36.0,3613.0,3.0,2.0,Zamfara,8,5,0,0,3,6500.0,0.625,6,6,0,1,0,42,8,19.0,139300.0,7,0,0.0
369046,3,1,2,3,3,1,0,0,0,0,0,0,1.0,1.0,1.0,1.0,35.0,36.0,3613.0,3.0,2.0,Zamfara,3,2,0,0,2,115000.0,0.6666666666666666,3,3,0,1,0,42,8,19.0,182500.0,7,1,20000.0
369047,2,1,2,2,2,1,0,0,1,0,0,1,4.0,4.0,1.0,1.0,38.0,36.0,3613.0,3.0,2.0,Zamfara,4,4,0,0,2,600.0,1.0,3,2,0,1,0,42,10,18.0,113300.0,7,1,15000.0
369048,5,1,5,5,5,1,1,0,1,1,0,1,15.0,15.0,1.0,1.0,53.0,36.0,3613.0,3.0,2.0,Zamfara,13,7,0,0,4,5400.0,0.5384615384615384,10,6,0,1,0,42,10,44.0,87900.0,7,0,0.0
369049,5,0,1,5,5,1,1,0,0,1,0,0,11.0,11.0,1.0,1.0,50.0,36.0,3608.0,3.0,2.0,Zamfara,7,1,3,2,6,556500.0,0.14285714285714285,5,3,0,1,0,42,9,23.0,122500.0,7,0,0.0
369050,4,0,3,4,4,1,0,0,0,0,0,0,8.0,8.0,1.0,1.0,68.0,36.0,3608.0,3.0,2.0,Zamfara,8,6,0,0,4,113000.0,0.75,7,3,0,1,0,42,11,20.0,120000.0,7,0,0.0
370002,4,3,3,4,4,1,3,3,3,1,1,1,5.0,5.0,1.0,1.0,70.0,37.0,3706.0,1.0,1.0,FCT,5,2,0,0,2,180000.0,0.4,5,5,5,1,1,42,24,50.0,1915500.0,7,2,100000.0
370003,5,0,0,5,5,0,2,0,0,1,0,0,6.0,6.0,1.0,1.0,58.0,37.0,3706.0,1.0,1.0,FCT,7,1,0,0,1,120000.0,0.14285714285714285,5,4,3,1,1,42,16,23.0,1420000.0,7,2,125000.0
370004,5,5,3,5,5,1,5,5,3,1,1,1,10.0,10.0,1.0,1.0,49.0,37.0,3706.0,1.0,1.0,FCT,8,3,0,0,3,232000.0,0.375,6,6,5,1,1,42,15,29.0,3104500.0,7,0,0.0
370005,6,6,6,6,6,1,6,6,6,1,1,1,7.0,7.0,1.0,1.0,63.0,37.0,3706.0,1.0,1.0,FCT,7,1,0,0,1,75000.0,0.14285714285714285,7,7,6,1,1,42,19,38.0,257000.0,7,2,125000.0
370006,2,2,2,2,2,1,2,2,2,1,1,1,5.0,5.0,1.0,1.0,47.0,37.0,3706.0,1.0,1.0,FCT,5,1,0,0,1,200000.0,0.2,3,3,3,1,1,42,21,33.0,3964000.0,7,0,0.0
370007,4,3,3,4,4,1,3,3,2,1,1,1,5.0,5.0,2.0,2.0,51.0,37.0,3706.0,1.0,1.0,FCT,5,2,0,0,2,20000.0,0.4,5,5,4,1,1,42,16,22.0,251500.0,7,2,50000.0
370008,6,0,0,6,6,0,5,0,0,1,0,0,7.0,7.0,1.0,1.0,55.0,37.0,3706.0,1.0,1.0,FCT,7,2,0,0,2,255000.0,0.2857142857142857,6,3,2,1,1,42,15,24.0,293000.0,7,1,80000.0
370009,4,4,4,4,4,1,4,4,4,1,1,1,4.0,4.0,6.0,1.0,62.0,37.0,3706.0,1.0,1.0,FCT,4,2,0,0,2,405000.0,0.5,4,4,4,1,1,42,19,31.0,1593500.0,7,1,50000.0
370010,2,0,0,2,2,0,2,0,0,1,0,0,6.0,6.0,1.0,1.0,50.0,25.0,2504.0,1.0,1.0,Nasarawa,6,2,0,0,2,135000.0,0.3333333333333333,5,2,2,1,1,42,11,19.0,254000.0,7,0,0.0
370011,2,2,2,2,2,1,2,2,1,1,1,1,5.0,5.0,1.0,1.0,41.0,37.0,3706.0,1.0,1.0,FCT,4,2,0,0,2,220000.0,0.5,3,3,1,1,1,42,10,10.0,162500.0,7,1,10000.0
370012,7,5,5,7,7,1,5,5,4,1,1,1,8.0,8.0,1.0,1.0,51.0,37.0,3706.0,1.0,1.0,FCT,8,5,0,0,5,156500.0,0.625,7,7,2,1,1,42,15,31.0,140500.0,7,1,25000.0
370013,4,4,2,4,4,1,4,4,2,1,1,1,6.0,6.0,1.0,1.0,33.0,37.0,3706.0,1.0,1.0,FCT,4,3,0,0,3,55000.0,0.75,4,4,3,1,1,42,15,24.0,574500.0,7,0,0.0
370014,4,2,0,4,4,1,2,2,1,1,1,1,1.0,1.0,1.0,2.0,43.0,37.0,3706.0,1.0,1.0,FCT,6,1,0,0,1,80000.0,0.16666666666666666,6,2,2,1,1,42,8,12.0,183500.0,7,0,0.0
370015,8,2,3,8,8,1,7,7,5,1,1,1,7.0,7.0,10.0,1.0,72.0,26.0,2624.0,1.0,1.0,Niger,8,1,1,0,2,245000.0,0.125,8,8,8,1,1,42,18,46.0,1569000.0,7,0,0.0
370017,5,4,1,5,5,1,4,3,1,1,1,1,6.0,6.0,1.0,1.0,64.0,37.0,3706.0,1.0,1.0,FCT,6,3,0,0,3,50000.0,0.5,6,4,2,1,1,42,12,18.0,327000.0,7,0,0.0
370018,3,1,1,3,3,1,1,1,0,1,1,0,4.0,4.0,9.0,2.0,32.0,37.0,3706.0,1.0,1.0,FCT,4,1,0,0,1,2000.0,0.25,4,4,2,1,1,42,11,14.0,129000.0,7,2,37000.0
370019,13,0,0,13,13,0,4,0,1,1,0,1,22.0,22.0,1.0,1.0,78.0,37.0,3706.0,1.0,1.0,FCT,20,0,1,1,2,30000.0,0.0,18,13,3,1,1,42,5,17.0,18800.0,7,0,0.0
370020,3,0,0,3,3,0,0,0,0,0,0,0,5.0,5.0,1.0,1.0,39.0,37.0,3706.0,1.0,1.0,FCT,8,1,0,0,1,5000.0,0.125,5,0,0,0,0,42,2,4.0,2700.0,7,0,0.0
370021,3,1,0,3,3,1,3,3,0,1,1,0,3.0,3.0,1.0,2.0,58.0,30.0,3006.0,6.0,1.0,Oyo,3,2,0,0,2,76000.0,0.6666666666666666,3,3,3,1,1,42,10,13.0,55300.0,7,0,0.0
370023,2,1,1,2,2,1,1,1,1,1,1,1,2.0,2.0,2.0,2.0,54.0,37.0,3702.0,1.0,1.0,FCT,2,1,0,0,1,100000.0,0.5,2,2,2,1,1,42,19,27.0,418500.0,7,1,45000.0
370024,3,0,0,3,3,0,3,2,1,1,1,1,3.0,3.0,1.0,1.0,63.0,24.0,2403.0,6.0,1.0,Lagos,3,0,0,0,0,0.0,0.0,3,3,2,1,1,42,19,33.0,413500.0,7,0,0.0
370025,3,2,0,3,3,1,2,2,1,1,1,1,4.0,4.0,1.0,1.0,50.0,37.0,3706.0,1.0,1.0,FCT,4,2,0,0,2,230000.0,0.5,4,3,3,1,1,42,11,20.0,594000.0,7,0,0.0
370026,2,1,0,2,2,1,2,2,1,1,1,1,2.0,2.0,2.0,2.0,61.0,37.0,3702.0,1.0,1.0,FCT,2,0,2,0,2,40000.0,0.0,2,2,1,1,1,42,9,13.0,48500.0,7,1,30000.0
370027,3,3,3,3,3,1,3,3,3,1,1,1,4.0,4.0,1.0,1.0,42.0,37.0,3702.0,1.0,1.0,FCT,4,1,0,0,1,75000.0,0.25,3,2,2,1,1,42,16,23.0,574000.0,7,2,90000.0
370028,1,1,1,1,1,1,1,1,1,1,1,1,1.0,1.0,1.0,1.0,62.0,37.0,3702.0,1.0,1.0,FCT,1,0,0,0,0,0.0,0.0,1,1,1,1,1,42,17,26.0,1599000.0,7,2,105000.0
370030,6,2,5,6,6,1,5,5,5,1,1,1,7.0,7.0,1.0,1.0,53.0,37.0,3702.0,1.0,1.0,FCT,7,2,0,0,2,125000.0,0.2857142857142857,7,7,7,1,1,42,15,26.0,1071000.0,7,2,72000.0
379003,2,2,0,2,2,1,1,0,1,1,0,1,7.0,7.0,1.0,1.0,39.0,37.0,3701.0,1.0,1.0,FCT,5,0,0,0,0,0.0,0.0,2,2,1,1,1,42,10,14.0,202500.0,7,0,0.0
379005,7,6,0,7,7,1,7,7,0,1,1,0,7.0,7.0,1.0,1.0,64.0,37.0,3701.0,1.0,1.0,FCT,7,4,0,0,4,202000.0,0.5714285714285714,7,7,5,1,1,42,10,31.0,376500.0,7,0,0.0
379006,2,1,1,2,2,1,1,0,1,1,0,1,4.0,4.0,1.0,1.0,36.0,37.0,3701.0,1.0,1.0,FCT,4,2,0,0,2,22000.0,0.5,2,2,0,1,0,42,8,11.0,143000.0,7,0,0.0
379007,4,3,4,4,4,1,3,4,3,1,1,1,7.0,7.0,1.0,1.0,37.0,37.0,3701.0,1.0,1.0,FCT,5,5,0,0,4,97000.0,1.0,4,4,2,1,1,42,18,29.0,1550000.0,7,2,46000.0
379008,3,3,3,3,3,1,3,3,2,1,1,1,7.0,7.0,1.0,1.0,41.0,37.0,3701.0,1.0,1.0,FCT,7,0,0,0,0,0.0,0.0,5,5,3,1,1,42,11,16.0,229700.0,7,1,3000.0
379009,2,2,0,2,2,1,2,1,1,1,1,1,6.0,6.0,1.0,1.0,39.0,37.0,3701.0,1.0,1.0,FCT,3,2,0,0,2,200000.0,0.6666666666666666,2,2,2,1,1,42,10,13.0,531000.0,7,0,0.0
379010,4,0,0,4,4,0,4,4,4,1,1,1,7.0,7.0,1.0,1.0,40.0,37.0,3701.0,1.0,1.0,FCT,7,3,0,0,3,161500.0,0.42857142857142855,5,5,5,1,1,42,25,73.0,3044006.0,7,3,125000.0
379011,2,2,2,2,2,1,2,2,2,1,1,1,6.0,6.0,1.0,1.0,39.0,37.0,3703.0,1.0,1.0,FCT,5,2,0,0,2,140000.0,0.4,2,2,2,1,1,42,22,38.0,2024500.0,7,3,160000.0
379012,2,2,2,2,2,1,2,2,1,1,1,1,2.0,2.0,1.0,1.0,45.0,37.0,3701.0,1.0,1.0,FCT,2,2,0,0,0,0.0,1.0,2,2,1,1,1,42,18,31.0,485100.0,7,1,700.0
379014,2,2,2,2,2,1,2,2,2,1,1,1,5.0,5.0,1.0,1.0,46.0,37.0,3702.0,1.0,1.0,FCT,4,2,0,0,2,85000.0,0.5,3,3,3,1,1,42,14,22.0,221300.0,7,1,40000.0
379015,2,2,2,2,2,1,2,2,2,1,1,1,4.0,4.0,1.0,1.0,43.0,37.0,3702.0,1.0,1.0,FCT,3,2,0,0,2,55000.0,0.6666666666666666,2,2,2,1,1,42,17,24.0,1271000.0,7,1,20000.0
379016,4,4,4,4,4,1,3,4,3,1,1,1,7.0,7.0,1.0,1.0,50.0,37.0,3702.0,1.0,1.0,FCT,6,3,0,0,3,185000.0,0.5,4,4,2,1,1,42,22,34.0,417000.0,7,2,170000.0
379019,2,2,1,2,2,1,2,2,2,1,1,1,4.0,4.0,1.0,1.0,38.0,37.0,3702.0,1.0,1.0,FCT,4,2,0,0,2,900000.0,0.5,3,3,3,1,1,42,14,20.0,542000.0,7,1,50000.0
379021,4,2,2,4,4,1,3,3,3,1,1,1,4.0,4.0,2.0,1.0,32.0,37.0,3702.0,1.0,1.0,FCT,4,3,0,0,3,40500.0,0.75,4,3,1,1,1,42,15,21.0,536000.0,7,1,25000.0
379022,2,2,2,2,2,1,2,2,2,1,1,1,6.0,6.0,1.0,1.0,44.0,37.0,3702.0,1.0,1.0,FCT,5,2,0,0,2,124500.0,0.4,3,3,2,1,1,42,18,28.0,390000.0,7,2,50000.0
379024,3,0,0,3,3,0,3,2,2,1,1,1,3.0,3.0,1.0,1.0,44.0,37.0,3702.0,1.0,1.0,FCT,3,1,0,0,1,70000.0,0.3333333333333333,3,3,2,1,1,42,8,10.0,62500.0,7,0,0.0
379037,1,1,1,1,1,1,1,1,0,1,1,0,1.0,1.0,1.0,1.0,34.0,37.0,3703.0,1.0,1.0,FCT,1,1,0,0,1,4000.0,1.0,1,1,1,1,1,42,4,5.0,7000.0,7,0,0.0
379039,3,0,0,3,3,0,0,0,0,0,0,0,7.0,7.0,2.0,2.0,39.0,37.0,3703.0,1.0,1.0,FCT,6,2,0,0,2,8000.0,0.3333333333333333,4,0,0,0,0,42,6,7.0,157000.0,7,0,0.0
379041,8,7,2,8,8,1,7,6,3,1,1,1,10.0,10.0,1.0,1.0,65.0,37.0,3703.0,1.0,1.0,FCT,9,6,2,0,8,104000.0,0.6666666666666666,9,8,4,1,1,42,9,27.0,356500.0,7,0,0.0
379043,4,0,0,4,4,0,0,0,0,0,0,0,10.0,10.0,1.0,1.0,41.0,37.0,3703.0,1.0,1.0,FCT,7,0,1,0,1,15000.0,0.0,6,3,0,1,0,42,3,8.0,5000.0,7,0,0.0
379044,11,11,11,11,11,1,9,9,9,1,1,1,11.0,11.0,1.0,1.0,59.0,37.0,3703.0,1.0,1.0,FCT,12,11,0,0,5,93500.0,0.9166666666666666,11,11,6,1,1,42,16,39.0,555500.0,7,2,40000.0
379045,3,3,3,3,3,1,3,3,3,1,1,1,7.0,7.0,1.0,1.0,33.0,37.0,3703.0,1.0,1.0,FCT,5,3,0,0,3,11000.0,0.6,3,3,3,1,1,42,22,39.0,789300.0,7,2,17000.0
379046,11,11,11,11,11,1,11,11,7,1,1,1,11.0,11.0,1.0,1.0,77.0,37.0,3703.0,1.0,1.0,FCT,12,9,0,0,2,120000.0,0.75,11,11,7,1,1,42,14,30.0,249600.0,7,1,40000.0
379047,4,1,2,4,4,1,1,0,0,1,0,0,10.0,10.0,1.0,1.0,53.0,37.0,3703.0,1.0,1.0,FCT,7,2,1,0,3,28000.0,0.2857142857142857,6,4,0,1,0,42,10,16.0,340500.0,7,0,0.0
379048,8,1,0,8,8,1,1,0,0,1,0,0,11.0,11.0,1.0,1.0,80.0,37.0,3703.0,1.0,1.0,FCT,11,4,0,0,4,31000.0,0.36363636363636365,11,3,0,1,0,42,6,9.0,85300.0,7,0,0.0
379049,8,1,0,8,8,1,4,2,0,1,1,0,10.0,10.0,1.0,1.0,56.0,37.0,3703.0,1.0,1.0,FCT,10,1,0,0,1,80000.0,0.1,10,6,4,1,1,42,11,16.0,220200.0,7,0,0.0
379050,2,2,2,2,2,1,2,2,2,1,1,1,4.0,4.0,1.0,1.0,55.0,37.0,3703.0,1.0,1.0,FCT,3,2,0,0,2,262000.0,0.6666666666666666,2,2,2,1,1,42,14,18.0,114500.0,7,2,25000.0
379051,2,0,0,2,2,0,1,0,0,1,0,0,1.0,1.0,1.0,1.0,31.0,37.0,3703.0,1.0,1.0,FCT,7,0,1,0,1,10000.0,0.0,2,2,0,1,0,42,2,7.0,800.0,7,0,0.0
379052,1,1,1,1,1,1,1,1,1,1,1,1,1.0,1.0,1.0,1.0,38.0,37.0,3703.0,1.0,1.0,FCT,1,1,0,0,1,5000.0,1.0,1,1,1,1,1,42,12,12.0,97500.0,7,2,10000.0
379053,2,0,1,2,2,1,0,0,0,0,0,0,2.0,2.0,1.0,2.0,40.0,37.0,3703.0,1.0,1.0,FCT,3,1,1,0,2,9000.0,0.3333333333333333,2,0,0,0,0,42,7,9.0,105000.0,7,0,0.0
379054,7,7,7,7,7,1,5,3,3,1,1,1,20.0,20.0,1.0,1.0,51.0,37.0,3703.0,1.0,1.0,FCT,17,12,0,0,4,32000.0,0.7058823529411765,12,12,2,1,1,42,15,46.0,288200.0,7,1,25000.0
379055,5,4,5,5,5,1,5,5,3,1,1,1,15.0,15.0,1.0,1.0,47.0,37.0,3703.0,1.0,1.0,FCT,13,8,0,0,8,134000.0,0.6153846153846154,8,8,6,1,1,42,20,54.0,810000.0,7,2,45000.0
379057,2,0,0,2,2,0,1,0,0,1,0,0,1.0,1.0,1.0,1.0,35.0,37.0,3703.0,1.0,1.0,FCT,5,1,0,0,1,20000.0,0.2,3,3,0,1,0,42,3,6.0,3000.0,7,0,0.0
379058,2,2,0,2,2,1,2,2,0,1,1,0,6.0,6.0,1.0,1.0,40.0,37.0,3703.0,1.0,1.0,FCT,4,1,1,0,2,70000.0,0.25,2,2,2,1,1,42,7,11.0,330000.0,7,0,0.0
379059,3,3,3,3,3,1,2,2,1,1,1,1,9.0,9.0,1.0,1.0,64.0,37.0,3703.0,1.0,1.0,FCT,7,4,0,0,4,13800.0,0.5714285714285714,5,5,3,1,1,42,12,21.0,104700.0,7,1,100000.0
379061,5,0,1,5,5,1,1,0,0,1,0,0,7.0,7.0,1.0,1.0,46.0,37.0,3704.0,1.0,2.0,FCT,7,0,0,0,0,0.0,0.0,6,5,0,1,0,42,3,7.0,10000.0,7,0,0.0
379063,2,2,2,2,2,1,0,0,0,0,0,0,2.0,2.0,1.0,1.0,59.0,37.0,3704.0,1.0,2.0,FCT,2,2,0,0,2,19000.0,1.0,2,0,0,0,0,42,4,6.0,94000.0,7,1,5000.0
379064,4,4,3,4,4,1,4,4,2,1,1,1,10.0,10.0,1.0,1.0,55.0,37.0,3704.0,1.0,2.0,FCT,12,7,1,0,5,46500.0,0.5833333333333334,8,4,2,1,1,42,14,33.0,643300.0,7,1,30000.0
379065,7,0,0,7,7,0,1,1,0,1,1,0,8.0,8.0,1.0,1.0,71.0,37.0,3704.0,1.0,2.0,FCT,8,7,1,0,5,180000.0,0.875,8,3,0,1,0,42,6,17.0,91500.0,7,0,0.0
379066,3,0,0,3,3,0,0,0,0,0,0,0,3.0,3.0,2.0,2.0,54.0,37.0,3704.0,1.0,2.0,FCT,3,0,0,0,0,0.0,0.0,3,2,0,1,0,42,3,8.0,62000.0,7,0,0.0
379068,5,3,2,5,5,1,3,0,2,1,0,1,6.0,6.0,1.0,1.0,57.0,37.0,3704.0,1.0,2.0,FCT,6,2,1,1,3,45000.0,0.3333333333333333,6,4,3,1,1,42,8,16.0,201500.0,7,0,0.0
379069,4,2,4,4,4,1,4,4,2,1,1,1,7.0,7.0,2.0,1.0,35.0,37.0,3704.0,1.0,2.0,FCT,4,4,0,0,2,182000.0,1.0,4,4,3,1,1,42,16,29.0,442800.0,7,2,50000.0
379070,3,0,0,3,3,0,0,0,0,0,0,0,9.0,9.0,1.0,1.0,41.0,37.0,3704.0,1.0,2.0,FCT,11,1,0,0,0,0.0,0.09090909090909091,8,3,0,1,0,42,4,5.0,68800.0,7,0,0.0
379071,2,2,2,2,2,1,2,1,0,1,1,0,3.0,3.0,1.0,1.0,36.0,37.0,3704.0,1.0,2.0,FCT,3,3,0,0,1,35000.0,1.0,2,2,1,1,1,42,10,15.0,176000.0,7,1,12000.0
379072,5,4,5,5,5,1,4,4,3,1,1,1,9.0,9.0,1.0,1.0,27.0,37.0,3704.0,1.0,2.0,FCT,7,0,0,0,0,0.0,0.0,7,3,0,1,0,42,4,7.0,129500.0,7,0,0.0
379073,3,0,0,3,3,0,1,0,0,1,0,0,3.0,3.0,1.0,1.0,88.0,37.0,3705.0,1.0,2.0,FCT,3,2,0,0,2,38000.0,0.6666666666666666,3,3,0,1,0,42,3,7.0,5300.0,7,0,0.0
379075,5,3,0,5,5,1,3,3,0,1,1,0,8.0,8.0,1.0,1.0,36.0,37.0,3705.0,1.0,2.0,FCT,6,5,0,1,6,480000.0,0.8333333333333334,5,3,2,1,1,42,16,29.0,798500.0,7,0,0.0
379077,2,0,0,2,2,0,1,1,0,1,1,0,7.0,7.0,1.0,1.0,32.0,37.0,3705.0,1.0,2.0,FCT,7,1,1,0,2,32000.0,0.14285714285714285,5,1,0,1,0,42,3,5.0,63500.0,7,0,0.0
379078,6,2,6,6,6,1,1,3,0,1,1,0,6.0,6.0,1.0,1.0,55.0,37.0,3705.0,1.0,2.0,FCT,6,5,0,0,5,385000.0,0.8333333333333334,6,6,2,1,1,42,6,14.0,175300.0,7,0,0.0
379079,3,0,0,3,3,0,1,0,0,1,0,0,4.0,4.0,1.0,1.0,62.0,37.0,3705.0,1.0,2.0,FCT,7,2,0,0,2,70000.0,0.2857142857142857,4,2,0,1,0,42,3,6.0,5000.0,7,0,0.0
379080,3,2,2,3,3,1,1,1,0,1,1,0,9.0,9.0,1.0,1.0,39.0,37.0,3705.0,1.0,2.0,FCT,7,7,0,0,2,170000.0,1.0,7,7,2,1,1,42,15,30.0,280700.0,7,2,33000.0
379081,2,0,0,2,2,0,0,0,0,0,0,0,2.0,2.0,2.0,2.0,50.0,37.0,3705.0,1.0,2.0,FCT,2,0,0,0,0,0.0,0.0,2,2,0,1,0,42,0,0.0,0.0,7,0,0.0
379082,5,3,0,5,5,1,3,2,1,1,1,1,6.0,6.0,1.0,1.0,53.0,37.0,3705.0,1.0,2.0,FCT,6,6,0,0,6,87000.0,1.0,6,3,2,1,1,42,7,15.0,133000.0,7,0,0.0
379083,6,0,1,6,6,1,0,0,0,0,0,0,13.0,13.0,1.0,1.0,44.0,37.0,3705.0,1.0,2.0,FCT,11,10,0,0,10,100000.0,0.9090909090909091,10,4,0,1,0,42,8,23.0,509500.0,7,1,30000.0
379084,13,11,13,13,13,1,6,8,4,1,1,1,16.0,16.0,1.0,1.0,68.0,37.0,3705.0,1.0,2.0,FCT,20,19,1,0,7,231000.0,0.95,16,15,0,1,0,42,14,43.0,235800.0,7,2,32000.0
379085,2,0,0,2,2,0,0,0,0,0,0,0,4.0,4.0,1.0,1.0,44.0,37.0,3705.0,1.0,2.0,FCT,4,1,1,0,2,60000.0,0.25,4,1,0,1,0,42,5,7.0,67500.0,7,0,0.0
379086,10,0,0,10,10,0,1,0,0,1,0,0,18.0,18.0,1.0,1.0,42.0,37.0,3705.0,1.0,2.0,FCT,15,0,0,0,0,0.0,0.0,13,3,0,1,0,42,3,8.0,4500.0,7,0,0.0
379087,5,0,0,5,5,0,1,0,0,1,0,0,9.0,9.0,1.0,1.0,40.0,37.0,3705.0,1.0,2.0,FCT,10,0,0,0,0,0.0,0.0,8,6,0,1,0,42,2,4.0,2500.0,7,0,0.0
379089,3,2,2,3,3,1,3,2,1,1,1,1,5.0,5.0,1.0,1.0,39.0,37.0,3705.0,1.0,2.0,FCT,6,6,0,0,1,450000.0,1.0,5,5,1,1,1,42,6,8.0,411500.0,7,1,300000.0
379090,7,2,7,7,7,1,3,4,2,1,1,1,9.0,9.0,1.0,1.0,43.0,37.0,3705.0,1.0,2.0,FCT,9,9,0,0,5,265000.0,1.0,9,9,0,1,0,42,5,14.0,35000.0,7,1,10000.0
379091,2,1,2,2,2,1,1,1,0,1,1,0,2.0,2.0,1.0,1.0,23.0,37.0,3705.0,1.0,2.0,FCT,2,2,0,0,1,4500.0,1.0,2,2,2,1,1,42,5,7.0,91800.0,7,0,0.0
379092,3,2,3,3,3,1,1,1,1,1,1,1,8.0,8.0,1.0,1.0,34.0,37.0,3705.0,1.0,2.0,FCT,7,5,0,0,4,250000.0,0.7142857142857143,6,6,0,1,0,42,7,16.0,66000.0,7,2,75000.0
379093,3,0,1,3,3,1,0,0,0,0,0,0,4.0,4.0,1.0,1.0,31.0,37.0,3705.0,1.0,2.0,FCT,4,4,0,0,4,50000.0,1.0,4,1,0,1,0,42,5,11.0,258500.0,7,0,0.0
379096,5,0,0,5,5,0,1,0,0,1,0,0,8.0,8.0,1.0,1.0,52.0,37.0,3705.0,1.0,2.0,FCT,8,0,0,0,0,0.0,0.0,6,3,0,1,0,42,4,10.0,7550.0,7,0,0.0
379097,3,0,0,3,3,0,3,3,0,1,1,0,3.0,3.0,1.0,1.0,66.0,37.0,3706.0,1.0,1.0,FCT,3,0,0,0,0,0.0,0.0,3,3,3,1,1,42,10,14.0,221000.0,7,0,0.0
379098,3,3,2,3,3,1,3,3,0,1,1,0,4.0,4.0,1.0,1.0,64.0,37.0,3706.0,1.0,1.0,FCT,4,1,0,0,1,10000.0,0.25,3,3,3,1,1,42,12,29.0,2069500.0,7,0,0.0
379099,4,4,0,4,4,1,4,4,3,1,1,1,7.0,7.0,1.0,1.0,48.0,37.0,3706.0,1.0,1.0,FCT,7,3,0,0,3,300000.0,0.42857142857142855,6,3,3,1,1,42,15,31.0,2772000.0,7,0,0.0
379100,2,0,0,2,2,0,2,0,0,1,0,0,2.0,2.0,1801.0,1.0,33.0,37.0,3706.0,1.0,1.0,FCT,2,0,1,0,1,90000.0,0.0,2,2,2,1,1,42,7,8.0,106000.0,7,0,0.0
379101,2,2,2,2,2,1,2,2,2,1,1,1,2.0,2.0,1.0,1.0,29.0,37.0,3706.0,1.0,1.0,FCT,2,2,0,0,2,205000.0,1.0,2,2,2,1,1,42,15,21.0,545000.0,7,1,35000.0
379103,4,0,0,4,4,0,4,0,1,1,0,1,4.0,4.0,1.0,1.0,69.0,37.0,3706.0,1.0,1.0,FCT,5,0,0,0,0,0.0,0.0,4,4,4,1,1,42,15,21.0,350000.0,7,1,500000.0
379104,3,2,2,3,3,1,3,3,2,1,1,1,4.0,4.0,1.0,1.0,49.0,37.0,3706.0,1.0,1.0,FCT,4,2,0,0,2,225000.0,0.5,4,4,4,1,1,42,19,39.0,1610000.0,7,2,130000.0
379105,2,0,0,2,2,0,2,1,0,1,1,0,2.0,2.0,1.0,2.0,55.0,37.0,3706.0,1.0,1.0,FCT,2,1,0,0,1,120000.0,0.5,2,2,2,1,1,42,11,15.0,209000.0,7,0,0.0
379106,1,1,1,1,1,1,0,1,1,0,1,1,1.0,1.0,1.0,1.0,103.0,37.0,3706.0,1.0,1.0,FCT,1,0,0,0,0,0.0,0.0,1,1,1,1,1,42,13,20.0,254000.0,7,2,125000.0
379109,4,1,0,4,4,1,4,4,2,1,1,1,5.0,5.0,1.0,1.0,64.0,37.0,3706.0,1.0,1.0,FCT,6,0,1,0,1,25000.0,0.0,5,4,3,1,1,42,18,32.0,2822000.0,7,1,360000.0
379111,4,4,0,4,4,1,4,4,0,1,1,0,3.0,3.0,2.0,1.0,59.0,37.0,3706.0,1.0,1.0,FCT,4,0,2,0,2,500000.0,0.0,4,4,4,1,1,42,13,30.0,3238000.0,7,3,2600000.0
379112,6,2,3,6,6,1,6,6,4,1,1,1,5.0,5.0,1.0,1.0,52.0,37.0,3706.0,1.0,1.0,FCT,6,2,0,0,2,110000.0,0.3333333333333333,6,5,5,1,1,42,21,50.0,2981500.0,7,1,105000.0
379114,5,2,1,5,5,1,4,3,1,1,1,1,4.0,4.0,1.0,2.0,60.0,37.0,3706.0,1.0,1.0,FCT,5,0,0,0,0,0.0,0.0,5,5,5,1,1,42,19,27.0,3220000.0,7,1,20000.0
379115,5,0,1,5,5,1,5,4,4,1,1,1,5.0,5.0,1.0,1.0,67.0,37.0,3706.0,1.0,1.0,FCT,5,4,0,0,3,193000.0,0.8,5,5,5,1,1,42,25,76.0,1297500.0,7,1,75000.0
379117,4,3,3,4,4,1,3,0,1,1,0,1,3.0,3.0,4.0,1.0,44.0,37.0,3706.0,1.0,1.0,FCT,4,1,1,0,2,25000.0,0.25,4,4,4,1,1,42,11,16.0,190000.0,7,0,0.0
379119,1,1,1,1,1,1,1,1,1,1,1,1,1.0,1.0,1.0,2.0,61.0,37.0,3706.0,1.0,1.0,FCT,1,1,0,0,1,5000.0,1.0,1,1,1,1,1,42,21,35.0,3011000.0,7,3,18420000.0
379120,3,3,0,3,3,1,3,3,1,1,1,1,2.0,2.0,1.0,2.0,32.0,37.0,3706.0,1.0,1.0,FCT,3,2,0,1,3,270000.0,0.6666666666666666,3,3,3,1,1,42,15,27.0,1940100.0,7,0,0.0
379121,2,0,0,2,2,0,2,2,0,1,1,0,5.0,5.0,2101.0,1.0,31.0,25.0,2512.0,1.0,1.0,Nasarawa,3,2,0,0,2,0.0,0.6666666666666666,2,2,2,1,1,42,4,4.0,65500.0,7,0,0.0
379123,3,3,3,3,3,1,3,3,3,1,1,1,3.0,3.0,1.0,2.0,45.0,37.0,3702.0,1.0,1.0,FCT,3,3,0,0,3,94500.0,1.0,3,3,3,1,1,42,15,20.0,356500.0,7,2,80000.0
379124,1,1,1,1,1,1,1,1,1,1,1,1,1.0,1.0,1.0,2.0,35.0,37.0,3702.0,1.0,1.0,FCT,1,1,0,0,1,80000.0,1.0,1,1,1,1,1,42,9,9.0,481000.0,7,0,0.0
379127,5,1,0,5,5,1,1,1,1,1,1,1,8.0,8.0,1.0,1.0,39.0,37.0,3703.0,1.0,1.0,FCT,6,2,0,0,2,12500.0,0.3333333333333333,5,3,2,1,1,42,9,12.0,228500.0,7,0,0.0
379138,3,2,2,3,3,1,2,2,2,1,1,1,5.0,5.0,1.0,1.0,50.0,37.0,3706.0,1.0,1.0,FCT,5,2,0,0,2,165000.0,0.4,5,5,5,1,1,42,13,16.0,449500.0,7,1,40000.0
379139,2,2,2,2,2,1,2,2,2,1,1,1,2.0,2.0,1.0,1.0,38.0,37.0,3702.0,1.0,1.0,FCT,2,2,0,0,2,85000.0,1.0,2,2,2,1,1,42,16,25.0,1629000.0,7,1,80000.0
379141,2,0,0,2,2,0,2,1,0,1,1,0,4.0,4.0,1.0,1.0,42.0,37.0,3702.0,1.0,1.0,FCT,2,1,0,0,1,3000.0,0.5,2,2,0,1,0,42,5,7.0,21500.0,7,0,0.0
379143,6,6,6,6,6,1,6,6,6,1,1,1,8.0,8.0,1.0,1.0,36.0,37.0,3702.0,1.0,1.0,FCT,6,2,0,0,2,87500.0,0.3333333333333333,6,6,5,1,1,42,17,25.0,714500.0,7,2,65000.0
379144,2,1,2,2,2,1,2,2,1,1,1,1,3.0,3.0,1.0,1.0,34.0,37.0,3702.0,1.0,1.0,FCT,3,1,0,0,1,150000.0,0.3333333333333333,2,2,2,1,1,42,20,27.0,2720000.0,7,1,10000.0
379146,3,3,3,3,3,1,3,3,3,1,1,1,2.0,2.0,3.0,1.0,36.0,37.0,3702.0,1.0,1.0,FCT,3,3,0,0,3,105000.0,1.0,3,3,3,1,1,42,25,57.0,1658800.0,7,3,1300000.0
379151,2,2,0,2,2,1,2,2,2,1,1,1,4.0,4.0,1.0,1.0,56.0,37.0,3702.0,1.0,1.0,FCT,4,1,0,0,1,150000.0,0.25,4,4,4,1,1,42,17,33.0,2440000.0,7,0,0.0
379152,1,1,1,1,1,1,1,1,1,1,1,1,1.0,1.0,1.0,1.0,103.0,37.0,3702.0,1.0,1.0,FCT,1,1,0,0,1,60000.0,1.0,1,1,1,1,1,42,14,19.0,2706500.0,7,4,1225000.0
379154,2,2,2,2,2,1,2,2,2,1,1,1,3.0,3.0,1.0,1.0,57.0,37.0,3702.0,1.0,1.0,FCT,2,2,0,0,2,170000.0,1.0,2,2,2,1,1,42,20,33.0,1690000.0,7,3,650000.0
379155,3,1,0,3,3,1,3,1,1,1,1,1,5.0,5.0,1.0,1.0,49.0,37.0,3702.0,1.0,1.0,FCT,5,0,1,1,2,20000.0,0.0,3,3,0,1,0,42,8,13.0,44000.0,7,0,0.0
